
main.elf:     file format elf32-littlearm


Disassembly of section .text:

00000000 <_stext>:
       0:	20002000 	andcs	r2, r0, r0
       4:	000001d1 	ldrdeq	r0, [r0], -r1
       8:	000001d5 	ldrdeq	r0, [r0], -r5
       c:	000001d5 	ldrdeq	r0, [r0], -r5
      10:	000001d5 	ldrdeq	r0, [r0], -r5
      14:	000001d5 	ldrdeq	r0, [r0], -r5
      18:	000001d5 	ldrdeq	r0, [r0], -r5
      1c:	000001d5 	ldrdeq	r0, [r0], -r5
      20:	000001d5 	ldrdeq	r0, [r0], -r5
      24:	000001d5 	ldrdeq	r0, [r0], -r5
      28:	000001d5 	ldrdeq	r0, [r0], -r5
      2c:	000001d5 	ldrdeq	r0, [r0], -r5
      30:	000001d5 	ldrdeq	r0, [r0], -r5
      34:	000001d5 	ldrdeq	r0, [r0], -r5
      38:	000001d5 	ldrdeq	r0, [r0], -r5
      3c:	00002407 	andeq	r2, r0, r7, lsl #8
	...

000001d0 <reset_handler>:

    .section .text
    .align 1
    .type reset_handler, %function
reset_handler:
    b start
     1d0:	e016      	b.n	200 <start>
    b .
     1d2:	e7fe      	b.n	1d2 <reset_handler+0x2>

000001d4 <default>:

    .section .text
    .align 1
    .type default, %function
default:
     b .
     1d4:	e7fe      	b.n	1d4 <default>
	...

000001d8 <vTask1>:
#include "FreeRTOS.h"
#include "task.h"

static void vTask1(void *pvParameters) {
     1d8:	b480      	push	{r7}
     1da:	b085      	sub	sp, #20
     1dc:	af00      	add	r7, sp, #0
     1de:	6078      	str	r0, [r7, #4]
    volatile int a = 0;
     1e0:	2300      	movs	r3, #0
     1e2:	60fb      	str	r3, [r7, #12]
    while(1){
        a++;
     1e4:	68fb      	ldr	r3, [r7, #12]
     1e6:	3301      	adds	r3, #1
     1e8:	60fb      	str	r3, [r7, #12]
     1ea:	e7fb      	b.n	1e4 <vTask1+0xc>

000001ec <vTask2>:
    };
}
static void vTask2(void *pvParameters) {
     1ec:	b480      	push	{r7}
     1ee:	b085      	sub	sp, #20
     1f0:	af00      	add	r7, sp, #0
     1f2:	6078      	str	r0, [r7, #4]
    volatile int b = 0;
     1f4:	2300      	movs	r3, #0
     1f6:	60fb      	str	r3, [r7, #12]
    while(1){
        b++;
     1f8:	68fb      	ldr	r3, [r7, #12]
     1fa:	3301      	adds	r3, #1
     1fc:	60fb      	str	r3, [r7, #12]
     1fe:	e7fb      	b.n	1f8 <vTask2+0xc>

00000200 <start>:
extern uint32_t _sidata;  // start of .data's initial values in FLASH (load address / source)
extern uint32_t _sbss;    // start of .bss section in RAM
extern uint32_t _ebss;    // end of .bss section in RAM

void start()
{
     200:	b580      	push	{r7, lr}
     202:	b086      	sub	sp, #24
     204:	af02      	add	r7, sp, #8
    BaseType_t xReturn;

    uint32_t *src =&_sidata; //source (flash)
     206:	4b1d      	ldr	r3, [pc, #116]	; (27c <start+0x7c>)
     208:	60fb      	str	r3, [r7, #12]
    uint32_t *dst =&_sdata; //desatination flash (RAM)
     20a:	4b1d      	ldr	r3, [pc, #116]	; (280 <start+0x80>)
     20c:	60bb      	str	r3, [r7, #8]

    while(dst < &_edata){
     20e:	e007      	b.n	220 <start+0x20>
        *dst++ = *src++; //copy word and incremtn ptr
     210:	68fa      	ldr	r2, [r7, #12]
     212:	1d13      	adds	r3, r2, #4
     214:	60fb      	str	r3, [r7, #12]
     216:	68bb      	ldr	r3, [r7, #8]
     218:	1d19      	adds	r1, r3, #4
     21a:	60b9      	str	r1, [r7, #8]
     21c:	6812      	ldr	r2, [r2, #0]
     21e:	601a      	str	r2, [r3, #0]
    while(dst < &_edata){
     220:	68bb      	ldr	r3, [r7, #8]
     222:	4a18      	ldr	r2, [pc, #96]	; (284 <start+0x84>)
     224:	4293      	cmp	r3, r2
     226:	d3f3      	bcc.n	210 <start+0x10>
    }

    //intialize .bss section (zero out)
    dst= &_sbss;
     228:	4b17      	ldr	r3, [pc, #92]	; (288 <start+0x88>)
     22a:	60bb      	str	r3, [r7, #8]
    while(dst < &_ebss){
     22c:	e004      	b.n	238 <start+0x38>
        *dst++ = 0;// zero word and increment ptr
     22e:	68bb      	ldr	r3, [r7, #8]
     230:	1d1a      	adds	r2, r3, #4
     232:	60ba      	str	r2, [r7, #8]
     234:	2200      	movs	r2, #0
     236:	601a      	str	r2, [r3, #0]
    while(dst < &_ebss){
     238:	68bb      	ldr	r3, [r7, #8]
     23a:	4a14      	ldr	r2, [pc, #80]	; (28c <start+0x8c>)
     23c:	4293      	cmp	r3, r2
     23e:	d3f6      	bcc.n	22e <start+0x2e>
    }



    xReturn = xTaskCreate(vTask1, "T1", configMINIMAL_STACK_SIZE, NULL, 1, NULL);
     240:	2300      	movs	r3, #0
     242:	9301      	str	r3, [sp, #4]
     244:	2301      	movs	r3, #1
     246:	9300      	str	r3, [sp, #0]
     248:	2300      	movs	r3, #0
     24a:	f44f 7280 	mov.w	r2, #256	; 0x100
     24e:	4910      	ldr	r1, [pc, #64]	; (290 <start+0x90>)
     250:	4810      	ldr	r0, [pc, #64]	; (294 <start+0x94>)
     252:	f000 f881 	bl	358 <xTaskCreate>
     256:	6078      	str	r0, [r7, #4]
    xReturn = xTaskCreate(vTask2, "T2", configMINIMAL_STACK_SIZE, NULL, 1, NULL);
     258:	2300      	movs	r3, #0
     25a:	9301      	str	r3, [sp, #4]
     25c:	2301      	movs	r3, #1
     25e:	9300      	str	r3, [sp, #0]
     260:	2300      	movs	r3, #0
     262:	f44f 7280 	mov.w	r2, #256	; 0x100
     266:	490c      	ldr	r1, [pc, #48]	; (298 <start+0x98>)
     268:	480c      	ldr	r0, [pc, #48]	; (29c <start+0x9c>)
     26a:	f000 f875 	bl	358 <xTaskCreate>
     26e:	6078      	str	r0, [r7, #4]

    vTaskStartScheduler();
     270:	f000 f9e6 	bl	640 <vTaskStartScheduler>
    return;
     274:	bf00      	nop
     276:	3710      	adds	r7, #16
     278:	46bd      	mov	sp, r7
     27a:	bd80      	pop	{r7, pc}
     27c:	00002494 	muleq	r0, r4, r4
     280:	20000000 	andcs	r0, r0, r0
     284:	20000008 	andcs	r0, r0, r8
     288:	20000008 	andcs	r0, r0, r8
     28c:	200011c4 	andcs	r1, r0, r4, asr #3
     290:	00002480 	andeq	r2, r0, r0, lsl #9
     294:	000001d9 	ldrdeq	r0, [r0], -r9
     298:	00002484 	andeq	r2, r0, r4, lsl #9
     29c:	000001ed 	andeq	r0, r0, sp, ror #3

000002a0 <memset>:
void* memset(void *dst, int value, unsigned int size)
{
     2a0:	b480      	push	{r7}
     2a2:	b087      	sub	sp, #28
     2a4:	af00      	add	r7, sp, #0
     2a6:	60f8      	str	r0, [r7, #12]
     2a8:	60b9      	str	r1, [r7, #8]
     2aa:	607a      	str	r2, [r7, #4]
    unsigned char *ptr = (unsigned char *)dst;
     2ac:	68fb      	ldr	r3, [r7, #12]
     2ae:	617b      	str	r3, [r7, #20]
    unsigned char val = (unsigned char)value;
     2b0:	68bb      	ldr	r3, [r7, #8]
     2b2:	74fb      	strb	r3, [r7, #19]

    while (size >0)
     2b4:	e00a      	b.n	2cc <memset+0x2c>
    {
        *ptr++ = val;
     2b6:	697b      	ldr	r3, [r7, #20]
     2b8:	1c5a      	adds	r2, r3, #1
     2ba:	617a      	str	r2, [r7, #20]
     2bc:	7cfa      	ldrb	r2, [r7, #19]
     2be:	701a      	strb	r2, [r3, #0]
        ptr++;
     2c0:	697b      	ldr	r3, [r7, #20]
     2c2:	3301      	adds	r3, #1
     2c4:	617b      	str	r3, [r7, #20]
        size--;
     2c6:	687b      	ldr	r3, [r7, #4]
     2c8:	3b01      	subs	r3, #1
     2ca:	607b      	str	r3, [r7, #4]
    while (size >0)
     2cc:	687b      	ldr	r3, [r7, #4]
     2ce:	2b00      	cmp	r3, #0
     2d0:	d1f1      	bne.n	2b6 <memset+0x16>
    }

    return dst;
     2d2:	68fb      	ldr	r3, [r7, #12]
     2d4:	4618      	mov	r0, r3
     2d6:	371c      	adds	r7, #28
     2d8:	46bd      	mov	sp, r7
     2da:	bc80      	pop	{r7}
     2dc:	4770      	bx	lr
	...

000002e0 <prvCreateTask>:
                                  const char * const pcName,
                                  const configSTACK_DEPTH_TYPE uxStackDepth,
                                  void * const pvParameters,
                                  UBaseType_t uxPriority,
                                  TaskHandle_t * const pxCreatedTask )
    {
     2e0:	b580      	push	{r7, lr}
     2e2:	b08a      	sub	sp, #40	; 0x28
     2e4:	af04      	add	r7, sp, #16
     2e6:	60f8      	str	r0, [r7, #12]
     2e8:	60b9      	str	r1, [r7, #8]
     2ea:	607a      	str	r2, [r7, #4]
     2ec:	603b      	str	r3, [r7, #0]

            /* Allocate space for the stack used by the task being created. */
            /* MISRA Ref 11.5.1 [Malloc memory assignment] */
            /* More details at: https://github.com/FreeRTOS/FreeRTOS-Kernel/blob/main/MISRA.md#rule-115 */
            /* coverity[misra_c_2012_rule_11_5_violation] */
            pxStack = ( StackType_t * ) pvPortMallocStack( ( ( ( size_t ) uxStackDepth ) * sizeof( StackType_t ) ) );
     2ee:	687b      	ldr	r3, [r7, #4]
     2f0:	009b      	lsls	r3, r3, #2
     2f2:	4618      	mov	r0, r3
     2f4:	f001 fd1c 	bl	1d30 <pvPortMalloc>
     2f8:	6138      	str	r0, [r7, #16]

            if( pxStack != NULL )
     2fa:	693b      	ldr	r3, [r7, #16]
     2fc:	2b00      	cmp	r3, #0
     2fe:	d013      	beq.n	328 <prvCreateTask+0x48>
            {
                /* Allocate space for the TCB. */
                /* MISRA Ref 11.5.1 [Malloc memory assignment] */
                /* More details at: https://github.com/FreeRTOS/FreeRTOS-Kernel/blob/main/MISRA.md#rule-115 */
                /* coverity[misra_c_2012_rule_11_5_violation] */
                pxNewTCB = ( TCB_t * ) pvPortMalloc( sizeof( TCB_t ) );
     300:	204c      	movs	r0, #76	; 0x4c
     302:	f001 fd15 	bl	1d30 <pvPortMalloc>
     306:	6178      	str	r0, [r7, #20]

                if( pxNewTCB != NULL )
     308:	697b      	ldr	r3, [r7, #20]
     30a:	2b00      	cmp	r3, #0
     30c:	d008      	beq.n	320 <prvCreateTask+0x40>
                {
                    ( void ) memset( ( void * ) pxNewTCB, 0x00, sizeof( TCB_t ) );
     30e:	224c      	movs	r2, #76	; 0x4c
     310:	2100      	movs	r1, #0
     312:	6978      	ldr	r0, [r7, #20]
     314:	f7ff ffc4 	bl	2a0 <memset>

                    /* Store the stack location in the TCB. */
                    pxNewTCB->pxStack = pxStack;
     318:	697b      	ldr	r3, [r7, #20]
     31a:	693a      	ldr	r2, [r7, #16]
     31c:	631a      	str	r2, [r3, #48]	; 0x30
     31e:	e005      	b.n	32c <prvCreateTask+0x4c>
                }
                else
                {
                    /* The stack cannot be used as the TCB was not created.  Free
                     * it again. */
                    vPortFreeStack( pxStack );
     320:	6938      	ldr	r0, [r7, #16]
     322:	f001 fdb7 	bl	1e94 <vPortFree>
     326:	e001      	b.n	32c <prvCreateTask+0x4c>
                }
            }
            else
            {
                pxNewTCB = NULL;
     328:	2300      	movs	r3, #0
     32a:	617b      	str	r3, [r7, #20]
            }
        }
        #endif /* portSTACK_GROWTH */

        if( pxNewTCB != NULL )
     32c:	697b      	ldr	r3, [r7, #20]
     32e:	2b00      	cmp	r3, #0
     330:	d00d      	beq.n	34e <prvCreateTask+0x6e>
                 * task was created dynamically in case it is later deleted. */
                pxNewTCB->ucStaticallyAllocated = tskDYNAMICALLY_ALLOCATED_STACK_AND_TCB;
            }
            #endif /* tskSTATIC_AND_DYNAMIC_ALLOCATION_POSSIBLE */

            prvInitialiseNewTask( pxTaskCode, pcName, uxStackDepth, pvParameters, uxPriority, pxCreatedTask, pxNewTCB, NULL );
     332:	2300      	movs	r3, #0
     334:	9303      	str	r3, [sp, #12]
     336:	697b      	ldr	r3, [r7, #20]
     338:	9302      	str	r3, [sp, #8]
     33a:	6a7b      	ldr	r3, [r7, #36]	; 0x24
     33c:	9301      	str	r3, [sp, #4]
     33e:	6a3b      	ldr	r3, [r7, #32]
     340:	9300      	str	r3, [sp, #0]
     342:	683b      	ldr	r3, [r7, #0]
     344:	687a      	ldr	r2, [r7, #4]
     346:	68b9      	ldr	r1, [r7, #8]
     348:	68f8      	ldr	r0, [r7, #12]
     34a:	f000 f828 	bl	39e <prvInitialiseNewTask>
        }

        return pxNewTCB;
     34e:	697b      	ldr	r3, [r7, #20]
    }
     350:	4618      	mov	r0, r3
     352:	3718      	adds	r7, #24
     354:	46bd      	mov	sp, r7
     356:	bd80      	pop	{r7, pc}

00000358 <xTaskCreate>:
                            const char * const pcName,
                            const configSTACK_DEPTH_TYPE uxStackDepth,
                            void * const pvParameters,
                            UBaseType_t uxPriority,
                            TaskHandle_t * const pxCreatedTask )
    {
     358:	b580      	push	{r7, lr}
     35a:	b088      	sub	sp, #32
     35c:	af02      	add	r7, sp, #8
     35e:	60f8      	str	r0, [r7, #12]
     360:	60b9      	str	r1, [r7, #8]
     362:	607a      	str	r2, [r7, #4]
     364:	603b      	str	r3, [r7, #0]
        TCB_t * pxNewTCB;
        BaseType_t xReturn;

        traceENTER_xTaskCreate( pxTaskCode, pcName, uxStackDepth, pvParameters, uxPriority, pxCreatedTask );

        pxNewTCB = prvCreateTask( pxTaskCode, pcName, uxStackDepth, pvParameters, uxPriority, pxCreatedTask );
     366:	6a7b      	ldr	r3, [r7, #36]	; 0x24
     368:	9301      	str	r3, [sp, #4]
     36a:	6a3b      	ldr	r3, [r7, #32]
     36c:	9300      	str	r3, [sp, #0]
     36e:	683b      	ldr	r3, [r7, #0]
     370:	687a      	ldr	r2, [r7, #4]
     372:	68b9      	ldr	r1, [r7, #8]
     374:	68f8      	ldr	r0, [r7, #12]
     376:	f7ff ffb3 	bl	2e0 <prvCreateTask>
     37a:	6138      	str	r0, [r7, #16]

        if( pxNewTCB != NULL )
     37c:	693b      	ldr	r3, [r7, #16]
     37e:	2b00      	cmp	r3, #0
     380:	d005      	beq.n	38e <xTaskCreate+0x36>
                /* Set the task's affinity before scheduling it. */
                pxNewTCB->uxCoreAffinityMask = configTASK_DEFAULT_CORE_AFFINITY;
            }
            #endif

            prvAddNewTaskToReadyList( pxNewTCB );
     382:	6938      	ldr	r0, [r7, #16]
     384:	f000 f870 	bl	468 <prvAddNewTaskToReadyList>
            xReturn = pdPASS;
     388:	2301      	movs	r3, #1
     38a:	617b      	str	r3, [r7, #20]
     38c:	e002      	b.n	394 <xTaskCreate+0x3c>
        }
        else
        {
            xReturn = errCOULD_NOT_ALLOCATE_REQUIRED_MEMORY;
     38e:	f04f 33ff 	mov.w	r3, #4294967295	; 0xffffffff
     392:	617b      	str	r3, [r7, #20]
        }

        traceRETURN_xTaskCreate( xReturn );

        return xReturn;
     394:	697b      	ldr	r3, [r7, #20]
    }
     396:	4618      	mov	r0, r3
     398:	3718      	adds	r7, #24
     39a:	46bd      	mov	sp, r7
     39c:	bd80      	pop	{r7, pc}

0000039e <prvInitialiseNewTask>:
                                  void * const pvParameters,
                                  UBaseType_t uxPriority,
                                  TaskHandle_t * const pxCreatedTask,
                                  TCB_t * pxNewTCB,
                                  const MemoryRegion_t * const xRegions )
{
     39e:	b580      	push	{r7, lr}
     3a0:	b086      	sub	sp, #24
     3a2:	af00      	add	r7, sp, #0
     3a4:	60f8      	str	r0, [r7, #12]
     3a6:	60b9      	str	r1, [r7, #8]
     3a8:	607a      	str	r2, [r7, #4]
     3aa:	603b      	str	r3, [r7, #0]
     * grows from high memory to low (as per the 80x86) or vice versa.
     * portSTACK_GROWTH is used to make the result positive or negative as required
     * by the port. */
    #if ( portSTACK_GROWTH < 0 )
    {
        pxTopOfStack = &( pxNewTCB->pxStack[ uxStackDepth - ( configSTACK_DEPTH_TYPE ) 1 ] );
     3ac:	6abb      	ldr	r3, [r7, #40]	; 0x28
     3ae:	6b1a      	ldr	r2, [r3, #48]	; 0x30
     3b0:	687b      	ldr	r3, [r7, #4]
     3b2:	f103 4380 	add.w	r3, r3, #1073741824	; 0x40000000
     3b6:	3b01      	subs	r3, #1
     3b8:	009b      	lsls	r3, r3, #2
     3ba:	4413      	add	r3, r2
     3bc:	613b      	str	r3, [r7, #16]
        pxTopOfStack = ( StackType_t * ) ( ( ( portPOINTER_SIZE_TYPE ) pxTopOfStack ) & ( ~( ( portPOINTER_SIZE_TYPE ) portBYTE_ALIGNMENT_MASK ) ) );
     3be:	693b      	ldr	r3, [r7, #16]
     3c0:	f023 0307 	bic.w	r3, r3, #7
     3c4:	613b      	str	r3, [r7, #16]
        pxNewTCB->pxEndOfStack = pxNewTCB->pxStack + ( uxStackDepth - ( configSTACK_DEPTH_TYPE ) 1 );
    }
    #endif /* portSTACK_GROWTH */

    /* Store the task name in the TCB. */
    if( pcName != NULL )
     3c6:	68bb      	ldr	r3, [r7, #8]
     3c8:	2b00      	cmp	r3, #0
     3ca:	d01e      	beq.n	40a <prvInitialiseNewTask+0x6c>
    {
        for( x = ( UBaseType_t ) 0; x < ( UBaseType_t ) configMAX_TASK_NAME_LEN; x++ )
     3cc:	2300      	movs	r3, #0
     3ce:	617b      	str	r3, [r7, #20]
     3d0:	e012      	b.n	3f8 <prvInitialiseNewTask+0x5a>
        {
            pxNewTCB->pcTaskName[ x ] = pcName[ x ];
     3d2:	68ba      	ldr	r2, [r7, #8]
     3d4:	697b      	ldr	r3, [r7, #20]
     3d6:	4413      	add	r3, r2
     3d8:	7819      	ldrb	r1, [r3, #0]
     3da:	6aba      	ldr	r2, [r7, #40]	; 0x28
     3dc:	697b      	ldr	r3, [r7, #20]
     3de:	4413      	add	r3, r2
     3e0:	3334      	adds	r3, #52	; 0x34
     3e2:	460a      	mov	r2, r1
     3e4:	701a      	strb	r2, [r3, #0]

            /* Don't copy all configMAX_TASK_NAME_LEN if the string is shorter than
             * configMAX_TASK_NAME_LEN characters just in case the memory after the
             * string is not accessible (extremely unlikely). */
            if( pcName[ x ] == ( char ) 0x00 )
     3e6:	68ba      	ldr	r2, [r7, #8]
     3e8:	697b      	ldr	r3, [r7, #20]
     3ea:	4413      	add	r3, r2
     3ec:	781b      	ldrb	r3, [r3, #0]
     3ee:	2b00      	cmp	r3, #0
     3f0:	d006      	beq.n	400 <prvInitialiseNewTask+0x62>
        for( x = ( UBaseType_t ) 0; x < ( UBaseType_t ) configMAX_TASK_NAME_LEN; x++ )
     3f2:	697b      	ldr	r3, [r7, #20]
     3f4:	3301      	adds	r3, #1
     3f6:	617b      	str	r3, [r7, #20]
     3f8:	697b      	ldr	r3, [r7, #20]
     3fa:	2b0f      	cmp	r3, #15
     3fc:	d9e9      	bls.n	3d2 <prvInitialiseNewTask+0x34>
     3fe:	e000      	b.n	402 <prvInitialiseNewTask+0x64>
            {
                break;
     400:	bf00      	nop
            }
        }

        /* Ensure the name string is terminated in the case that the string length
         * was greater or equal to configMAX_TASK_NAME_LEN. */
        pxNewTCB->pcTaskName[ configMAX_TASK_NAME_LEN - 1U ] = '\0';
     402:	6abb      	ldr	r3, [r7, #40]	; 0x28
     404:	2200      	movs	r2, #0
     406:	f883 2043 	strb.w	r2, [r3, #67]	; 0x43
    }

    /* This is used as an array index so must ensure it's not too large. */
    configASSERT( uxPriority < configMAX_PRIORITIES );

    if( uxPriority >= ( UBaseType_t ) configMAX_PRIORITIES )
     40a:	6a3b      	ldr	r3, [r7, #32]
     40c:	2b0e      	cmp	r3, #14
     40e:	d901      	bls.n	414 <prvInitialiseNewTask+0x76>
    {
        uxPriority = ( UBaseType_t ) configMAX_PRIORITIES - ( UBaseType_t ) 1U;
     410:	230e      	movs	r3, #14
     412:	623b      	str	r3, [r7, #32]
    else
    {
        mtCOVERAGE_TEST_MARKER();
    }

    pxNewTCB->uxPriority = uxPriority;
     414:	6abb      	ldr	r3, [r7, #40]	; 0x28
     416:	6a3a      	ldr	r2, [r7, #32]
     418:	62da      	str	r2, [r3, #44]	; 0x2c
    {
        pxNewTCB->uxBasePriority = uxPriority;
    }
    #endif /* configUSE_MUTEXES */

    vListInitialiseItem( &( pxNewTCB->xStateListItem ) );
     41a:	6abb      	ldr	r3, [r7, #40]	; 0x28
     41c:	3304      	adds	r3, #4
     41e:	4618      	mov	r0, r3
     420:	f001 fbf5 	bl	1c0e <vListInitialiseItem>
    vListInitialiseItem( &( pxNewTCB->xEventListItem ) );
     424:	6abb      	ldr	r3, [r7, #40]	; 0x28
     426:	3318      	adds	r3, #24
     428:	4618      	mov	r0, r3
     42a:	f001 fbf0 	bl	1c0e <vListInitialiseItem>

    /* Set the pxNewTCB as a link back from the ListItem_t.  This is so we can get
     * back to  the containing TCB from a generic item in a list. */
    listSET_LIST_ITEM_OWNER( &( pxNewTCB->xStateListItem ), pxNewTCB );
     42e:	6abb      	ldr	r3, [r7, #40]	; 0x28
     430:	6aba      	ldr	r2, [r7, #40]	; 0x28
     432:	611a      	str	r2, [r3, #16]

    /* Event lists are always in priority order. */
    listSET_LIST_ITEM_VALUE( &( pxNewTCB->xEventListItem ), ( TickType_t ) configMAX_PRIORITIES - ( TickType_t ) uxPriority );
     434:	6a3b      	ldr	r3, [r7, #32]
     436:	f1c3 020f 	rsb	r2, r3, #15
     43a:	6abb      	ldr	r3, [r7, #40]	; 0x28
     43c:	619a      	str	r2, [r3, #24]
    listSET_LIST_ITEM_OWNER( &( pxNewTCB->xEventListItem ), pxNewTCB );
     43e:	6abb      	ldr	r3, [r7, #40]	; 0x28
     440:	6aba      	ldr	r2, [r7, #40]	; 0x28
     442:	625a      	str	r2, [r3, #36]	; 0x24
            }
            #endif /* portSTACK_GROWTH */
        }
        #else /* portHAS_STACK_OVERFLOW_CHECKING */
        {
            pxNewTCB->pxTopOfStack = pxPortInitialiseStack( pxTopOfStack, pxTaskCode, pvParameters );
     444:	683a      	ldr	r2, [r7, #0]
     446:	68f9      	ldr	r1, [r7, #12]
     448:	6938      	ldr	r0, [r7, #16]
     44a:	f001 fee9 	bl	2220 <pxPortInitialiseStack>
     44e:	4602      	mov	r2, r0
     450:	6abb      	ldr	r3, [r7, #40]	; 0x28
     452:	601a      	str	r2, [r3, #0]
            pxNewTCB->uxTaskAttributes |= taskATTRIBUTE_IS_IDLE;
        }
    }
    #endif /* #if ( configNUMBER_OF_CORES > 1 ) */

    if( pxCreatedTask != NULL )
     454:	6a7b      	ldr	r3, [r7, #36]	; 0x24
     456:	2b00      	cmp	r3, #0
     458:	d002      	beq.n	460 <prvInitialiseNewTask+0xc2>
    {
        /* Pass the handle out in an anonymous way.  The handle can be used to
         * change the created task's priority, delete the created task, etc.*/
        *pxCreatedTask = ( TaskHandle_t ) pxNewTCB;
     45a:	6a7b      	ldr	r3, [r7, #36]	; 0x24
     45c:	6aba      	ldr	r2, [r7, #40]	; 0x28
     45e:	601a      	str	r2, [r3, #0]
    }
    else
    {
        mtCOVERAGE_TEST_MARKER();
    }
}
     460:	bf00      	nop
     462:	3718      	adds	r7, #24
     464:	46bd      	mov	sp, r7
     466:	bd80      	pop	{r7, pc}

00000468 <prvAddNewTaskToReadyList>:
/*-----------------------------------------------------------*/

#if ( configNUMBER_OF_CORES == 1 )

    STATIC void prvAddNewTaskToReadyList( TCB_t * pxNewTCB )
    {
     468:	b580      	push	{r7, lr}
     46a:	b084      	sub	sp, #16
     46c:	af00      	add	r7, sp, #0
     46e:	6078      	str	r0, [r7, #4]
        /* Ensure interrupts don't access the task lists while the lists are being
         * updated. */
        taskENTER_CRITICAL();
     470:	f001 ff72 	bl	2358 <vPortEnterCritical>
        {
            uxCurrentNumberOfTasks = ( UBaseType_t ) ( uxCurrentNumberOfTasks + 1U );
     474:	4b3f      	ldr	r3, [pc, #252]	; (574 <prvAddNewTaskToReadyList+0x10c>)
     476:	681b      	ldr	r3, [r3, #0]
     478:	3301      	adds	r3, #1
     47a:	4a3e      	ldr	r2, [pc, #248]	; (574 <prvAddNewTaskToReadyList+0x10c>)
     47c:	6013      	str	r3, [r2, #0]

            if( pxCurrentTCB == NULL )
     47e:	4b3e      	ldr	r3, [pc, #248]	; (578 <prvAddNewTaskToReadyList+0x110>)
     480:	681b      	ldr	r3, [r3, #0]
     482:	2b00      	cmp	r3, #0
     484:	d109      	bne.n	49a <prvAddNewTaskToReadyList+0x32>
            {
                /* There are no other tasks, or all the other tasks are in
                 * the suspended state - make this the current task. */
                pxCurrentTCB = pxNewTCB;
     486:	4a3c      	ldr	r2, [pc, #240]	; (578 <prvAddNewTaskToReadyList+0x110>)
     488:	687b      	ldr	r3, [r7, #4]
     48a:	6013      	str	r3, [r2, #0]

                if( uxCurrentNumberOfTasks == ( UBaseType_t ) 1 )
     48c:	4b39      	ldr	r3, [pc, #228]	; (574 <prvAddNewTaskToReadyList+0x10c>)
     48e:	681b      	ldr	r3, [r3, #0]
     490:	2b01      	cmp	r3, #1
     492:	d110      	bne.n	4b6 <prvAddNewTaskToReadyList+0x4e>
                {
                    /* This is the first task to be created so do the preliminary
                     * initialisation required.  We will not recover if this call
                     * fails, but we will report the failure. */
                    prvInitialiseTaskLists();
     494:	f000 fe14 	bl	10c0 <prvInitialiseTaskLists>
     498:	e00d      	b.n	4b6 <prvAddNewTaskToReadyList+0x4e>
            else
            {
                /* If the scheduler is not already running, make this task the
                 * current task if it is the highest priority task to be created
                 * so far. */
                if( xSchedulerRunning == pdFALSE )
     49a:	4b38      	ldr	r3, [pc, #224]	; (57c <prvAddNewTaskToReadyList+0x114>)
     49c:	681b      	ldr	r3, [r3, #0]
     49e:	2b00      	cmp	r3, #0
     4a0:	d109      	bne.n	4b6 <prvAddNewTaskToReadyList+0x4e>
                {
                    if( pxCurrentTCB->uxPriority <= pxNewTCB->uxPriority )
     4a2:	4b35      	ldr	r3, [pc, #212]	; (578 <prvAddNewTaskToReadyList+0x110>)
     4a4:	681b      	ldr	r3, [r3, #0]
     4a6:	6ada      	ldr	r2, [r3, #44]	; 0x2c
     4a8:	687b      	ldr	r3, [r7, #4]
     4aa:	6adb      	ldr	r3, [r3, #44]	; 0x2c
     4ac:	429a      	cmp	r2, r3
     4ae:	d802      	bhi.n	4b6 <prvAddNewTaskToReadyList+0x4e>
                    {
                        pxCurrentTCB = pxNewTCB;
     4b0:	4a31      	ldr	r2, [pc, #196]	; (578 <prvAddNewTaskToReadyList+0x110>)
     4b2:	687b      	ldr	r3, [r7, #4]
     4b4:	6013      	str	r3, [r2, #0]
                {
                    mtCOVERAGE_TEST_MARKER();
                }
            }

            uxTaskNumber++;
     4b6:	4b32      	ldr	r3, [pc, #200]	; (580 <prvAddNewTaskToReadyList+0x118>)
     4b8:	681b      	ldr	r3, [r3, #0]
     4ba:	3301      	adds	r3, #1
     4bc:	4a30      	ldr	r2, [pc, #192]	; (580 <prvAddNewTaskToReadyList+0x118>)
     4be:	6013      	str	r3, [r2, #0]
                pxNewTCB->uxTCBNumber = uxTaskNumber;
            }
            #endif /* configUSE_TRACE_FACILITY */
            traceTASK_CREATE( pxNewTCB );

            prvAddTaskToReadyList( pxNewTCB );
     4c0:	687b      	ldr	r3, [r7, #4]
     4c2:	6adb      	ldr	r3, [r3, #44]	; 0x2c
     4c4:	2201      	movs	r2, #1
     4c6:	409a      	lsls	r2, r3
     4c8:	4b2e      	ldr	r3, [pc, #184]	; (584 <prvAddNewTaskToReadyList+0x11c>)
     4ca:	681b      	ldr	r3, [r3, #0]
     4cc:	4313      	orrs	r3, r2
     4ce:	4a2d      	ldr	r2, [pc, #180]	; (584 <prvAddNewTaskToReadyList+0x11c>)
     4d0:	6013      	str	r3, [r2, #0]
     4d2:	687b      	ldr	r3, [r7, #4]
     4d4:	6ada      	ldr	r2, [r3, #44]	; 0x2c
     4d6:	492c      	ldr	r1, [pc, #176]	; (588 <prvAddNewTaskToReadyList+0x120>)
     4d8:	4613      	mov	r3, r2
     4da:	009b      	lsls	r3, r3, #2
     4dc:	4413      	add	r3, r2
     4de:	009b      	lsls	r3, r3, #2
     4e0:	440b      	add	r3, r1
     4e2:	3304      	adds	r3, #4
     4e4:	681b      	ldr	r3, [r3, #0]
     4e6:	60fb      	str	r3, [r7, #12]
     4e8:	687b      	ldr	r3, [r7, #4]
     4ea:	68fa      	ldr	r2, [r7, #12]
     4ec:	609a      	str	r2, [r3, #8]
     4ee:	68fb      	ldr	r3, [r7, #12]
     4f0:	689a      	ldr	r2, [r3, #8]
     4f2:	687b      	ldr	r3, [r7, #4]
     4f4:	60da      	str	r2, [r3, #12]
     4f6:	68fb      	ldr	r3, [r7, #12]
     4f8:	689b      	ldr	r3, [r3, #8]
     4fa:	687a      	ldr	r2, [r7, #4]
     4fc:	3204      	adds	r2, #4
     4fe:	605a      	str	r2, [r3, #4]
     500:	687b      	ldr	r3, [r7, #4]
     502:	1d1a      	adds	r2, r3, #4
     504:	68fb      	ldr	r3, [r7, #12]
     506:	609a      	str	r2, [r3, #8]
     508:	687b      	ldr	r3, [r7, #4]
     50a:	6ada      	ldr	r2, [r3, #44]	; 0x2c
     50c:	4613      	mov	r3, r2
     50e:	009b      	lsls	r3, r3, #2
     510:	4413      	add	r3, r2
     512:	009b      	lsls	r3, r3, #2
     514:	4a1c      	ldr	r2, [pc, #112]	; (588 <prvAddNewTaskToReadyList+0x120>)
     516:	441a      	add	r2, r3
     518:	687b      	ldr	r3, [r7, #4]
     51a:	615a      	str	r2, [r3, #20]
     51c:	687b      	ldr	r3, [r7, #4]
     51e:	6ada      	ldr	r2, [r3, #44]	; 0x2c
     520:	4919      	ldr	r1, [pc, #100]	; (588 <prvAddNewTaskToReadyList+0x120>)
     522:	4613      	mov	r3, r2
     524:	009b      	lsls	r3, r3, #2
     526:	4413      	add	r3, r2
     528:	009b      	lsls	r3, r3, #2
     52a:	440b      	add	r3, r1
     52c:	681b      	ldr	r3, [r3, #0]
     52e:	687a      	ldr	r2, [r7, #4]
     530:	6ad2      	ldr	r2, [r2, #44]	; 0x2c
     532:	1c59      	adds	r1, r3, #1
     534:	4814      	ldr	r0, [pc, #80]	; (588 <prvAddNewTaskToReadyList+0x120>)
     536:	4613      	mov	r3, r2
     538:	009b      	lsls	r3, r3, #2
     53a:	4413      	add	r3, r2
     53c:	009b      	lsls	r3, r3, #2
     53e:	4403      	add	r3, r0
     540:	6019      	str	r1, [r3, #0]

            portSETUP_TCB( pxNewTCB );
        }
        taskEXIT_CRITICAL();
     542:	f001 ff23 	bl	238c <vPortExitCritical>

        if( xSchedulerRunning != pdFALSE )
     546:	4b0d      	ldr	r3, [pc, #52]	; (57c <prvAddNewTaskToReadyList+0x114>)
     548:	681b      	ldr	r3, [r3, #0]
     54a:	2b00      	cmp	r3, #0
     54c:	d00e      	beq.n	56c <prvAddNewTaskToReadyList+0x104>
        {
            /* If the created task is of a higher priority than the current task
             * then it should run now. */
            taskYIELD_ANY_CORE_IF_USING_PREEMPTION( pxNewTCB );
     54e:	4b0a      	ldr	r3, [pc, #40]	; (578 <prvAddNewTaskToReadyList+0x110>)
     550:	681b      	ldr	r3, [r3, #0]
     552:	6ada      	ldr	r2, [r3, #44]	; 0x2c
     554:	687b      	ldr	r3, [r7, #4]
     556:	6adb      	ldr	r3, [r3, #44]	; 0x2c
     558:	429a      	cmp	r2, r3
     55a:	d207      	bcs.n	56c <prvAddNewTaskToReadyList+0x104>
     55c:	4b0b      	ldr	r3, [pc, #44]	; (58c <prvAddNewTaskToReadyList+0x124>)
     55e:	f04f 5280 	mov.w	r2, #268435456	; 0x10000000
     562:	601a      	str	r2, [r3, #0]
     564:	f3bf 8f4f 	dsb	sy
     568:	f3bf 8f6f 	isb	sy
        }
        else
        {
            mtCOVERAGE_TEST_MARKER();
        }
    }
     56c:	bf00      	nop
     56e:	3710      	adds	r7, #16
     570:	46bd      	mov	sp, r7
     572:	bd80      	pop	{r7, pc}
     574:	2000017c 	andcs	r0, r0, ip, ror r1
     578:	20000008 	andcs	r0, r0, r8
     57c:	20000188 	andcs	r0, r0, r8, lsl #3
     580:	20000198 	mulcs	r0, r8, r1
     584:	20000184 	andcs	r0, r0, r4, lsl #3
     588:	2000000c 	andcs	r0, r0, ip
     58c:	e000ed04 	and	lr, r0, r4, lsl #26

00000590 <prvCreateIdleTasks>:

#endif /* ( ( INCLUDE_xTaskResumeFromISR == 1 ) && ( INCLUDE_vTaskSuspend == 1 ) ) */
/*-----------------------------------------------------------*/

STATIC BaseType_t prvCreateIdleTasks( void )
{
     590:	b580      	push	{r7, lr}
     592:	b08a      	sub	sp, #40	; 0x28
     594:	af02      	add	r7, sp, #8
    BaseType_t xReturn = pdPASS;
     596:	2301      	movs	r3, #1
     598:	61fb      	str	r3, [r7, #28]
    BaseType_t xCoreID;
    char cIdleName[ configMAX_TASK_NAME_LEN ] = { 0 };
     59a:	2300      	movs	r3, #0
     59c:	603b      	str	r3, [r7, #0]
     59e:	1d3b      	adds	r3, r7, #4
     5a0:	2200      	movs	r2, #0
     5a2:	601a      	str	r2, [r3, #0]
     5a4:	605a      	str	r2, [r3, #4]
     5a6:	609a      	str	r2, [r3, #8]
    TaskFunction_t pxIdleTaskFunction = NULL;
     5a8:	2300      	movs	r3, #0
     5aa:	613b      	str	r3, [r7, #16]
    UBaseType_t xIdleTaskNameIndex;

    /* MISRA Ref 14.3.1 [Configuration dependent invariant] */
    /* More details at: https://github.com/FreeRTOS/FreeRTOS-Kernel/blob/main/MISRA.md#rule-143. */
    /* coverity[misra_c_2012_rule_14_3_violation] */
    for( xIdleTaskNameIndex = 0U; xIdleTaskNameIndex < ( configMAX_TASK_NAME_LEN - taskRESERVED_TASK_NAME_LENGTH ); xIdleTaskNameIndex++ )
     5ac:	2300      	movs	r3, #0
     5ae:	617b      	str	r3, [r7, #20]
     5b0:	e011      	b.n	5d6 <prvCreateIdleTasks+0x46>
    {
        /* MISRA Ref 18.1.1 [Configuration dependent bounds checking] */
        /* More details at: https://github.com/FreeRTOS/FreeRTOS-Kernel/blob/main/MISRA.md#rule-181. */
        /* coverity[misra_c_2012_rule_18_1_violation] */
        cIdleName[ xIdleTaskNameIndex ] = configIDLE_TASK_NAME[ xIdleTaskNameIndex ];
     5b2:	4a20      	ldr	r2, [pc, #128]	; (634 <prvCreateIdleTasks+0xa4>)
     5b4:	697b      	ldr	r3, [r7, #20]
     5b6:	4413      	add	r3, r2
     5b8:	7819      	ldrb	r1, [r3, #0]
     5ba:	463a      	mov	r2, r7
     5bc:	697b      	ldr	r3, [r7, #20]
     5be:	4413      	add	r3, r2
     5c0:	460a      	mov	r2, r1
     5c2:	701a      	strb	r2, [r3, #0]

        if( cIdleName[ xIdleTaskNameIndex ] == ( char ) 0x00 )
     5c4:	463a      	mov	r2, r7
     5c6:	697b      	ldr	r3, [r7, #20]
     5c8:	4413      	add	r3, r2
     5ca:	781b      	ldrb	r3, [r3, #0]
     5cc:	2b00      	cmp	r3, #0
     5ce:	d006      	beq.n	5de <prvCreateIdleTasks+0x4e>
    for( xIdleTaskNameIndex = 0U; xIdleTaskNameIndex < ( configMAX_TASK_NAME_LEN - taskRESERVED_TASK_NAME_LENGTH ); xIdleTaskNameIndex++ )
     5d0:	697b      	ldr	r3, [r7, #20]
     5d2:	3301      	adds	r3, #1
     5d4:	617b      	str	r3, [r7, #20]
     5d6:	697b      	ldr	r3, [r7, #20]
     5d8:	2b0e      	cmp	r3, #14
     5da:	d9ea      	bls.n	5b2 <prvCreateIdleTasks+0x22>
     5dc:	e000      	b.n	5e0 <prvCreateIdleTasks+0x50>
        {
            break;
     5de:	bf00      	nop
            mtCOVERAGE_TEST_MARKER();
        }
    }

    /* Ensure null termination. */
    cIdleName[ xIdleTaskNameIndex ] = '\0';
     5e0:	463a      	mov	r2, r7
     5e2:	697b      	ldr	r3, [r7, #20]
     5e4:	4413      	add	r3, r2
     5e6:	2200      	movs	r2, #0
     5e8:	701a      	strb	r2, [r3, #0]

    /* Add each idle task at the lowest priority. */
    for( xCoreID = ( BaseType_t ) 0; xCoreID < ( BaseType_t ) configNUMBER_OF_CORES; xCoreID++ )
     5ea:	2300      	movs	r3, #0
     5ec:	61bb      	str	r3, [r7, #24]
     5ee:	e016      	b.n	61e <prvCreateIdleTasks+0x8e>
    {
        #if ( configNUMBER_OF_CORES == 1 )
        {
            pxIdleTaskFunction = &prvIdleTask;
     5f0:	4b11      	ldr	r3, [pc, #68]	; (638 <prvCreateIdleTasks+0xa8>)
     5f2:	613b      	str	r3, [r7, #16]
            }
        }
        #else /* if ( configSUPPORT_STATIC_ALLOCATION == 1 ) */
        {
            /* The Idle task is being created using dynamically allocated RAM. */
            xReturn = xTaskCreate( pxIdleTaskFunction,
     5f4:	69bb      	ldr	r3, [r7, #24]
     5f6:	009b      	lsls	r3, r3, #2
     5f8:	4a10      	ldr	r2, [pc, #64]	; (63c <prvCreateIdleTasks+0xac>)
     5fa:	4413      	add	r3, r2
     5fc:	4639      	mov	r1, r7
     5fe:	9301      	str	r3, [sp, #4]
     600:	2300      	movs	r3, #0
     602:	9300      	str	r3, [sp, #0]
     604:	2300      	movs	r3, #0
     606:	f44f 7280 	mov.w	r2, #256	; 0x100
     60a:	6938      	ldr	r0, [r7, #16]
     60c:	f7ff fea4 	bl	358 <xTaskCreate>
     610:	61f8      	str	r0, [r7, #28]
                                   &xIdleTaskHandles[ xCoreID ] );
        }
        #endif /* configSUPPORT_STATIC_ALLOCATION */

        /* Break the loop if any of the idle task is failed to be created. */
        if( xReturn != pdPASS )
     612:	69fb      	ldr	r3, [r7, #28]
     614:	2b01      	cmp	r3, #1
     616:	d106      	bne.n	626 <prvCreateIdleTasks+0x96>
    for( xCoreID = ( BaseType_t ) 0; xCoreID < ( BaseType_t ) configNUMBER_OF_CORES; xCoreID++ )
     618:	69bb      	ldr	r3, [r7, #24]
     61a:	3301      	adds	r3, #1
     61c:	61bb      	str	r3, [r7, #24]
     61e:	69bb      	ldr	r3, [r7, #24]
     620:	2b00      	cmp	r3, #0
     622:	dde5      	ble.n	5f0 <prvCreateIdleTasks+0x60>
     624:	e000      	b.n	628 <prvCreateIdleTasks+0x98>
        {
            break;
     626:	bf00      	nop
            }
            #endif /* if ( configNUMBER_OF_CORES == 1 ) */
        }
    }

    return xReturn;
     628:	69fb      	ldr	r3, [r7, #28]
}
     62a:	4618      	mov	r0, r3
     62c:	3720      	adds	r7, #32
     62e:	46bd      	mov	sp, r7
     630:	bd80      	pop	{r7, pc}
     632:	bf00      	nop
     634:	00002488 	andeq	r2, r0, r8, lsl #9
     638:	00001091 	muleq	r0, r1, r0
     63c:	200001a0 	andcs	r0, r0, r0, lsr #3

00000640 <vTaskStartScheduler>:

/*-----------------------------------------------------------*/

void vTaskStartScheduler( void )
{
     640:	b580      	push	{r7, lr}
     642:	b082      	sub	sp, #8
     644:	af00      	add	r7, sp, #0
         * the number of bits as confNUMBER_OF_CORES. */
        configASSERT( ( sizeof( UBaseType_t ) * taskBITS_PER_BYTE ) >= configNUMBER_OF_CORES );
    }
    #endif /* #if ( configUSE_CORE_AFFINITY == 1 ) && ( configNUMBER_OF_CORES > 1 ) */

    xReturn = prvCreateIdleTasks();
     646:	f7ff ffa3 	bl	590 <prvCreateIdleTasks>
     64a:	6078      	str	r0, [r7, #4]
            mtCOVERAGE_TEST_MARKER();
        }
    }
    #endif /* configUSE_TIMERS */

    if( xReturn == pdPASS )
     64c:	687b      	ldr	r3, [r7, #4]
     64e:	2b01      	cmp	r3, #1
     650:	d115      	bne.n	67e <vTaskStartScheduler+0x3e>

portFORCE_INLINE static void vPortRaiseBASEPRI( void )
{
    uint32_t ulNewBASEPRI;

    __asm volatile
     652:	f04f 0301 	mov.w	r3, #1
     656:	f383 8811 	msr	BASEPRI, r3
     65a:	f3bf 8f6f 	isb	sy
     65e:	f3bf 8f4f 	dsb	sy
     662:	603b      	str	r3, [r7, #0]
        "   msr basepri, %0                                         \n" \
        "   isb                                                     \n" \
        "   dsb                                                     \n" \
        : "=r" ( ulNewBASEPRI ) : "i" ( configMAX_SYSCALL_INTERRUPT_PRIORITY ) : "memory"
    );
}
     664:	bf00      	nop
             * block specific to the task that will run first. */
            configSET_TLS_BLOCK( pxCurrentTCB->xTLSBlock );
        }
        #endif

        xNextTaskUnblockTime = portMAX_DELAY;
     666:	4b09      	ldr	r3, [pc, #36]	; (68c <vTaskStartScheduler+0x4c>)
     668:	f04f 32ff 	mov.w	r2, #4294967295	; 0xffffffff
     66c:	601a      	str	r2, [r3, #0]
        xSchedulerRunning = pdTRUE;
     66e:	4b08      	ldr	r3, [pc, #32]	; (690 <vTaskStartScheduler+0x50>)
     670:	2201      	movs	r2, #1
     672:	601a      	str	r2, [r3, #0]
        xTickCount = ( TickType_t ) configINITIAL_TICK_COUNT;
     674:	4b07      	ldr	r3, [pc, #28]	; (694 <vTaskStartScheduler+0x54>)
     676:	2200      	movs	r2, #0
     678:	601a      	str	r2, [r3, #0]
        /* Setting up the timer tick is hardware specific and thus in the
         * portable interface. */

        /* The return value for xPortStartScheduler is not required
         * hence using a void datatype. */
        ( void ) xPortStartScheduler();
     67a:	f001 fe3a 	bl	22f2 <xPortStartScheduler>
     * meaning xIdleTaskHandles are not used anywhere else. */
    ( void ) xIdleTaskHandles;

    /* OpenOCD makes use of uxTopUsedPriority for thread debugging. Prevent uxTopUsedPriority
     * from getting optimized out as it is no longer used by the kernel. */
    ( void ) uxTopUsedPriority;
     67e:	4b06      	ldr	r3, [pc, #24]	; (698 <vTaskStartScheduler+0x58>)
     680:	681b      	ldr	r3, [r3, #0]

    traceRETURN_vTaskStartScheduler();
}
     682:	bf00      	nop
     684:	3708      	adds	r7, #8
     686:	46bd      	mov	sp, r7
     688:	bd80      	pop	{r7, pc}
     68a:	bf00      	nop
     68c:	2000019c 	mulcs	r0, ip, r1
     690:	20000188 	andcs	r0, r0, r8, lsl #3
     694:	20000180 	andcs	r0, r0, r0, lsl #3
     698:	20000000 	andcs	r0, r0, r0

0000069c <vTaskEndScheduler>:
/*-----------------------------------------------------------*/

void vTaskEndScheduler( void )
{
     69c:	b580      	push	{r7, lr}
     69e:	b082      	sub	sp, #8
     6a0:	af00      	add	r7, sp, #0
    __asm volatile
     6a2:	f04f 0301 	mov.w	r3, #1
     6a6:	f383 8811 	msr	BASEPRI, r3
     6aa:	f3bf 8f6f 	isb	sy
     6ae:	f3bf 8f4f 	dsb	sy
     6b2:	607b      	str	r3, [r7, #4]
}
     6b4:	bf00      	nop

    /* Stop the scheduler interrupts and call the portable scheduler end
     * routine so the original ISRs can be restored if necessary.  The port
     * layer must ensure interrupts enable  bit is left in the correct state. */
    portDISABLE_INTERRUPTS();
    xSchedulerRunning = pdFALSE;
     6b6:	4b04      	ldr	r3, [pc, #16]	; (6c8 <vTaskEndScheduler+0x2c>)
     6b8:	2200      	movs	r2, #0
     6ba:	601a      	str	r2, [r3, #0]

    /* This function must be called from a task and the application is
     * responsible for deleting that task after the scheduler is stopped. */
    vPortEndScheduler();
     6bc:	f001 fe46 	bl	234c <vPortEndScheduler>

    traceRETURN_vTaskEndScheduler();
}
     6c0:	bf00      	nop
     6c2:	3708      	adds	r7, #8
     6c4:	46bd      	mov	sp, r7
     6c6:	bd80      	pop	{r7, pc}
     6c8:	20000188 	andcs	r0, r0, r8, lsl #3

000006cc <vTaskSuspendAll>:
/*----------------------------------------------------------*/

void vTaskSuspendAll( void )
{
     6cc:	b480      	push	{r7}
     6ce:	af00      	add	r7, sp, #0
         * do not otherwise exhibit real time behaviour. */
        portSOFTWARE_BARRIER();

        /* The scheduler is suspended if uxSchedulerSuspended is non-zero.  An increment
         * is used to allow calls to vTaskSuspendAll() to nest. */
        uxSchedulerSuspended = ( UBaseType_t ) ( uxSchedulerSuspended + 1U );
     6d0:	4b04      	ldr	r3, [pc, #16]	; (6e4 <vTaskSuspendAll+0x18>)
     6d2:	681b      	ldr	r3, [r3, #0]
     6d4:	3301      	adds	r3, #1
     6d6:	4a03      	ldr	r2, [pc, #12]	; (6e4 <vTaskSuspendAll+0x18>)
     6d8:	6013      	str	r3, [r2, #0]
        }
    }
    #endif /* #if ( configNUMBER_OF_CORES == 1 ) */

    traceRETURN_vTaskSuspendAll();
}
     6da:	bf00      	nop
     6dc:	46bd      	mov	sp, r7
     6de:	bc80      	pop	{r7}
     6e0:	4770      	bx	lr
     6e2:	bf00      	nop
     6e4:	200001a4 	andcs	r0, r0, r4, lsr #3

000006e8 <xTaskResumeAll>:

#endif /* configUSE_TICKLESS_IDLE */
/*----------------------------------------------------------*/

BaseType_t xTaskResumeAll( void )
{
     6e8:	b580      	push	{r7, lr}
     6ea:	b088      	sub	sp, #32
     6ec:	af00      	add	r7, sp, #0
    TCB_t * pxTCB = NULL;
     6ee:	2300      	movs	r3, #0
     6f0:	61fb      	str	r3, [r7, #28]
    BaseType_t xAlreadyYielded = pdFALSE;
     6f2:	2300      	movs	r3, #0
     6f4:	61bb      	str	r3, [r7, #24]
        /* It is possible that an ISR caused a task to be removed from an event
         * list while the scheduler was suspended.  If this was the case then the
         * removed task will have been added to the xPendingReadyList.  Once the
         * scheduler has been resumed it is safe to move all the pending ready
         * tasks from this list into their appropriate ready list. */
        taskENTER_CRITICAL();
     6f6:	f001 fe2f 	bl	2358 <vPortEnterCritical>
        {
            const BaseType_t xCoreID = ( BaseType_t ) portGET_CORE_ID();
     6fa:	2300      	movs	r3, #0
     6fc:	613b      	str	r3, [r7, #16]

            /* If uxSchedulerSuspended is zero then this function does not match a
             * previous call to vTaskSuspendAll(). */
            configASSERT( uxSchedulerSuspended != 0U );

            uxSchedulerSuspended = ( UBaseType_t ) ( uxSchedulerSuspended - 1U );
     6fe:	4b6d      	ldr	r3, [pc, #436]	; (8b4 <xTaskResumeAll+0x1cc>)
     700:	681b      	ldr	r3, [r3, #0]
     702:	3b01      	subs	r3, #1
     704:	4a6b      	ldr	r2, [pc, #428]	; (8b4 <xTaskResumeAll+0x1cc>)
     706:	6013      	str	r3, [r2, #0]
            portRELEASE_TASK_LOCK( xCoreID );

            if( uxSchedulerSuspended == ( UBaseType_t ) 0U )
     708:	4b6a      	ldr	r3, [pc, #424]	; (8b4 <xTaskResumeAll+0x1cc>)
     70a:	681b      	ldr	r3, [r3, #0]
     70c:	2b00      	cmp	r3, #0
     70e:	f040 80ca 	bne.w	8a6 <xTaskResumeAll+0x1be>
            {
                if( uxCurrentNumberOfTasks > ( UBaseType_t ) 0U )
     712:	4b69      	ldr	r3, [pc, #420]	; (8b8 <xTaskResumeAll+0x1d0>)
     714:	681b      	ldr	r3, [r3, #0]
     716:	2b00      	cmp	r3, #0
     718:	f000 80c5 	beq.w	8a6 <xTaskResumeAll+0x1be>
                {
                    /* Move any readied tasks from the pending list into the
                     * appropriate ready list. */
                    while( listLIST_IS_EMPTY( &xPendingReadyList ) == pdFALSE )
     71c:	e08e      	b.n	83c <xTaskResumeAll+0x154>
                    {
                        /* MISRA Ref 11.5.3 [Void pointer assignment] */
                        /* More details at: https://github.com/FreeRTOS/FreeRTOS-Kernel/blob/main/MISRA.md#rule-115 */
                        /* coverity[misra_c_2012_rule_11_5_violation] */
                        pxTCB = listGET_OWNER_OF_HEAD_ENTRY( ( &xPendingReadyList ) );
     71e:	4b67      	ldr	r3, [pc, #412]	; (8bc <xTaskResumeAll+0x1d4>)
     720:	68db      	ldr	r3, [r3, #12]
     722:	68db      	ldr	r3, [r3, #12]
     724:	61fb      	str	r3, [r7, #28]
                        listREMOVE_ITEM( &( pxTCB->xEventListItem ) );
     726:	69fb      	ldr	r3, [r7, #28]
     728:	6a9b      	ldr	r3, [r3, #40]	; 0x28
     72a:	60fb      	str	r3, [r7, #12]
     72c:	69fb      	ldr	r3, [r7, #28]
     72e:	69db      	ldr	r3, [r3, #28]
     730:	69fa      	ldr	r2, [r7, #28]
     732:	6a12      	ldr	r2, [r2, #32]
     734:	609a      	str	r2, [r3, #8]
     736:	69fb      	ldr	r3, [r7, #28]
     738:	6a1b      	ldr	r3, [r3, #32]
     73a:	69fa      	ldr	r2, [r7, #28]
     73c:	69d2      	ldr	r2, [r2, #28]
     73e:	605a      	str	r2, [r3, #4]
     740:	68fb      	ldr	r3, [r7, #12]
     742:	685a      	ldr	r2, [r3, #4]
     744:	69fb      	ldr	r3, [r7, #28]
     746:	3318      	adds	r3, #24
     748:	429a      	cmp	r2, r3
     74a:	d103      	bne.n	754 <xTaskResumeAll+0x6c>
     74c:	69fb      	ldr	r3, [r7, #28]
     74e:	6a1a      	ldr	r2, [r3, #32]
     750:	68fb      	ldr	r3, [r7, #12]
     752:	605a      	str	r2, [r3, #4]
     754:	69fb      	ldr	r3, [r7, #28]
     756:	2200      	movs	r2, #0
     758:	629a      	str	r2, [r3, #40]	; 0x28
     75a:	68fb      	ldr	r3, [r7, #12]
     75c:	681b      	ldr	r3, [r3, #0]
     75e:	1e5a      	subs	r2, r3, #1
     760:	68fb      	ldr	r3, [r7, #12]
     762:	601a      	str	r2, [r3, #0]
                        portMEMORY_BARRIER();
                        listREMOVE_ITEM( &( pxTCB->xStateListItem ) );
     764:	69fb      	ldr	r3, [r7, #28]
     766:	695b      	ldr	r3, [r3, #20]
     768:	60bb      	str	r3, [r7, #8]
     76a:	69fb      	ldr	r3, [r7, #28]
     76c:	689b      	ldr	r3, [r3, #8]
     76e:	69fa      	ldr	r2, [r7, #28]
     770:	68d2      	ldr	r2, [r2, #12]
     772:	609a      	str	r2, [r3, #8]
     774:	69fb      	ldr	r3, [r7, #28]
     776:	68db      	ldr	r3, [r3, #12]
     778:	69fa      	ldr	r2, [r7, #28]
     77a:	6892      	ldr	r2, [r2, #8]
     77c:	605a      	str	r2, [r3, #4]
     77e:	68bb      	ldr	r3, [r7, #8]
     780:	685a      	ldr	r2, [r3, #4]
     782:	69fb      	ldr	r3, [r7, #28]
     784:	3304      	adds	r3, #4
     786:	429a      	cmp	r2, r3
     788:	d103      	bne.n	792 <xTaskResumeAll+0xaa>
     78a:	69fb      	ldr	r3, [r7, #28]
     78c:	68da      	ldr	r2, [r3, #12]
     78e:	68bb      	ldr	r3, [r7, #8]
     790:	605a      	str	r2, [r3, #4]
     792:	69fb      	ldr	r3, [r7, #28]
     794:	2200      	movs	r2, #0
     796:	615a      	str	r2, [r3, #20]
     798:	68bb      	ldr	r3, [r7, #8]
     79a:	681b      	ldr	r3, [r3, #0]
     79c:	1e5a      	subs	r2, r3, #1
     79e:	68bb      	ldr	r3, [r7, #8]
     7a0:	601a      	str	r2, [r3, #0]
                        prvAddTaskToReadyList( pxTCB );
     7a2:	69fb      	ldr	r3, [r7, #28]
     7a4:	6adb      	ldr	r3, [r3, #44]	; 0x2c
     7a6:	2201      	movs	r2, #1
     7a8:	409a      	lsls	r2, r3
     7aa:	4b45      	ldr	r3, [pc, #276]	; (8c0 <xTaskResumeAll+0x1d8>)
     7ac:	681b      	ldr	r3, [r3, #0]
     7ae:	4313      	orrs	r3, r2
     7b0:	4a43      	ldr	r2, [pc, #268]	; (8c0 <xTaskResumeAll+0x1d8>)
     7b2:	6013      	str	r3, [r2, #0]
     7b4:	69fb      	ldr	r3, [r7, #28]
     7b6:	6ada      	ldr	r2, [r3, #44]	; 0x2c
     7b8:	4942      	ldr	r1, [pc, #264]	; (8c4 <xTaskResumeAll+0x1dc>)
     7ba:	4613      	mov	r3, r2
     7bc:	009b      	lsls	r3, r3, #2
     7be:	4413      	add	r3, r2
     7c0:	009b      	lsls	r3, r3, #2
     7c2:	440b      	add	r3, r1
     7c4:	3304      	adds	r3, #4
     7c6:	681b      	ldr	r3, [r3, #0]
     7c8:	607b      	str	r3, [r7, #4]
     7ca:	69fb      	ldr	r3, [r7, #28]
     7cc:	687a      	ldr	r2, [r7, #4]
     7ce:	609a      	str	r2, [r3, #8]
     7d0:	687b      	ldr	r3, [r7, #4]
     7d2:	689a      	ldr	r2, [r3, #8]
     7d4:	69fb      	ldr	r3, [r7, #28]
     7d6:	60da      	str	r2, [r3, #12]
     7d8:	687b      	ldr	r3, [r7, #4]
     7da:	689b      	ldr	r3, [r3, #8]
     7dc:	69fa      	ldr	r2, [r7, #28]
     7de:	3204      	adds	r2, #4
     7e0:	605a      	str	r2, [r3, #4]
     7e2:	69fb      	ldr	r3, [r7, #28]
     7e4:	1d1a      	adds	r2, r3, #4
     7e6:	687b      	ldr	r3, [r7, #4]
     7e8:	609a      	str	r2, [r3, #8]
     7ea:	69fb      	ldr	r3, [r7, #28]
     7ec:	6ada      	ldr	r2, [r3, #44]	; 0x2c
     7ee:	4613      	mov	r3, r2
     7f0:	009b      	lsls	r3, r3, #2
     7f2:	4413      	add	r3, r2
     7f4:	009b      	lsls	r3, r3, #2
     7f6:	4a33      	ldr	r2, [pc, #204]	; (8c4 <xTaskResumeAll+0x1dc>)
     7f8:	441a      	add	r2, r3
     7fa:	69fb      	ldr	r3, [r7, #28]
     7fc:	615a      	str	r2, [r3, #20]
     7fe:	69fb      	ldr	r3, [r7, #28]
     800:	6ada      	ldr	r2, [r3, #44]	; 0x2c
     802:	4930      	ldr	r1, [pc, #192]	; (8c4 <xTaskResumeAll+0x1dc>)
     804:	4613      	mov	r3, r2
     806:	009b      	lsls	r3, r3, #2
     808:	4413      	add	r3, r2
     80a:	009b      	lsls	r3, r3, #2
     80c:	440b      	add	r3, r1
     80e:	681b      	ldr	r3, [r3, #0]
     810:	69fa      	ldr	r2, [r7, #28]
     812:	6ad2      	ldr	r2, [r2, #44]	; 0x2c
     814:	1c59      	adds	r1, r3, #1
     816:	482b      	ldr	r0, [pc, #172]	; (8c4 <xTaskResumeAll+0x1dc>)
     818:	4613      	mov	r3, r2
     81a:	009b      	lsls	r3, r3, #2
     81c:	4413      	add	r3, r2
     81e:	009b      	lsls	r3, r3, #2
     820:	4403      	add	r3, r0
     822:	6019      	str	r1, [r3, #0]

                        #if ( configNUMBER_OF_CORES == 1 )
                        {
                            /* If the moved task has a priority higher than the current
                             * task then a yield must be performed. */
                            if( pxTCB->uxPriority > pxCurrentTCB->uxPriority )
     824:	69fb      	ldr	r3, [r7, #28]
     826:	6ada      	ldr	r2, [r3, #44]	; 0x2c
     828:	4b27      	ldr	r3, [pc, #156]	; (8c8 <xTaskResumeAll+0x1e0>)
     82a:	681b      	ldr	r3, [r3, #0]
     82c:	6adb      	ldr	r3, [r3, #44]	; 0x2c
     82e:	429a      	cmp	r2, r3
     830:	d904      	bls.n	83c <xTaskResumeAll+0x154>
                            {
                                xYieldPendings[ xCoreID ] = pdTRUE;
     832:	4a26      	ldr	r2, [pc, #152]	; (8cc <xTaskResumeAll+0x1e4>)
     834:	693b      	ldr	r3, [r7, #16]
     836:	2101      	movs	r1, #1
     838:	f842 1023 	str.w	r1, [r2, r3, lsl #2]
                    while( listLIST_IS_EMPTY( &xPendingReadyList ) == pdFALSE )
     83c:	4b1f      	ldr	r3, [pc, #124]	; (8bc <xTaskResumeAll+0x1d4>)
     83e:	681b      	ldr	r3, [r3, #0]
     840:	2b00      	cmp	r3, #0
     842:	f47f af6c 	bne.w	71e <xTaskResumeAll+0x36>
                             * which sets xYieldPendings for the current core to pdTRUE. */
                        }
                        #endif /* #if ( configNUMBER_OF_CORES == 1 ) */
                    }

                    if( pxTCB != NULL )
     846:	69fb      	ldr	r3, [r7, #28]
     848:	2b00      	cmp	r3, #0
     84a:	d001      	beq.n	850 <xTaskResumeAll+0x168>
                         * which may have prevented the next unblock time from being
                         * re-calculated, in which case re-calculate it now.  Mainly
                         * important for low power tickless implementations, where
                         * this can prevent an unnecessary exit from low power
                         * state. */
                        prvResetNextTaskUnblockTime();
     84c:	f000 fc74 	bl	1138 <prvResetNextTaskUnblockTime>
                     * It should be safe to call xTaskIncrementTick here from any core
                     * since we are in a critical section and xTaskIncrementTick itself
                     * protects itself within a critical section. Suspending the scheduler
                     * from any core causes xTaskIncrementTick to increment uxPendedCounts. */
                    {
                        TickType_t xPendedCounts = xPendedTicks; /* Non-volatile copy. */
     850:	4b1f      	ldr	r3, [pc, #124]	; (8d0 <xTaskResumeAll+0x1e8>)
     852:	681b      	ldr	r3, [r3, #0]
     854:	617b      	str	r3, [r7, #20]

                        if( xPendedCounts > ( TickType_t ) 0U )
     856:	697b      	ldr	r3, [r7, #20]
     858:	2b00      	cmp	r3, #0
     85a:	d012      	beq.n	882 <xTaskResumeAll+0x19a>
                        {
                            do
                            {
                                if( xTaskIncrementTick() != pdFALSE )
     85c:	f000 f894 	bl	988 <xTaskIncrementTick>
     860:	4603      	mov	r3, r0
     862:	2b00      	cmp	r3, #0
     864:	d004      	beq.n	870 <xTaskResumeAll+0x188>
                                {
                                    /* Other cores are interrupted from
                                     * within xTaskIncrementTick(). */
                                    xYieldPendings[ xCoreID ] = pdTRUE;
     866:	4a19      	ldr	r2, [pc, #100]	; (8cc <xTaskResumeAll+0x1e4>)
     868:	693b      	ldr	r3, [r7, #16]
     86a:	2101      	movs	r1, #1
     86c:	f842 1023 	str.w	r1, [r2, r3, lsl #2]
                                else
                                {
                                    mtCOVERAGE_TEST_MARKER();
                                }

                                --xPendedCounts;
     870:	697b      	ldr	r3, [r7, #20]
     872:	3b01      	subs	r3, #1
     874:	617b      	str	r3, [r7, #20]
                            } while( xPendedCounts > ( TickType_t ) 0U );
     876:	697b      	ldr	r3, [r7, #20]
     878:	2b00      	cmp	r3, #0
     87a:	d1ef      	bne.n	85c <xTaskResumeAll+0x174>

                            xPendedTicks = 0;
     87c:	4b14      	ldr	r3, [pc, #80]	; (8d0 <xTaskResumeAll+0x1e8>)
     87e:	2200      	movs	r2, #0
     880:	601a      	str	r2, [r3, #0]
                        {
                            mtCOVERAGE_TEST_MARKER();
                        }
                    }

                    if( xYieldPendings[ xCoreID ] != pdFALSE )
     882:	4a12      	ldr	r2, [pc, #72]	; (8cc <xTaskResumeAll+0x1e4>)
     884:	693b      	ldr	r3, [r7, #16]
     886:	f852 3023 	ldr.w	r3, [r2, r3, lsl #2]
     88a:	2b00      	cmp	r3, #0
     88c:	d00b      	beq.n	8a6 <xTaskResumeAll+0x1be>
                    {
                        #if ( configUSE_PREEMPTION != 0 )
                        {
                            xAlreadyYielded = pdTRUE;
     88e:	2301      	movs	r3, #1
     890:	61bb      	str	r3, [r7, #24]
                        }
                        #endif /* #if ( configUSE_PREEMPTION != 0 ) */

                        #if ( configNUMBER_OF_CORES == 1 )
                        {
                            taskYIELD_TASK_CORE_IF_USING_PREEMPTION( pxCurrentTCB );
     892:	4b0d      	ldr	r3, [pc, #52]	; (8c8 <xTaskResumeAll+0x1e0>)
     894:	681b      	ldr	r3, [r3, #0]
     896:	4b0f      	ldr	r3, [pc, #60]	; (8d4 <xTaskResumeAll+0x1ec>)
     898:	f04f 5280 	mov.w	r2, #268435456	; 0x10000000
     89c:	601a      	str	r2, [r3, #0]
     89e:	f3bf 8f4f 	dsb	sy
     8a2:	f3bf 8f6f 	isb	sy
            else
            {
                mtCOVERAGE_TEST_MARKER();
            }
        }
        taskEXIT_CRITICAL();
     8a6:	f001 fd71 	bl	238c <vPortExitCritical>
    }

    traceRETURN_xTaskResumeAll( xAlreadyYielded );

    return xAlreadyYielded;
     8aa:	69bb      	ldr	r3, [r7, #24]
}
     8ac:	4618      	mov	r0, r3
     8ae:	3720      	adds	r7, #32
     8b0:	46bd      	mov	sp, r7
     8b2:	bd80      	pop	{r7, pc}
     8b4:	200001a4 	andcs	r0, r0, r4, lsr #3
     8b8:	2000017c 	andcs	r0, r0, ip, ror r1
     8bc:	20000168 	andcs	r0, r0, r8, ror #2
     8c0:	20000184 	andcs	r0, r0, r4, lsl #3
     8c4:	2000000c 	andcs	r0, r0, ip
     8c8:	20000008 	andcs	r0, r0, r8
     8cc:	20000190 	mulcs	r0, r0, r1
     8d0:	2000018c 	andcs	r0, r0, ip, lsl #3
     8d4:	e000ed04 	and	lr, r0, r4, lsl #26

000008d8 <xTaskGetTickCount>:
/*-----------------------------------------------------------*/

TickType_t xTaskGetTickCount( void )
{
     8d8:	b480      	push	{r7}
     8da:	b083      	sub	sp, #12
     8dc:	af00      	add	r7, sp, #0
    traceENTER_xTaskGetTickCount();

    /* Critical section required if running on a 16 bit processor. */
    portTICK_TYPE_ENTER_CRITICAL();
    {
        xTicks = xTickCount;
     8de:	4b04      	ldr	r3, [pc, #16]	; (8f0 <xTaskGetTickCount+0x18>)
     8e0:	681b      	ldr	r3, [r3, #0]
     8e2:	607b      	str	r3, [r7, #4]
    }
    portTICK_TYPE_EXIT_CRITICAL();

    traceRETURN_xTaskGetTickCount( xTicks );

    return xTicks;
     8e4:	687b      	ldr	r3, [r7, #4]
}
     8e6:	4618      	mov	r0, r3
     8e8:	370c      	adds	r7, #12
     8ea:	46bd      	mov	sp, r7
     8ec:	bc80      	pop	{r7}
     8ee:	4770      	bx	lr
     8f0:	20000180 	andcs	r0, r0, r0, lsl #3

000008f4 <xTaskGetTickCountFromISR>:
/*-----------------------------------------------------------*/

TickType_t xTaskGetTickCountFromISR( void )
{
     8f4:	b480      	push	{r7}
     8f6:	b083      	sub	sp, #12
     8f8:	af00      	add	r7, sp, #0
     * safe API to ensure interrupt entry is as fast and as simple as possible.
     * More information (albeit Cortex-M specific) is provided on the following
     * link: https://www.FreeRTOS.org/RTOS-Cortex-M3-M4.html */
    portASSERT_IF_INTERRUPT_PRIORITY_INVALID();

    uxSavedInterruptStatus = portTICK_TYPE_SET_INTERRUPT_MASK_FROM_ISR();
     8fa:	2300      	movs	r3, #0
     8fc:	607b      	str	r3, [r7, #4]
    {
        xReturn = xTickCount;
     8fe:	4b04      	ldr	r3, [pc, #16]	; (910 <xTaskGetTickCountFromISR+0x1c>)
     900:	681b      	ldr	r3, [r3, #0]
     902:	603b      	str	r3, [r7, #0]
    }
    portTICK_TYPE_CLEAR_INTERRUPT_MASK_FROM_ISR( uxSavedInterruptStatus );

    traceRETURN_xTaskGetTickCountFromISR( xReturn );

    return xReturn;
     904:	683b      	ldr	r3, [r7, #0]
}
     906:	4618      	mov	r0, r3
     908:	370c      	adds	r7, #12
     90a:	46bd      	mov	sp, r7
     90c:	bc80      	pop	{r7}
     90e:	4770      	bx	lr
     910:	20000180 	andcs	r0, r0, r0, lsl #3

00000914 <uxTaskGetNumberOfTasks>:
/*-----------------------------------------------------------*/

UBaseType_t uxTaskGetNumberOfTasks( void )
{
     914:	b480      	push	{r7}
     916:	af00      	add	r7, sp, #0

    /* A critical section is not required because the variables are of type
     * BaseType_t. */
    traceRETURN_uxTaskGetNumberOfTasks( uxCurrentNumberOfTasks );

    return uxCurrentNumberOfTasks;
     918:	4b02      	ldr	r3, [pc, #8]	; (924 <uxTaskGetNumberOfTasks+0x10>)
     91a:	681b      	ldr	r3, [r3, #0]
}
     91c:	4618      	mov	r0, r3
     91e:	46bd      	mov	sp, r7
     920:	bc80      	pop	{r7}
     922:	4770      	bx	lr
     924:	2000017c 	andcs	r0, r0, ip, ror r1

00000928 <pcTaskGetName>:
/*-----------------------------------------------------------*/

char * pcTaskGetName( TaskHandle_t xTaskToQuery )
{
     928:	b480      	push	{r7}
     92a:	b085      	sub	sp, #20
     92c:	af00      	add	r7, sp, #0
     92e:	6078      	str	r0, [r7, #4]

    traceENTER_pcTaskGetName( xTaskToQuery );

    /* If null is passed in here then the name of the calling task is being
     * queried. */
    pxTCB = prvGetTCBFromHandle( xTaskToQuery );
     930:	687b      	ldr	r3, [r7, #4]
     932:	2b00      	cmp	r3, #0
     934:	d102      	bne.n	93c <pcTaskGetName+0x14>
     936:	4b06      	ldr	r3, [pc, #24]	; (950 <pcTaskGetName+0x28>)
     938:	681b      	ldr	r3, [r3, #0]
     93a:	e000      	b.n	93e <pcTaskGetName+0x16>
     93c:	687b      	ldr	r3, [r7, #4]
     93e:	60fb      	str	r3, [r7, #12]
    configASSERT( pxTCB != NULL );

    traceRETURN_pcTaskGetName( &( pxTCB->pcTaskName[ 0 ] ) );

    return &( pxTCB->pcTaskName[ 0 ] );
     940:	68fb      	ldr	r3, [r7, #12]
     942:	3334      	adds	r3, #52	; 0x34
}
     944:	4618      	mov	r0, r3
     946:	3714      	adds	r7, #20
     948:	46bd      	mov	sp, r7
     94a:	bc80      	pop	{r7}
     94c:	4770      	bx	lr
     94e:	bf00      	nop
     950:	20000008 	andcs	r0, r0, r8

00000954 <xTaskCatchUpTicks>:

#endif /* configUSE_TICKLESS_IDLE */
/*----------------------------------------------------------*/

BaseType_t xTaskCatchUpTicks( TickType_t xTicksToCatchUp )
{
     954:	b580      	push	{r7, lr}
     956:	b084      	sub	sp, #16
     958:	af00      	add	r7, sp, #0
     95a:	6078      	str	r0, [r7, #4]
     * relies on xPendedTicks being wound down to 0 in xTaskResumeAll(). */
    configASSERT( uxSchedulerSuspended == ( UBaseType_t ) 0U );

    /* Use xPendedTicks to mimic xTicksToCatchUp number of ticks occurring when
     * the scheduler is suspended so the ticks are executed in xTaskResumeAll(). */
    vTaskSuspendAll();
     95c:	f7ff feb6 	bl	6cc <vTaskSuspendAll>

    /* Prevent the tick interrupt modifying xPendedTicks simultaneously. */
    taskENTER_CRITICAL();
     960:	f001 fcfa 	bl	2358 <vPortEnterCritical>
    {
        xPendedTicks += xTicksToCatchUp;
     964:	4b07      	ldr	r3, [pc, #28]	; (984 <xTaskCatchUpTicks+0x30>)
     966:	681a      	ldr	r2, [r3, #0]
     968:	687b      	ldr	r3, [r7, #4]
     96a:	4413      	add	r3, r2
     96c:	4a05      	ldr	r2, [pc, #20]	; (984 <xTaskCatchUpTicks+0x30>)
     96e:	6013      	str	r3, [r2, #0]
    }
    taskEXIT_CRITICAL();
     970:	f001 fd0c 	bl	238c <vPortExitCritical>
    xYieldOccurred = xTaskResumeAll();
     974:	f7ff feb8 	bl	6e8 <xTaskResumeAll>
     978:	60f8      	str	r0, [r7, #12]

    traceRETURN_xTaskCatchUpTicks( xYieldOccurred );

    return xYieldOccurred;
     97a:	68fb      	ldr	r3, [r7, #12]
}
     97c:	4618      	mov	r0, r3
     97e:	3710      	adds	r7, #16
     980:	46bd      	mov	sp, r7
     982:	bd80      	pop	{r7, pc}
     984:	2000018c 	andcs	r0, r0, ip, lsl #3

00000988 <xTaskIncrementTick>:

#endif /* INCLUDE_xTaskAbortDelay */
/*----------------------------------------------------------*/

BaseType_t xTaskIncrementTick( void )
{
     988:	b580      	push	{r7, lr}
     98a:	b088      	sub	sp, #32
     98c:	af00      	add	r7, sp, #0
    TCB_t * pxTCB;
    TickType_t xItemValue;
    BaseType_t xSwitchRequired = pdFALSE;
     98e:	2300      	movs	r3, #0
     990:	61fb      	str	r3, [r7, #28]

    /* Tick increment should occur on every kernel timer event. Core 0 has the
     * responsibility to increment the tick, or increment the pended ticks if the
     * scheduler is suspended.  If pended ticks is greater than zero, the core that
     * calls xTaskResumeAll has the responsibility to increment the tick. */
    if( uxSchedulerSuspended == ( UBaseType_t ) 0U )
     992:	4b76      	ldr	r3, [pc, #472]	; (b6c <xTaskIncrementTick+0x1e4>)
     994:	681b      	ldr	r3, [r3, #0]
     996:	2b00      	cmp	r3, #0
     998:	f040 80de 	bne.w	b58 <xTaskIncrementTick+0x1d0>
    {
        /* Minor optimisation.  The tick count cannot change in this
         * block. */
        const TickType_t xConstTickCount = xTickCount + ( TickType_t ) 1;
     99c:	4b74      	ldr	r3, [pc, #464]	; (b70 <xTaskIncrementTick+0x1e8>)
     99e:	681b      	ldr	r3, [r3, #0]
     9a0:	3301      	adds	r3, #1
     9a2:	61bb      	str	r3, [r7, #24]

        /* Increment the RTOS tick, switching the delayed and overflowed
         * delayed lists if it wraps to 0. */
        xTickCount = xConstTickCount;
     9a4:	4a72      	ldr	r2, [pc, #456]	; (b70 <xTaskIncrementTick+0x1e8>)
     9a6:	69bb      	ldr	r3, [r7, #24]
     9a8:	6013      	str	r3, [r2, #0]

        if( xConstTickCount == ( TickType_t ) 0U )
     9aa:	69bb      	ldr	r3, [r7, #24]
     9ac:	2b00      	cmp	r3, #0
     9ae:	d110      	bne.n	9d2 <xTaskIncrementTick+0x4a>
        {
            taskSWITCH_DELAYED_LISTS();
     9b0:	4b70      	ldr	r3, [pc, #448]	; (b74 <xTaskIncrementTick+0x1ec>)
     9b2:	681b      	ldr	r3, [r3, #0]
     9b4:	617b      	str	r3, [r7, #20]
     9b6:	4b70      	ldr	r3, [pc, #448]	; (b78 <xTaskIncrementTick+0x1f0>)
     9b8:	681b      	ldr	r3, [r3, #0]
     9ba:	4a6e      	ldr	r2, [pc, #440]	; (b74 <xTaskIncrementTick+0x1ec>)
     9bc:	6013      	str	r3, [r2, #0]
     9be:	4a6e      	ldr	r2, [pc, #440]	; (b78 <xTaskIncrementTick+0x1f0>)
     9c0:	697b      	ldr	r3, [r7, #20]
     9c2:	6013      	str	r3, [r2, #0]
     9c4:	4b6d      	ldr	r3, [pc, #436]	; (b7c <xTaskIncrementTick+0x1f4>)
     9c6:	681b      	ldr	r3, [r3, #0]
     9c8:	3301      	adds	r3, #1
     9ca:	4a6c      	ldr	r2, [pc, #432]	; (b7c <xTaskIncrementTick+0x1f4>)
     9cc:	6013      	str	r3, [r2, #0]
     9ce:	f000 fbb3 	bl	1138 <prvResetNextTaskUnblockTime>

        /* See if this tick has made a timeout expire.  Tasks are stored in
         * the  queue in the order of their wake time - meaning once one task
         * has been found whose block time has not expired there is no need to
         * look any further down the list. */
        if( xConstTickCount >= xNextTaskUnblockTime )
     9d2:	4b6b      	ldr	r3, [pc, #428]	; (b80 <xTaskIncrementTick+0x1f8>)
     9d4:	681b      	ldr	r3, [r3, #0]
     9d6:	69ba      	ldr	r2, [r7, #24]
     9d8:	429a      	cmp	r2, r3
     9da:	f0c0 80a8 	bcc.w	b2e <xTaskIncrementTick+0x1a6>
        {
            for( ; ; )
            {
                if( listLIST_IS_EMPTY( pxDelayedTaskList ) != pdFALSE )
     9de:	4b65      	ldr	r3, [pc, #404]	; (b74 <xTaskIncrementTick+0x1ec>)
     9e0:	681b      	ldr	r3, [r3, #0]
     9e2:	681b      	ldr	r3, [r3, #0]
     9e4:	2b00      	cmp	r3, #0
     9e6:	d104      	bne.n	9f2 <xTaskIncrementTick+0x6a>
                    /* The delayed list is empty.  Set xNextTaskUnblockTime
                     * to the maximum possible value so it is extremely
                     * unlikely that the
                     * if( xTickCount >= xNextTaskUnblockTime ) test will pass
                     * next time through. */
                    xNextTaskUnblockTime = portMAX_DELAY;
     9e8:	4b65      	ldr	r3, [pc, #404]	; (b80 <xTaskIncrementTick+0x1f8>)
     9ea:	f04f 32ff 	mov.w	r2, #4294967295	; 0xffffffff
     9ee:	601a      	str	r2, [r3, #0]
                    break;
     9f0:	e09d      	b.n	b2e <xTaskIncrementTick+0x1a6>
                     * at which the task at the head of the delayed list must
                     * be removed from the Blocked state. */
                    /* MISRA Ref 11.5.3 [Void pointer assignment] */
                    /* More details at: https://github.com/FreeRTOS/FreeRTOS-Kernel/blob/main/MISRA.md#rule-115 */
                    /* coverity[misra_c_2012_rule_11_5_violation] */
                    pxTCB = listGET_OWNER_OF_HEAD_ENTRY( pxDelayedTaskList );
     9f2:	4b60      	ldr	r3, [pc, #384]	; (b74 <xTaskIncrementTick+0x1ec>)
     9f4:	681b      	ldr	r3, [r3, #0]
     9f6:	68db      	ldr	r3, [r3, #12]
     9f8:	68db      	ldr	r3, [r3, #12]
     9fa:	613b      	str	r3, [r7, #16]
                    xItemValue = listGET_LIST_ITEM_VALUE( &( pxTCB->xStateListItem ) );
     9fc:	693b      	ldr	r3, [r7, #16]
     9fe:	685b      	ldr	r3, [r3, #4]
     a00:	60fb      	str	r3, [r7, #12]

                    if( xConstTickCount < xItemValue )
     a02:	69ba      	ldr	r2, [r7, #24]
     a04:	68fb      	ldr	r3, [r7, #12]
     a06:	429a      	cmp	r2, r3
     a08:	d203      	bcs.n	a12 <xTaskIncrementTick+0x8a>
                        /* It is not time to unblock this item yet, but the
                         * item value is the time at which the task at the head
                         * of the blocked list must be removed from the Blocked
                         * state -  so record the item value in
                         * xNextTaskUnblockTime. */
                        xNextTaskUnblockTime = xItemValue;
     a0a:	4a5d      	ldr	r2, [pc, #372]	; (b80 <xTaskIncrementTick+0x1f8>)
     a0c:	68fb      	ldr	r3, [r7, #12]
     a0e:	6013      	str	r3, [r2, #0]
                        break;
     a10:	e08d      	b.n	b2e <xTaskIncrementTick+0x1a6>
                    {
                        mtCOVERAGE_TEST_MARKER();
                    }

                    /* It is time to remove the item from the Blocked state. */
                    listREMOVE_ITEM( &( pxTCB->xStateListItem ) );
     a12:	693b      	ldr	r3, [r7, #16]
     a14:	695b      	ldr	r3, [r3, #20]
     a16:	60bb      	str	r3, [r7, #8]
     a18:	693b      	ldr	r3, [r7, #16]
     a1a:	689b      	ldr	r3, [r3, #8]
     a1c:	693a      	ldr	r2, [r7, #16]
     a1e:	68d2      	ldr	r2, [r2, #12]
     a20:	609a      	str	r2, [r3, #8]
     a22:	693b      	ldr	r3, [r7, #16]
     a24:	68db      	ldr	r3, [r3, #12]
     a26:	693a      	ldr	r2, [r7, #16]
     a28:	6892      	ldr	r2, [r2, #8]
     a2a:	605a      	str	r2, [r3, #4]
     a2c:	68bb      	ldr	r3, [r7, #8]
     a2e:	685a      	ldr	r2, [r3, #4]
     a30:	693b      	ldr	r3, [r7, #16]
     a32:	3304      	adds	r3, #4
     a34:	429a      	cmp	r2, r3
     a36:	d103      	bne.n	a40 <xTaskIncrementTick+0xb8>
     a38:	693b      	ldr	r3, [r7, #16]
     a3a:	68da      	ldr	r2, [r3, #12]
     a3c:	68bb      	ldr	r3, [r7, #8]
     a3e:	605a      	str	r2, [r3, #4]
     a40:	693b      	ldr	r3, [r7, #16]
     a42:	2200      	movs	r2, #0
     a44:	615a      	str	r2, [r3, #20]
     a46:	68bb      	ldr	r3, [r7, #8]
     a48:	681b      	ldr	r3, [r3, #0]
     a4a:	1e5a      	subs	r2, r3, #1
     a4c:	68bb      	ldr	r3, [r7, #8]
     a4e:	601a      	str	r2, [r3, #0]

                    /* Is the task waiting on an event also?  If so remove
                     * it from the event list. */
                    if( listLIST_ITEM_CONTAINER( &( pxTCB->xEventListItem ) ) != NULL )
     a50:	693b      	ldr	r3, [r7, #16]
     a52:	6a9b      	ldr	r3, [r3, #40]	; 0x28
     a54:	2b00      	cmp	r3, #0
     a56:	d01e      	beq.n	a96 <xTaskIncrementTick+0x10e>
                    {
                        listREMOVE_ITEM( &( pxTCB->xEventListItem ) );
     a58:	693b      	ldr	r3, [r7, #16]
     a5a:	6a9b      	ldr	r3, [r3, #40]	; 0x28
     a5c:	607b      	str	r3, [r7, #4]
     a5e:	693b      	ldr	r3, [r7, #16]
     a60:	69db      	ldr	r3, [r3, #28]
     a62:	693a      	ldr	r2, [r7, #16]
     a64:	6a12      	ldr	r2, [r2, #32]
     a66:	609a      	str	r2, [r3, #8]
     a68:	693b      	ldr	r3, [r7, #16]
     a6a:	6a1b      	ldr	r3, [r3, #32]
     a6c:	693a      	ldr	r2, [r7, #16]
     a6e:	69d2      	ldr	r2, [r2, #28]
     a70:	605a      	str	r2, [r3, #4]
     a72:	687b      	ldr	r3, [r7, #4]
     a74:	685a      	ldr	r2, [r3, #4]
     a76:	693b      	ldr	r3, [r7, #16]
     a78:	3318      	adds	r3, #24
     a7a:	429a      	cmp	r2, r3
     a7c:	d103      	bne.n	a86 <xTaskIncrementTick+0xfe>
     a7e:	693b      	ldr	r3, [r7, #16]
     a80:	6a1a      	ldr	r2, [r3, #32]
     a82:	687b      	ldr	r3, [r7, #4]
     a84:	605a      	str	r2, [r3, #4]
     a86:	693b      	ldr	r3, [r7, #16]
     a88:	2200      	movs	r2, #0
     a8a:	629a      	str	r2, [r3, #40]	; 0x28
     a8c:	687b      	ldr	r3, [r7, #4]
     a8e:	681b      	ldr	r3, [r3, #0]
     a90:	1e5a      	subs	r2, r3, #1
     a92:	687b      	ldr	r3, [r7, #4]
     a94:	601a      	str	r2, [r3, #0]
                        mtCOVERAGE_TEST_MARKER();
                    }

                    /* Place the unblocked task into the appropriate ready
                     * list. */
                    prvAddTaskToReadyList( pxTCB );
     a96:	693b      	ldr	r3, [r7, #16]
     a98:	6adb      	ldr	r3, [r3, #44]	; 0x2c
     a9a:	2201      	movs	r2, #1
     a9c:	409a      	lsls	r2, r3
     a9e:	4b39      	ldr	r3, [pc, #228]	; (b84 <xTaskIncrementTick+0x1fc>)
     aa0:	681b      	ldr	r3, [r3, #0]
     aa2:	4313      	orrs	r3, r2
     aa4:	4a37      	ldr	r2, [pc, #220]	; (b84 <xTaskIncrementTick+0x1fc>)
     aa6:	6013      	str	r3, [r2, #0]
     aa8:	693b      	ldr	r3, [r7, #16]
     aaa:	6ada      	ldr	r2, [r3, #44]	; 0x2c
     aac:	4936      	ldr	r1, [pc, #216]	; (b88 <xTaskIncrementTick+0x200>)
     aae:	4613      	mov	r3, r2
     ab0:	009b      	lsls	r3, r3, #2
     ab2:	4413      	add	r3, r2
     ab4:	009b      	lsls	r3, r3, #2
     ab6:	440b      	add	r3, r1
     ab8:	3304      	adds	r3, #4
     aba:	681b      	ldr	r3, [r3, #0]
     abc:	603b      	str	r3, [r7, #0]
     abe:	693b      	ldr	r3, [r7, #16]
     ac0:	683a      	ldr	r2, [r7, #0]
     ac2:	609a      	str	r2, [r3, #8]
     ac4:	683b      	ldr	r3, [r7, #0]
     ac6:	689a      	ldr	r2, [r3, #8]
     ac8:	693b      	ldr	r3, [r7, #16]
     aca:	60da      	str	r2, [r3, #12]
     acc:	683b      	ldr	r3, [r7, #0]
     ace:	689b      	ldr	r3, [r3, #8]
     ad0:	693a      	ldr	r2, [r7, #16]
     ad2:	3204      	adds	r2, #4
     ad4:	605a      	str	r2, [r3, #4]
     ad6:	693b      	ldr	r3, [r7, #16]
     ad8:	1d1a      	adds	r2, r3, #4
     ada:	683b      	ldr	r3, [r7, #0]
     adc:	609a      	str	r2, [r3, #8]
     ade:	693b      	ldr	r3, [r7, #16]
     ae0:	6ada      	ldr	r2, [r3, #44]	; 0x2c
     ae2:	4613      	mov	r3, r2
     ae4:	009b      	lsls	r3, r3, #2
     ae6:	4413      	add	r3, r2
     ae8:	009b      	lsls	r3, r3, #2
     aea:	4a27      	ldr	r2, [pc, #156]	; (b88 <xTaskIncrementTick+0x200>)
     aec:	441a      	add	r2, r3
     aee:	693b      	ldr	r3, [r7, #16]
     af0:	615a      	str	r2, [r3, #20]
     af2:	693b      	ldr	r3, [r7, #16]
     af4:	6ada      	ldr	r2, [r3, #44]	; 0x2c
     af6:	4924      	ldr	r1, [pc, #144]	; (b88 <xTaskIncrementTick+0x200>)
     af8:	4613      	mov	r3, r2
     afa:	009b      	lsls	r3, r3, #2
     afc:	4413      	add	r3, r2
     afe:	009b      	lsls	r3, r3, #2
     b00:	440b      	add	r3, r1
     b02:	681b      	ldr	r3, [r3, #0]
     b04:	693a      	ldr	r2, [r7, #16]
     b06:	6ad2      	ldr	r2, [r2, #44]	; 0x2c
     b08:	1c59      	adds	r1, r3, #1
     b0a:	481f      	ldr	r0, [pc, #124]	; (b88 <xTaskIncrementTick+0x200>)
     b0c:	4613      	mov	r3, r2
     b0e:	009b      	lsls	r3, r3, #2
     b10:	4413      	add	r3, r2
     b12:	009b      	lsls	r3, r3, #2
     b14:	4403      	add	r3, r0
     b16:	6019      	str	r1, [r3, #0]
                             * task.
                             * The case of equal priority tasks sharing
                             * processing time (which happens when both
                             * preemption and time slicing are on) is
                             * handled below.*/
                            if( pxTCB->uxPriority > pxCurrentTCB->uxPriority )
     b18:	693b      	ldr	r3, [r7, #16]
     b1a:	6ada      	ldr	r2, [r3, #44]	; 0x2c
     b1c:	4b1b      	ldr	r3, [pc, #108]	; (b8c <xTaskIncrementTick+0x204>)
     b1e:	681b      	ldr	r3, [r3, #0]
     b20:	6adb      	ldr	r3, [r3, #44]	; 0x2c
     b22:	429a      	cmp	r2, r3
     b24:	f67f af5b 	bls.w	9de <xTaskIncrementTick+0x56>
                            {
                                xSwitchRequired = pdTRUE;
     b28:	2301      	movs	r3, #1
     b2a:	61fb      	str	r3, [r7, #28]
                if( listLIST_IS_EMPTY( pxDelayedTaskList ) != pdFALSE )
     b2c:	e757      	b.n	9de <xTaskIncrementTick+0x56>
         * writer has not explicitly turned time slicing off. */
        #if ( ( configUSE_PREEMPTION == 1 ) && ( configUSE_TIME_SLICING == 1 ) )
        {
            #if ( configNUMBER_OF_CORES == 1 )
            {
                if( listCURRENT_LIST_LENGTH( &( pxReadyTasksLists[ pxCurrentTCB->uxPriority ] ) ) > 1U )
     b2e:	4b17      	ldr	r3, [pc, #92]	; (b8c <xTaskIncrementTick+0x204>)
     b30:	681b      	ldr	r3, [r3, #0]
     b32:	6ada      	ldr	r2, [r3, #44]	; 0x2c
     b34:	4914      	ldr	r1, [pc, #80]	; (b88 <xTaskIncrementTick+0x200>)
     b36:	4613      	mov	r3, r2
     b38:	009b      	lsls	r3, r3, #2
     b3a:	4413      	add	r3, r2
     b3c:	009b      	lsls	r3, r3, #2
     b3e:	440b      	add	r3, r1
     b40:	681b      	ldr	r3, [r3, #0]
     b42:	2b01      	cmp	r3, #1
     b44:	d901      	bls.n	b4a <xTaskIncrementTick+0x1c2>
                {
                    xSwitchRequired = pdTRUE;
     b46:	2301      	movs	r3, #1
     b48:	61fb      	str	r3, [r7, #28]
        #if ( configUSE_PREEMPTION == 1 )
        {
            #if ( configNUMBER_OF_CORES == 1 )
            {
                /* For single core the core ID is always 0. */
                if( xYieldPendings[ 0 ] != pdFALSE )
     b4a:	4b11      	ldr	r3, [pc, #68]	; (b90 <xTaskIncrementTick+0x208>)
     b4c:	681b      	ldr	r3, [r3, #0]
     b4e:	2b00      	cmp	r3, #0
     b50:	d007      	beq.n	b62 <xTaskIncrementTick+0x1da>
                {
                    xSwitchRequired = pdTRUE;
     b52:	2301      	movs	r3, #1
     b54:	61fb      	str	r3, [r7, #28]
     b56:	e004      	b.n	b62 <xTaskIncrementTick+0x1da>
        }
        #endif /* #if ( configUSE_PREEMPTION == 1 ) */
    }
    else
    {
        xPendedTicks += 1U;
     b58:	4b0e      	ldr	r3, [pc, #56]	; (b94 <xTaskIncrementTick+0x20c>)
     b5a:	681b      	ldr	r3, [r3, #0]
     b5c:	3301      	adds	r3, #1
     b5e:	4a0d      	ldr	r2, [pc, #52]	; (b94 <xTaskIncrementTick+0x20c>)
     b60:	6013      	str	r3, [r2, #0]
        #endif
    }

    traceRETURN_xTaskIncrementTick( xSwitchRequired );

    return xSwitchRequired;
     b62:	69fb      	ldr	r3, [r7, #28]
}
     b64:	4618      	mov	r0, r3
     b66:	3720      	adds	r7, #32
     b68:	46bd      	mov	sp, r7
     b6a:	bd80      	pop	{r7, pc}
     b6c:	200001a4 	andcs	r0, r0, r4, lsr #3
     b70:	20000180 	andcs	r0, r0, r0, lsl #3
     b74:	20000160 	andcs	r0, r0, r0, ror #2
     b78:	20000164 	andcs	r0, r0, r4, ror #2
     b7c:	20000194 	mulcs	r0, r4, r1
     b80:	2000019c 	mulcs	r0, ip, r1
     b84:	20000184 	andcs	r0, r0, r4, lsl #3
     b88:	2000000c 	andcs	r0, r0, ip
     b8c:	20000008 	andcs	r0, r0, r8
     b90:	20000190 	mulcs	r0, r0, r1
     b94:	2000018c 	andcs	r0, r0, ip, lsl #3

00000b98 <vTaskSwitchContext>:
#endif /* configUSE_APPLICATION_TASK_TAG */
/*-----------------------------------------------------------*/

#if ( configNUMBER_OF_CORES == 1 )
    void vTaskSwitchContext( void )
    {
     b98:	b480      	push	{r7}
     b9a:	b085      	sub	sp, #20
     b9c:	af00      	add	r7, sp, #0
        traceENTER_vTaskSwitchContext();

        if( uxSchedulerSuspended != ( UBaseType_t ) 0U )
     b9e:	4b1c      	ldr	r3, [pc, #112]	; (c10 <vTaskSwitchContext+0x78>)
     ba0:	681b      	ldr	r3, [r3, #0]
     ba2:	2b00      	cmp	r3, #0
     ba4:	d003      	beq.n	bae <vTaskSwitchContext+0x16>
        {
            /* The scheduler is currently suspended - do not allow a context
             * switch. */
            xYieldPendings[ 0 ] = pdTRUE;
     ba6:	4b1b      	ldr	r3, [pc, #108]	; (c14 <vTaskSwitchContext+0x7c>)
     ba8:	2201      	movs	r2, #1
     baa:	601a      	str	r2, [r3, #0]
            }
            #endif
        }

        traceRETURN_vTaskSwitchContext();
    }
     bac:	e02b      	b.n	c06 <vTaskSwitchContext+0x6e>
            xYieldPendings[ 0 ] = pdFALSE;
     bae:	4b19      	ldr	r3, [pc, #100]	; (c14 <vTaskSwitchContext+0x7c>)
     bb0:	2200      	movs	r2, #0
     bb2:	601a      	str	r2, [r3, #0]
            taskSELECT_HIGHEST_PRIORITY_TASK();
     bb4:	4b18      	ldr	r3, [pc, #96]	; (c18 <vTaskSwitchContext+0x80>)
     bb6:	681b      	ldr	r3, [r3, #0]
     bb8:	607b      	str	r3, [r7, #4]
        __asm volatile ( "clz %0, %1" : "=r" ( ucReturn ) : "r" ( ulBitmap ) : "memory" );
     bba:	687b      	ldr	r3, [r7, #4]
     bbc:	fab3 f383 	clz	r3, r3
     bc0:	70fb      	strb	r3, [r7, #3]
        return ucReturn;
     bc2:	78fb      	ldrb	r3, [r7, #3]
     bc4:	f1c3 031f 	rsb	r3, r3, #31
     bc8:	60fb      	str	r3, [r7, #12]
     bca:	68fa      	ldr	r2, [r7, #12]
     bcc:	4613      	mov	r3, r2
     bce:	009b      	lsls	r3, r3, #2
     bd0:	4413      	add	r3, r2
     bd2:	009b      	lsls	r3, r3, #2
     bd4:	4a11      	ldr	r2, [pc, #68]	; (c1c <vTaskSwitchContext+0x84>)
     bd6:	4413      	add	r3, r2
     bd8:	60bb      	str	r3, [r7, #8]
     bda:	68bb      	ldr	r3, [r7, #8]
     bdc:	685b      	ldr	r3, [r3, #4]
     bde:	685a      	ldr	r2, [r3, #4]
     be0:	68bb      	ldr	r3, [r7, #8]
     be2:	605a      	str	r2, [r3, #4]
     be4:	68bb      	ldr	r3, [r7, #8]
     be6:	685a      	ldr	r2, [r3, #4]
     be8:	68bb      	ldr	r3, [r7, #8]
     bea:	3308      	adds	r3, #8
     bec:	429a      	cmp	r2, r3
     bee:	d103      	bne.n	bf8 <vTaskSwitchContext+0x60>
     bf0:	68bb      	ldr	r3, [r7, #8]
     bf2:	68da      	ldr	r2, [r3, #12]
     bf4:	68bb      	ldr	r3, [r7, #8]
     bf6:	605a      	str	r2, [r3, #4]
     bf8:	68bb      	ldr	r3, [r7, #8]
     bfa:	685b      	ldr	r3, [r3, #4]
     bfc:	68db      	ldr	r3, [r3, #12]
     bfe:	4a08      	ldr	r2, [pc, #32]	; (c20 <vTaskSwitchContext+0x88>)
     c00:	6013      	str	r3, [r2, #0]
            portTASK_SWITCH_HOOK( pxCurrentTCB );
     c02:	4b07      	ldr	r3, [pc, #28]	; (c20 <vTaskSwitchContext+0x88>)
     c04:	681b      	ldr	r3, [r3, #0]
    }
     c06:	bf00      	nop
     c08:	3714      	adds	r7, #20
     c0a:	46bd      	mov	sp, r7
     c0c:	bc80      	pop	{r7}
     c0e:	4770      	bx	lr
     c10:	200001a4 	andcs	r0, r0, r4, lsr #3
     c14:	20000190 	mulcs	r0, r0, r1
     c18:	20000184 	andcs	r0, r0, r4, lsl #3
     c1c:	2000000c 	andcs	r0, r0, ip
     c20:	20000008 	andcs	r0, r0, r8

00000c24 <vTaskPlaceOnEventList>:
#endif /* if ( configNUMBER_OF_CORES > 1 ) */
/*-----------------------------------------------------------*/

void vTaskPlaceOnEventList( List_t * const pxEventList,
                            const TickType_t xTicksToWait )
{
     c24:	b580      	push	{r7, lr}
     c26:	b082      	sub	sp, #8
     c28:	af00      	add	r7, sp, #0
     c2a:	6078      	str	r0, [r7, #4]
     c2c:	6039      	str	r1, [r7, #0]
     *      xItemValue = ( configMAX_PRIORITIES - uxPriority )
     * Therefore, the event list is sorted in descending priority order.
     *
     * The queue that contains the event list is locked, preventing
     * simultaneous access from interrupts. */
    vListInsert( pxEventList, &( pxCurrentTCB->xEventListItem ) );
     c2e:	4b07      	ldr	r3, [pc, #28]	; (c4c <vTaskPlaceOnEventList+0x28>)
     c30:	681b      	ldr	r3, [r3, #0]
     c32:	3318      	adds	r3, #24
     c34:	4619      	mov	r1, r3
     c36:	6878      	ldr	r0, [r7, #4]
     c38:	f001 f818 	bl	1c6c <vListInsert>

    prvAddCurrentTaskToDelayedList( xTicksToWait, pdTRUE );
     c3c:	2101      	movs	r1, #1
     c3e:	6838      	ldr	r0, [r7, #0]
     c40:	f000 ff26 	bl	1a90 <prvAddCurrentTaskToDelayedList>

    traceRETURN_vTaskPlaceOnEventList();
}
     c44:	bf00      	nop
     c46:	3708      	adds	r7, #8
     c48:	46bd      	mov	sp, r7
     c4a:	bd80      	pop	{r7, pc}
     c4c:	20000008 	andcs	r0, r0, r8

00000c50 <vTaskPlaceOnUnorderedEventList>:
/*-----------------------------------------------------------*/

void vTaskPlaceOnUnorderedEventList( List_t * pxEventList,
                                     const TickType_t xItemValue,
                                     const TickType_t xTicksToWait )
{
     c50:	b580      	push	{r7, lr}
     c52:	b086      	sub	sp, #24
     c54:	af00      	add	r7, sp, #0
     c56:	60f8      	str	r0, [r7, #12]
     c58:	60b9      	str	r1, [r7, #8]
     c5a:	607a      	str	r2, [r7, #4]
    configASSERT( uxSchedulerSuspended != ( UBaseType_t ) 0U );

    /* Store the item value in the event list item.  It is safe to access the
     * event list item here as interrupts won't access the event list item of a
     * task that is not in the Blocked state. */
    listSET_LIST_ITEM_VALUE( &( pxCurrentTCB->xEventListItem ), xItemValue | taskEVENT_LIST_ITEM_VALUE_IN_USE );
     c5c:	4b17      	ldr	r3, [pc, #92]	; (cbc <vTaskPlaceOnUnorderedEventList+0x6c>)
     c5e:	681b      	ldr	r3, [r3, #0]
     c60:	68ba      	ldr	r2, [r7, #8]
     c62:	f042 4200 	orr.w	r2, r2, #2147483648	; 0x80000000
     c66:	619a      	str	r2, [r3, #24]
    /* Place the event list item of the TCB at the end of the appropriate event
     * list.  It is safe to access the event list here because it is part of an
     * event group implementation - and interrupts don't access event groups
     * directly (instead they access them indirectly by pending function calls to
     * the task level). */
    listINSERT_END( pxEventList, &( pxCurrentTCB->xEventListItem ) );
     c68:	68fb      	ldr	r3, [r7, #12]
     c6a:	685b      	ldr	r3, [r3, #4]
     c6c:	617b      	str	r3, [r7, #20]
     c6e:	4b13      	ldr	r3, [pc, #76]	; (cbc <vTaskPlaceOnUnorderedEventList+0x6c>)
     c70:	681b      	ldr	r3, [r3, #0]
     c72:	697a      	ldr	r2, [r7, #20]
     c74:	61da      	str	r2, [r3, #28]
     c76:	4b11      	ldr	r3, [pc, #68]	; (cbc <vTaskPlaceOnUnorderedEventList+0x6c>)
     c78:	681b      	ldr	r3, [r3, #0]
     c7a:	697a      	ldr	r2, [r7, #20]
     c7c:	6892      	ldr	r2, [r2, #8]
     c7e:	621a      	str	r2, [r3, #32]
     c80:	4b0e      	ldr	r3, [pc, #56]	; (cbc <vTaskPlaceOnUnorderedEventList+0x6c>)
     c82:	681a      	ldr	r2, [r3, #0]
     c84:	697b      	ldr	r3, [r7, #20]
     c86:	689b      	ldr	r3, [r3, #8]
     c88:	3218      	adds	r2, #24
     c8a:	605a      	str	r2, [r3, #4]
     c8c:	4b0b      	ldr	r3, [pc, #44]	; (cbc <vTaskPlaceOnUnorderedEventList+0x6c>)
     c8e:	681b      	ldr	r3, [r3, #0]
     c90:	f103 0218 	add.w	r2, r3, #24
     c94:	697b      	ldr	r3, [r7, #20]
     c96:	609a      	str	r2, [r3, #8]
     c98:	4b08      	ldr	r3, [pc, #32]	; (cbc <vTaskPlaceOnUnorderedEventList+0x6c>)
     c9a:	681b      	ldr	r3, [r3, #0]
     c9c:	68fa      	ldr	r2, [r7, #12]
     c9e:	629a      	str	r2, [r3, #40]	; 0x28
     ca0:	68fb      	ldr	r3, [r7, #12]
     ca2:	681b      	ldr	r3, [r3, #0]
     ca4:	1c5a      	adds	r2, r3, #1
     ca6:	68fb      	ldr	r3, [r7, #12]
     ca8:	601a      	str	r2, [r3, #0]

    prvAddCurrentTaskToDelayedList( xTicksToWait, pdTRUE );
     caa:	2101      	movs	r1, #1
     cac:	6878      	ldr	r0, [r7, #4]
     cae:	f000 feef 	bl	1a90 <prvAddCurrentTaskToDelayedList>

    traceRETURN_vTaskPlaceOnUnorderedEventList();
}
     cb2:	bf00      	nop
     cb4:	3718      	adds	r7, #24
     cb6:	46bd      	mov	sp, r7
     cb8:	bd80      	pop	{r7, pc}
     cba:	bf00      	nop
     cbc:	20000008 	andcs	r0, r0, r8

00000cc0 <xTaskRemoveFromEventList>:

#endif /* configUSE_TIMERS */
/*-----------------------------------------------------------*/

BaseType_t xTaskRemoveFromEventList( const List_t * const pxEventList )
{
     cc0:	b480      	push	{r7}
     cc2:	b089      	sub	sp, #36	; 0x24
     cc4:	af00      	add	r7, sp, #0
     cc6:	6078      	str	r0, [r7, #4]
     * This function assumes that a check has already been made to ensure that
     * pxEventList is not empty. */
    /* MISRA Ref 11.5.3 [Void pointer assignment] */
    /* More details at: https://github.com/FreeRTOS/FreeRTOS-Kernel/blob/main/MISRA.md#rule-115 */
    /* coverity[misra_c_2012_rule_11_5_violation] */
    pxUnblockedTCB = listGET_OWNER_OF_HEAD_ENTRY( pxEventList );
     cc8:	687b      	ldr	r3, [r7, #4]
     cca:	68db      	ldr	r3, [r3, #12]
     ccc:	68db      	ldr	r3, [r3, #12]
     cce:	61bb      	str	r3, [r7, #24]
    configASSERT( pxUnblockedTCB );
    listREMOVE_ITEM( &( pxUnblockedTCB->xEventListItem ) );
     cd0:	69bb      	ldr	r3, [r7, #24]
     cd2:	6a9b      	ldr	r3, [r3, #40]	; 0x28
     cd4:	617b      	str	r3, [r7, #20]
     cd6:	69bb      	ldr	r3, [r7, #24]
     cd8:	69db      	ldr	r3, [r3, #28]
     cda:	69ba      	ldr	r2, [r7, #24]
     cdc:	6a12      	ldr	r2, [r2, #32]
     cde:	609a      	str	r2, [r3, #8]
     ce0:	69bb      	ldr	r3, [r7, #24]
     ce2:	6a1b      	ldr	r3, [r3, #32]
     ce4:	69ba      	ldr	r2, [r7, #24]
     ce6:	69d2      	ldr	r2, [r2, #28]
     ce8:	605a      	str	r2, [r3, #4]
     cea:	697b      	ldr	r3, [r7, #20]
     cec:	685a      	ldr	r2, [r3, #4]
     cee:	69bb      	ldr	r3, [r7, #24]
     cf0:	3318      	adds	r3, #24
     cf2:	429a      	cmp	r2, r3
     cf4:	d103      	bne.n	cfe <xTaskRemoveFromEventList+0x3e>
     cf6:	69bb      	ldr	r3, [r7, #24]
     cf8:	6a1a      	ldr	r2, [r3, #32]
     cfa:	697b      	ldr	r3, [r7, #20]
     cfc:	605a      	str	r2, [r3, #4]
     cfe:	69bb      	ldr	r3, [r7, #24]
     d00:	2200      	movs	r2, #0
     d02:	629a      	str	r2, [r3, #40]	; 0x28
     d04:	697b      	ldr	r3, [r7, #20]
     d06:	681b      	ldr	r3, [r3, #0]
     d08:	1e5a      	subs	r2, r3, #1
     d0a:	697b      	ldr	r3, [r7, #20]
     d0c:	601a      	str	r2, [r3, #0]

    if( uxSchedulerSuspended == ( UBaseType_t ) 0U )
     d0e:	4b4b      	ldr	r3, [pc, #300]	; (e3c <xTaskRemoveFromEventList+0x17c>)
     d10:	681b      	ldr	r3, [r3, #0]
     d12:	2b00      	cmp	r3, #0
     d14:	d160      	bne.n	dd8 <xTaskRemoveFromEventList+0x118>
    {
        listREMOVE_ITEM( &( pxUnblockedTCB->xStateListItem ) );
     d16:	69bb      	ldr	r3, [r7, #24]
     d18:	695b      	ldr	r3, [r3, #20]
     d1a:	60fb      	str	r3, [r7, #12]
     d1c:	69bb      	ldr	r3, [r7, #24]
     d1e:	689b      	ldr	r3, [r3, #8]
     d20:	69ba      	ldr	r2, [r7, #24]
     d22:	68d2      	ldr	r2, [r2, #12]
     d24:	609a      	str	r2, [r3, #8]
     d26:	69bb      	ldr	r3, [r7, #24]
     d28:	68db      	ldr	r3, [r3, #12]
     d2a:	69ba      	ldr	r2, [r7, #24]
     d2c:	6892      	ldr	r2, [r2, #8]
     d2e:	605a      	str	r2, [r3, #4]
     d30:	68fb      	ldr	r3, [r7, #12]
     d32:	685a      	ldr	r2, [r3, #4]
     d34:	69bb      	ldr	r3, [r7, #24]
     d36:	3304      	adds	r3, #4
     d38:	429a      	cmp	r2, r3
     d3a:	d103      	bne.n	d44 <xTaskRemoveFromEventList+0x84>
     d3c:	69bb      	ldr	r3, [r7, #24]
     d3e:	68da      	ldr	r2, [r3, #12]
     d40:	68fb      	ldr	r3, [r7, #12]
     d42:	605a      	str	r2, [r3, #4]
     d44:	69bb      	ldr	r3, [r7, #24]
     d46:	2200      	movs	r2, #0
     d48:	615a      	str	r2, [r3, #20]
     d4a:	68fb      	ldr	r3, [r7, #12]
     d4c:	681b      	ldr	r3, [r3, #0]
     d4e:	1e5a      	subs	r2, r3, #1
     d50:	68fb      	ldr	r3, [r7, #12]
     d52:	601a      	str	r2, [r3, #0]
        prvAddTaskToReadyList( pxUnblockedTCB );
     d54:	69bb      	ldr	r3, [r7, #24]
     d56:	6adb      	ldr	r3, [r3, #44]	; 0x2c
     d58:	2201      	movs	r2, #1
     d5a:	409a      	lsls	r2, r3
     d5c:	4b38      	ldr	r3, [pc, #224]	; (e40 <xTaskRemoveFromEventList+0x180>)
     d5e:	681b      	ldr	r3, [r3, #0]
     d60:	4313      	orrs	r3, r2
     d62:	4a37      	ldr	r2, [pc, #220]	; (e40 <xTaskRemoveFromEventList+0x180>)
     d64:	6013      	str	r3, [r2, #0]
     d66:	69bb      	ldr	r3, [r7, #24]
     d68:	6ada      	ldr	r2, [r3, #44]	; 0x2c
     d6a:	4936      	ldr	r1, [pc, #216]	; (e44 <xTaskRemoveFromEventList+0x184>)
     d6c:	4613      	mov	r3, r2
     d6e:	009b      	lsls	r3, r3, #2
     d70:	4413      	add	r3, r2
     d72:	009b      	lsls	r3, r3, #2
     d74:	440b      	add	r3, r1
     d76:	3304      	adds	r3, #4
     d78:	681b      	ldr	r3, [r3, #0]
     d7a:	60bb      	str	r3, [r7, #8]
     d7c:	69bb      	ldr	r3, [r7, #24]
     d7e:	68ba      	ldr	r2, [r7, #8]
     d80:	609a      	str	r2, [r3, #8]
     d82:	68bb      	ldr	r3, [r7, #8]
     d84:	689a      	ldr	r2, [r3, #8]
     d86:	69bb      	ldr	r3, [r7, #24]
     d88:	60da      	str	r2, [r3, #12]
     d8a:	68bb      	ldr	r3, [r7, #8]
     d8c:	689b      	ldr	r3, [r3, #8]
     d8e:	69ba      	ldr	r2, [r7, #24]
     d90:	3204      	adds	r2, #4
     d92:	605a      	str	r2, [r3, #4]
     d94:	69bb      	ldr	r3, [r7, #24]
     d96:	1d1a      	adds	r2, r3, #4
     d98:	68bb      	ldr	r3, [r7, #8]
     d9a:	609a      	str	r2, [r3, #8]
     d9c:	69bb      	ldr	r3, [r7, #24]
     d9e:	6ada      	ldr	r2, [r3, #44]	; 0x2c
     da0:	4613      	mov	r3, r2
     da2:	009b      	lsls	r3, r3, #2
     da4:	4413      	add	r3, r2
     da6:	009b      	lsls	r3, r3, #2
     da8:	4a26      	ldr	r2, [pc, #152]	; (e44 <xTaskRemoveFromEventList+0x184>)
     daa:	441a      	add	r2, r3
     dac:	69bb      	ldr	r3, [r7, #24]
     dae:	615a      	str	r2, [r3, #20]
     db0:	69bb      	ldr	r3, [r7, #24]
     db2:	6ada      	ldr	r2, [r3, #44]	; 0x2c
     db4:	4923      	ldr	r1, [pc, #140]	; (e44 <xTaskRemoveFromEventList+0x184>)
     db6:	4613      	mov	r3, r2
     db8:	009b      	lsls	r3, r3, #2
     dba:	4413      	add	r3, r2
     dbc:	009b      	lsls	r3, r3, #2
     dbe:	440b      	add	r3, r1
     dc0:	681b      	ldr	r3, [r3, #0]
     dc2:	69ba      	ldr	r2, [r7, #24]
     dc4:	6ad2      	ldr	r2, [r2, #44]	; 0x2c
     dc6:	1c59      	adds	r1, r3, #1
     dc8:	481e      	ldr	r0, [pc, #120]	; (e44 <xTaskRemoveFromEventList+0x184>)
     dca:	4613      	mov	r3, r2
     dcc:	009b      	lsls	r3, r3, #2
     dce:	4413      	add	r3, r2
     dd0:	009b      	lsls	r3, r3, #2
     dd2:	4403      	add	r3, r0
     dd4:	6019      	str	r1, [r3, #0]
     dd6:	e01b      	b.n	e10 <xTaskRemoveFromEventList+0x150>
    }
    else
    {
        /* The delayed and ready lists cannot be accessed, so hold this task
         * pending until the scheduler is resumed. */
        listINSERT_END( &( xPendingReadyList ), &( pxUnblockedTCB->xEventListItem ) );
     dd8:	4b1b      	ldr	r3, [pc, #108]	; (e48 <xTaskRemoveFromEventList+0x188>)
     dda:	685b      	ldr	r3, [r3, #4]
     ddc:	613b      	str	r3, [r7, #16]
     dde:	69bb      	ldr	r3, [r7, #24]
     de0:	693a      	ldr	r2, [r7, #16]
     de2:	61da      	str	r2, [r3, #28]
     de4:	693b      	ldr	r3, [r7, #16]
     de6:	689a      	ldr	r2, [r3, #8]
     de8:	69bb      	ldr	r3, [r7, #24]
     dea:	621a      	str	r2, [r3, #32]
     dec:	693b      	ldr	r3, [r7, #16]
     dee:	689b      	ldr	r3, [r3, #8]
     df0:	69ba      	ldr	r2, [r7, #24]
     df2:	3218      	adds	r2, #24
     df4:	605a      	str	r2, [r3, #4]
     df6:	69bb      	ldr	r3, [r7, #24]
     df8:	f103 0218 	add.w	r2, r3, #24
     dfc:	693b      	ldr	r3, [r7, #16]
     dfe:	609a      	str	r2, [r3, #8]
     e00:	69bb      	ldr	r3, [r7, #24]
     e02:	4a11      	ldr	r2, [pc, #68]	; (e48 <xTaskRemoveFromEventList+0x188>)
     e04:	629a      	str	r2, [r3, #40]	; 0x28
     e06:	4b10      	ldr	r3, [pc, #64]	; (e48 <xTaskRemoveFromEventList+0x188>)
     e08:	681b      	ldr	r3, [r3, #0]
     e0a:	3301      	adds	r3, #1
     e0c:	4a0e      	ldr	r2, [pc, #56]	; (e48 <xTaskRemoveFromEventList+0x188>)
     e0e:	6013      	str	r3, [r2, #0]
    }

    #if ( configNUMBER_OF_CORES == 1 )
    {
        if( pxUnblockedTCB->uxPriority > pxCurrentTCB->uxPriority )
     e10:	69bb      	ldr	r3, [r7, #24]
     e12:	6ada      	ldr	r2, [r3, #44]	; 0x2c
     e14:	4b0d      	ldr	r3, [pc, #52]	; (e4c <xTaskRemoveFromEventList+0x18c>)
     e16:	681b      	ldr	r3, [r3, #0]
     e18:	6adb      	ldr	r3, [r3, #44]	; 0x2c
     e1a:	429a      	cmp	r2, r3
     e1c:	d905      	bls.n	e2a <xTaskRemoveFromEventList+0x16a>
        {
            /* Return true if the task removed from the event list has a higher
             * priority than the calling task.  This allows the calling task to know if
             * it should force a context switch now. */
            xReturn = pdTRUE;
     e1e:	2301      	movs	r3, #1
     e20:	61fb      	str	r3, [r7, #28]

            /* Mark that a yield is pending in case the user is not using the
             * "xHigherPriorityTaskWoken" parameter to an ISR safe FreeRTOS function. */
            xYieldPendings[ 0 ] = pdTRUE;
     e22:	4b0b      	ldr	r3, [pc, #44]	; (e50 <xTaskRemoveFromEventList+0x190>)
     e24:	2201      	movs	r2, #1
     e26:	601a      	str	r2, [r3, #0]
     e28:	e001      	b.n	e2e <xTaskRemoveFromEventList+0x16e>
        }
        else
        {
            xReturn = pdFALSE;
     e2a:	2300      	movs	r3, #0
     e2c:	61fb      	str	r3, [r7, #28]
        #endif /* #if ( configUSE_PREEMPTION == 1 ) */
    }
    #endif /* #if ( configNUMBER_OF_CORES == 1 ) */

    traceRETURN_xTaskRemoveFromEventList( xReturn );
    return xReturn;
     e2e:	69fb      	ldr	r3, [r7, #28]
}
     e30:	4618      	mov	r0, r3
     e32:	3724      	adds	r7, #36	; 0x24
     e34:	46bd      	mov	sp, r7
     e36:	bc80      	pop	{r7}
     e38:	4770      	bx	lr
     e3a:	bf00      	nop
     e3c:	200001a4 	andcs	r0, r0, r4, lsr #3
     e40:	20000184 	andcs	r0, r0, r4, lsl #3
     e44:	2000000c 	andcs	r0, r0, ip
     e48:	20000168 	andcs	r0, r0, r8, ror #2
     e4c:	20000008 	andcs	r0, r0, r8
     e50:	20000190 	mulcs	r0, r0, r1

00000e54 <vTaskRemoveFromUnorderedEventList>:
/*-----------------------------------------------------------*/

void vTaskRemoveFromUnorderedEventList( ListItem_t * pxEventListItem,
                                        const TickType_t xItemValue )
{
     e54:	b480      	push	{r7}
     e56:	b087      	sub	sp, #28
     e58:	af00      	add	r7, sp, #0
     e5a:	6078      	str	r0, [r7, #4]
     e5c:	6039      	str	r1, [r7, #0]
    /* THIS FUNCTION MUST BE CALLED WITH THE SCHEDULER SUSPENDED.  It is used by
     * the event flags implementation. */
    configASSERT( uxSchedulerSuspended != ( UBaseType_t ) 0U );

    /* Store the new item value in the event list. */
    listSET_LIST_ITEM_VALUE( pxEventListItem, xItemValue | taskEVENT_LIST_ITEM_VALUE_IN_USE );
     e5e:	683b      	ldr	r3, [r7, #0]
     e60:	f043 4200 	orr.w	r2, r3, #2147483648	; 0x80000000
     e64:	687b      	ldr	r3, [r7, #4]
     e66:	601a      	str	r2, [r3, #0]
    /* Remove the event list form the event flag.  Interrupts do not access
     * event flags. */
    /* MISRA Ref 11.5.3 [Void pointer assignment] */
    /* More details at: https://github.com/FreeRTOS/FreeRTOS-Kernel/blob/main/MISRA.md#rule-115 */
    /* coverity[misra_c_2012_rule_11_5_violation] */
    pxUnblockedTCB = listGET_LIST_ITEM_OWNER( pxEventListItem );
     e68:	687b      	ldr	r3, [r7, #4]
     e6a:	68db      	ldr	r3, [r3, #12]
     e6c:	617b      	str	r3, [r7, #20]
    configASSERT( pxUnblockedTCB );
    listREMOVE_ITEM( pxEventListItem );
     e6e:	687b      	ldr	r3, [r7, #4]
     e70:	691b      	ldr	r3, [r3, #16]
     e72:	613b      	str	r3, [r7, #16]
     e74:	687b      	ldr	r3, [r7, #4]
     e76:	685b      	ldr	r3, [r3, #4]
     e78:	687a      	ldr	r2, [r7, #4]
     e7a:	6892      	ldr	r2, [r2, #8]
     e7c:	609a      	str	r2, [r3, #8]
     e7e:	687b      	ldr	r3, [r7, #4]
     e80:	689b      	ldr	r3, [r3, #8]
     e82:	687a      	ldr	r2, [r7, #4]
     e84:	6852      	ldr	r2, [r2, #4]
     e86:	605a      	str	r2, [r3, #4]
     e88:	693b      	ldr	r3, [r7, #16]
     e8a:	685b      	ldr	r3, [r3, #4]
     e8c:	687a      	ldr	r2, [r7, #4]
     e8e:	429a      	cmp	r2, r3
     e90:	d103      	bne.n	e9a <vTaskRemoveFromUnorderedEventList+0x46>
     e92:	687b      	ldr	r3, [r7, #4]
     e94:	689a      	ldr	r2, [r3, #8]
     e96:	693b      	ldr	r3, [r7, #16]
     e98:	605a      	str	r2, [r3, #4]
     e9a:	687b      	ldr	r3, [r7, #4]
     e9c:	2200      	movs	r2, #0
     e9e:	611a      	str	r2, [r3, #16]
     ea0:	693b      	ldr	r3, [r7, #16]
     ea2:	681b      	ldr	r3, [r3, #0]
     ea4:	1e5a      	subs	r2, r3, #1
     ea6:	693b      	ldr	r3, [r7, #16]
     ea8:	601a      	str	r2, [r3, #0]
    #endif

    /* Remove the task from the delayed list and add it to the ready list.  The
     * scheduler is suspended so interrupts will not be accessing the ready
     * lists. */
    listREMOVE_ITEM( &( pxUnblockedTCB->xStateListItem ) );
     eaa:	697b      	ldr	r3, [r7, #20]
     eac:	695b      	ldr	r3, [r3, #20]
     eae:	60fb      	str	r3, [r7, #12]
     eb0:	697b      	ldr	r3, [r7, #20]
     eb2:	689b      	ldr	r3, [r3, #8]
     eb4:	697a      	ldr	r2, [r7, #20]
     eb6:	68d2      	ldr	r2, [r2, #12]
     eb8:	609a      	str	r2, [r3, #8]
     eba:	697b      	ldr	r3, [r7, #20]
     ebc:	68db      	ldr	r3, [r3, #12]
     ebe:	697a      	ldr	r2, [r7, #20]
     ec0:	6892      	ldr	r2, [r2, #8]
     ec2:	605a      	str	r2, [r3, #4]
     ec4:	68fb      	ldr	r3, [r7, #12]
     ec6:	685a      	ldr	r2, [r3, #4]
     ec8:	697b      	ldr	r3, [r7, #20]
     eca:	3304      	adds	r3, #4
     ecc:	429a      	cmp	r2, r3
     ece:	d103      	bne.n	ed8 <vTaskRemoveFromUnorderedEventList+0x84>
     ed0:	697b      	ldr	r3, [r7, #20]
     ed2:	68da      	ldr	r2, [r3, #12]
     ed4:	68fb      	ldr	r3, [r7, #12]
     ed6:	605a      	str	r2, [r3, #4]
     ed8:	697b      	ldr	r3, [r7, #20]
     eda:	2200      	movs	r2, #0
     edc:	615a      	str	r2, [r3, #20]
     ede:	68fb      	ldr	r3, [r7, #12]
     ee0:	681b      	ldr	r3, [r3, #0]
     ee2:	1e5a      	subs	r2, r3, #1
     ee4:	68fb      	ldr	r3, [r7, #12]
     ee6:	601a      	str	r2, [r3, #0]
    prvAddTaskToReadyList( pxUnblockedTCB );
     ee8:	697b      	ldr	r3, [r7, #20]
     eea:	6adb      	ldr	r3, [r3, #44]	; 0x2c
     eec:	2201      	movs	r2, #1
     eee:	409a      	lsls	r2, r3
     ef0:	4b25      	ldr	r3, [pc, #148]	; (f88 <vTaskRemoveFromUnorderedEventList+0x134>)
     ef2:	681b      	ldr	r3, [r3, #0]
     ef4:	4313      	orrs	r3, r2
     ef6:	4a24      	ldr	r2, [pc, #144]	; (f88 <vTaskRemoveFromUnorderedEventList+0x134>)
     ef8:	6013      	str	r3, [r2, #0]
     efa:	697b      	ldr	r3, [r7, #20]
     efc:	6ada      	ldr	r2, [r3, #44]	; 0x2c
     efe:	4923      	ldr	r1, [pc, #140]	; (f8c <vTaskRemoveFromUnorderedEventList+0x138>)
     f00:	4613      	mov	r3, r2
     f02:	009b      	lsls	r3, r3, #2
     f04:	4413      	add	r3, r2
     f06:	009b      	lsls	r3, r3, #2
     f08:	440b      	add	r3, r1
     f0a:	3304      	adds	r3, #4
     f0c:	681b      	ldr	r3, [r3, #0]
     f0e:	60bb      	str	r3, [r7, #8]
     f10:	697b      	ldr	r3, [r7, #20]
     f12:	68ba      	ldr	r2, [r7, #8]
     f14:	609a      	str	r2, [r3, #8]
     f16:	68bb      	ldr	r3, [r7, #8]
     f18:	689a      	ldr	r2, [r3, #8]
     f1a:	697b      	ldr	r3, [r7, #20]
     f1c:	60da      	str	r2, [r3, #12]
     f1e:	68bb      	ldr	r3, [r7, #8]
     f20:	689b      	ldr	r3, [r3, #8]
     f22:	697a      	ldr	r2, [r7, #20]
     f24:	3204      	adds	r2, #4
     f26:	605a      	str	r2, [r3, #4]
     f28:	697b      	ldr	r3, [r7, #20]
     f2a:	1d1a      	adds	r2, r3, #4
     f2c:	68bb      	ldr	r3, [r7, #8]
     f2e:	609a      	str	r2, [r3, #8]
     f30:	697b      	ldr	r3, [r7, #20]
     f32:	6ada      	ldr	r2, [r3, #44]	; 0x2c
     f34:	4613      	mov	r3, r2
     f36:	009b      	lsls	r3, r3, #2
     f38:	4413      	add	r3, r2
     f3a:	009b      	lsls	r3, r3, #2
     f3c:	4a13      	ldr	r2, [pc, #76]	; (f8c <vTaskRemoveFromUnorderedEventList+0x138>)
     f3e:	441a      	add	r2, r3
     f40:	697b      	ldr	r3, [r7, #20]
     f42:	615a      	str	r2, [r3, #20]
     f44:	697b      	ldr	r3, [r7, #20]
     f46:	6ada      	ldr	r2, [r3, #44]	; 0x2c
     f48:	4910      	ldr	r1, [pc, #64]	; (f8c <vTaskRemoveFromUnorderedEventList+0x138>)
     f4a:	4613      	mov	r3, r2
     f4c:	009b      	lsls	r3, r3, #2
     f4e:	4413      	add	r3, r2
     f50:	009b      	lsls	r3, r3, #2
     f52:	440b      	add	r3, r1
     f54:	681b      	ldr	r3, [r3, #0]
     f56:	697a      	ldr	r2, [r7, #20]
     f58:	6ad2      	ldr	r2, [r2, #44]	; 0x2c
     f5a:	1c59      	adds	r1, r3, #1
     f5c:	480b      	ldr	r0, [pc, #44]	; (f8c <vTaskRemoveFromUnorderedEventList+0x138>)
     f5e:	4613      	mov	r3, r2
     f60:	009b      	lsls	r3, r3, #2
     f62:	4413      	add	r3, r2
     f64:	009b      	lsls	r3, r3, #2
     f66:	4403      	add	r3, r0
     f68:	6019      	str	r1, [r3, #0]

    #if ( configNUMBER_OF_CORES == 1 )
    {
        if( pxUnblockedTCB->uxPriority > pxCurrentTCB->uxPriority )
     f6a:	697b      	ldr	r3, [r7, #20]
     f6c:	6ada      	ldr	r2, [r3, #44]	; 0x2c
     f6e:	4b08      	ldr	r3, [pc, #32]	; (f90 <vTaskRemoveFromUnorderedEventList+0x13c>)
     f70:	681b      	ldr	r3, [r3, #0]
     f72:	6adb      	ldr	r3, [r3, #44]	; 0x2c
     f74:	429a      	cmp	r2, r3
     f76:	d902      	bls.n	f7e <vTaskRemoveFromUnorderedEventList+0x12a>
        {
            /* The unblocked task has a priority above that of the calling task, so
             * a context switch is required.  This function is called with the
             * scheduler suspended so xYieldPending is set so the context switch
             * occurs immediately that the scheduler is resumed (unsuspended). */
            xYieldPendings[ 0 ] = pdTRUE;
     f78:	4b06      	ldr	r3, [pc, #24]	; (f94 <vTaskRemoveFromUnorderedEventList+0x140>)
     f7a:	2201      	movs	r2, #1
     f7c:	601a      	str	r2, [r3, #0]
        #endif
    }
    #endif /* #if ( configNUMBER_OF_CORES == 1 ) */

    traceRETURN_vTaskRemoveFromUnorderedEventList();
}
     f7e:	bf00      	nop
     f80:	371c      	adds	r7, #28
     f82:	46bd      	mov	sp, r7
     f84:	bc80      	pop	{r7}
     f86:	4770      	bx	lr
     f88:	20000184 	andcs	r0, r0, r4, lsl #3
     f8c:	2000000c 	andcs	r0, r0, ip
     f90:	20000008 	andcs	r0, r0, r8
     f94:	20000190 	mulcs	r0, r0, r1

00000f98 <vTaskSetTimeOutState>:
/*-----------------------------------------------------------*/

void vTaskSetTimeOutState( TimeOut_t * const pxTimeOut )
{
     f98:	b580      	push	{r7, lr}
     f9a:	b082      	sub	sp, #8
     f9c:	af00      	add	r7, sp, #0
     f9e:	6078      	str	r0, [r7, #4]
    traceENTER_vTaskSetTimeOutState( pxTimeOut );

    configASSERT( pxTimeOut );
    taskENTER_CRITICAL();
     fa0:	f001 f9da 	bl	2358 <vPortEnterCritical>
    {
        pxTimeOut->xOverflowCount = xNumOfOverflows;
     fa4:	4b06      	ldr	r3, [pc, #24]	; (fc0 <vTaskSetTimeOutState+0x28>)
     fa6:	681a      	ldr	r2, [r3, #0]
     fa8:	687b      	ldr	r3, [r7, #4]
     faa:	601a      	str	r2, [r3, #0]
        pxTimeOut->xTimeOnEntering = xTickCount;
     fac:	4b05      	ldr	r3, [pc, #20]	; (fc4 <vTaskSetTimeOutState+0x2c>)
     fae:	681a      	ldr	r2, [r3, #0]
     fb0:	687b      	ldr	r3, [r7, #4]
     fb2:	605a      	str	r2, [r3, #4]
    }
    taskEXIT_CRITICAL();
     fb4:	f001 f9ea 	bl	238c <vPortExitCritical>

    traceRETURN_vTaskSetTimeOutState();
}
     fb8:	bf00      	nop
     fba:	3708      	adds	r7, #8
     fbc:	46bd      	mov	sp, r7
     fbe:	bd80      	pop	{r7, pc}
     fc0:	20000194 	mulcs	r0, r4, r1
     fc4:	20000180 	andcs	r0, r0, r0, lsl #3

00000fc8 <vTaskInternalSetTimeOutState>:
/*-----------------------------------------------------------*/

void vTaskInternalSetTimeOutState( TimeOut_t * const pxTimeOut )
{
     fc8:	b480      	push	{r7}
     fca:	b083      	sub	sp, #12
     fcc:	af00      	add	r7, sp, #0
     fce:	6078      	str	r0, [r7, #4]
    traceENTER_vTaskInternalSetTimeOutState( pxTimeOut );

    /* For internal use only as it does not use a critical section. */
    pxTimeOut->xOverflowCount = xNumOfOverflows;
     fd0:	4b06      	ldr	r3, [pc, #24]	; (fec <vTaskInternalSetTimeOutState+0x24>)
     fd2:	681a      	ldr	r2, [r3, #0]
     fd4:	687b      	ldr	r3, [r7, #4]
     fd6:	601a      	str	r2, [r3, #0]
    pxTimeOut->xTimeOnEntering = xTickCount;
     fd8:	4b05      	ldr	r3, [pc, #20]	; (ff0 <vTaskInternalSetTimeOutState+0x28>)
     fda:	681a      	ldr	r2, [r3, #0]
     fdc:	687b      	ldr	r3, [r7, #4]
     fde:	605a      	str	r2, [r3, #4]

    traceRETURN_vTaskInternalSetTimeOutState();
}
     fe0:	bf00      	nop
     fe2:	370c      	adds	r7, #12
     fe4:	46bd      	mov	sp, r7
     fe6:	bc80      	pop	{r7}
     fe8:	4770      	bx	lr
     fea:	bf00      	nop
     fec:	20000194 	mulcs	r0, r4, r1
     ff0:	20000180 	andcs	r0, r0, r0, lsl #3

00000ff4 <xTaskCheckForTimeOut>:
/*-----------------------------------------------------------*/

BaseType_t xTaskCheckForTimeOut( TimeOut_t * const pxTimeOut,
                                 TickType_t * const pxTicksToWait )
{
     ff4:	b580      	push	{r7, lr}
     ff6:	b086      	sub	sp, #24
     ff8:	af00      	add	r7, sp, #0
     ffa:	6078      	str	r0, [r7, #4]
     ffc:	6039      	str	r1, [r7, #0]
    traceENTER_xTaskCheckForTimeOut( pxTimeOut, pxTicksToWait );

    configASSERT( pxTimeOut );
    configASSERT( pxTicksToWait );

    taskENTER_CRITICAL();
     ffe:	f001 f9ab 	bl	2358 <vPortEnterCritical>
    {
        /* Minor optimisation.  The tick count cannot change in this block. */
        const TickType_t xConstTickCount = xTickCount;
    1002:	4b1b      	ldr	r3, [pc, #108]	; (1070 <xTaskCheckForTimeOut+0x7c>)
    1004:	681b      	ldr	r3, [r3, #0]
    1006:	613b      	str	r3, [r7, #16]
        const TickType_t xElapsedTime = xConstTickCount - pxTimeOut->xTimeOnEntering;
    1008:	687b      	ldr	r3, [r7, #4]
    100a:	685b      	ldr	r3, [r3, #4]
    100c:	693a      	ldr	r2, [r7, #16]
    100e:	1ad3      	subs	r3, r2, r3
    1010:	60fb      	str	r3, [r7, #12]
                xReturn = pdFALSE;
            }
            else
        #endif

        if( ( xNumOfOverflows != pxTimeOut->xOverflowCount ) && ( xConstTickCount >= pxTimeOut->xTimeOnEntering ) )
    1012:	687b      	ldr	r3, [r7, #4]
    1014:	681a      	ldr	r2, [r3, #0]
    1016:	4b17      	ldr	r3, [pc, #92]	; (1074 <xTaskCheckForTimeOut+0x80>)
    1018:	681b      	ldr	r3, [r3, #0]
    101a:	429a      	cmp	r2, r3
    101c:	d00a      	beq.n	1034 <xTaskCheckForTimeOut+0x40>
    101e:	687b      	ldr	r3, [r7, #4]
    1020:	685b      	ldr	r3, [r3, #4]
    1022:	693a      	ldr	r2, [r7, #16]
    1024:	429a      	cmp	r2, r3
    1026:	d305      	bcc.n	1034 <xTaskCheckForTimeOut+0x40>
            /* The tick count is greater than the time at which
             * vTaskSetTimeout() was called, but has also overflowed since
             * vTaskSetTimeOut() was called.  It must have wrapped all the way
             * around and gone past again. This passed since vTaskSetTimeout()
             * was called. */
            xReturn = pdTRUE;
    1028:	2301      	movs	r3, #1
    102a:	617b      	str	r3, [r7, #20]
            *pxTicksToWait = ( TickType_t ) 0;
    102c:	683b      	ldr	r3, [r7, #0]
    102e:	2200      	movs	r2, #0
    1030:	601a      	str	r2, [r3, #0]
    1032:	e015      	b.n	1060 <xTaskCheckForTimeOut+0x6c>
        }
        else if( xElapsedTime < *pxTicksToWait )
    1034:	683b      	ldr	r3, [r7, #0]
    1036:	681b      	ldr	r3, [r3, #0]
    1038:	68fa      	ldr	r2, [r7, #12]
    103a:	429a      	cmp	r2, r3
    103c:	d20b      	bcs.n	1056 <xTaskCheckForTimeOut+0x62>
        {
            /* Not a genuine timeout. Adjust parameters for time remaining. */
            *pxTicksToWait -= xElapsedTime;
    103e:	683b      	ldr	r3, [r7, #0]
    1040:	681a      	ldr	r2, [r3, #0]
    1042:	68fb      	ldr	r3, [r7, #12]
    1044:	1ad2      	subs	r2, r2, r3
    1046:	683b      	ldr	r3, [r7, #0]
    1048:	601a      	str	r2, [r3, #0]
            vTaskInternalSetTimeOutState( pxTimeOut );
    104a:	6878      	ldr	r0, [r7, #4]
    104c:	f7ff ffbc 	bl	fc8 <vTaskInternalSetTimeOutState>
            xReturn = pdFALSE;
    1050:	2300      	movs	r3, #0
    1052:	617b      	str	r3, [r7, #20]
    1054:	e004      	b.n	1060 <xTaskCheckForTimeOut+0x6c>
        }
        else
        {
            *pxTicksToWait = ( TickType_t ) 0;
    1056:	683b      	ldr	r3, [r7, #0]
    1058:	2200      	movs	r2, #0
    105a:	601a      	str	r2, [r3, #0]
            xReturn = pdTRUE;
    105c:	2301      	movs	r3, #1
    105e:	617b      	str	r3, [r7, #20]
        }
    }
    taskEXIT_CRITICAL();
    1060:	f001 f994 	bl	238c <vPortExitCritical>

    traceRETURN_xTaskCheckForTimeOut( xReturn );

    return xReturn;
    1064:	697b      	ldr	r3, [r7, #20]
}
    1066:	4618      	mov	r0, r3
    1068:	3718      	adds	r7, #24
    106a:	46bd      	mov	sp, r7
    106c:	bd80      	pop	{r7, pc}
    106e:	bf00      	nop
    1070:	20000180 	andcs	r0, r0, r0, lsl #3
    1074:	20000194 	mulcs	r0, r4, r1

00001078 <vTaskMissedYield>:
/*-----------------------------------------------------------*/

void vTaskMissedYield( void )
{
    1078:	b480      	push	{r7}
    107a:	af00      	add	r7, sp, #0
    traceENTER_vTaskMissedYield();

    /* Must be called from within a critical section. */
    xYieldPendings[ portGET_CORE_ID() ] = pdTRUE;
    107c:	4b03      	ldr	r3, [pc, #12]	; (108c <vTaskMissedYield+0x14>)
    107e:	2201      	movs	r2, #1
    1080:	601a      	str	r2, [r3, #0]

    traceRETURN_vTaskMissedYield();
}
    1082:	bf00      	nop
    1084:	46bd      	mov	sp, r7
    1086:	bc80      	pop	{r7}
    1088:	4770      	bx	lr
    108a:	bf00      	nop
    108c:	20000190 	mulcs	r0, r0, r1

00001090 <prvIdleTask>:
 *
 */

STATIC portTASK_FUNCTION( prvIdleTask,
                          pvParameters )
{
    1090:	b580      	push	{r7, lr}
    1092:	b082      	sub	sp, #8
    1094:	af00      	add	r7, sp, #0
    1096:	6078      	str	r0, [r7, #4]

    for( ; configCONTROL_INFINITE_LOOP(); )
    {
        /* See if any tasks have deleted themselves - if so then the idle task
         * is responsible for freeing the deleted task's TCB and stack. */
        prvCheckTasksWaitingTermination();
    1098:	f000 f848 	bl	112c <prvCheckTasksWaitingTermination>
             * A critical region is not required here as we are just reading from
             * the list, and an occasional incorrect value will not matter.  If
             * the ready list at the idle priority contains one more task than the
             * number of idle tasks, which is equal to the configured numbers of cores
             * then a task other than the idle task is ready to execute. */
            if( listCURRENT_LIST_LENGTH( &( pxReadyTasksLists[ tskIDLE_PRIORITY ] ) ) > ( UBaseType_t ) configNUMBER_OF_CORES )
    109c:	4b06      	ldr	r3, [pc, #24]	; (10b8 <prvIdleTask+0x28>)
    109e:	681b      	ldr	r3, [r3, #0]
    10a0:	2b01      	cmp	r3, #1
    10a2:	d9f9      	bls.n	1098 <prvIdleTask+0x8>
            {
                taskYIELD();
    10a4:	4b05      	ldr	r3, [pc, #20]	; (10bc <prvIdleTask+0x2c>)
    10a6:	f04f 5280 	mov.w	r2, #268435456	; 0x10000000
    10aa:	601a      	str	r2, [r3, #0]
    10ac:	f3bf 8f4f 	dsb	sy
    10b0:	f3bf 8f6f 	isb	sy
        prvCheckTasksWaitingTermination();
    10b4:	e7f0      	b.n	1098 <prvIdleTask+0x8>
    10b6:	bf00      	nop
    10b8:	2000000c 	andcs	r0, r0, ip
    10bc:	e000ed04 	and	lr, r0, r4, lsl #26

000010c0 <prvInitialiseTaskLists>:

#endif /* portUSING_MPU_WRAPPERS */
/*-----------------------------------------------------------*/

STATIC void prvInitialiseTaskLists( void )
{
    10c0:	b580      	push	{r7, lr}
    10c2:	b082      	sub	sp, #8
    10c4:	af00      	add	r7, sp, #0
    UBaseType_t uxPriority;

    for( uxPriority = ( UBaseType_t ) 0U; uxPriority < ( UBaseType_t ) configMAX_PRIORITIES; uxPriority++ )
    10c6:	2300      	movs	r3, #0
    10c8:	607b      	str	r3, [r7, #4]
    10ca:	e00c      	b.n	10e6 <prvInitialiseTaskLists+0x26>
    {
        vListInitialise( &( pxReadyTasksLists[ uxPriority ] ) );
    10cc:	687a      	ldr	r2, [r7, #4]
    10ce:	4613      	mov	r3, r2
    10d0:	009b      	lsls	r3, r3, #2
    10d2:	4413      	add	r3, r2
    10d4:	009b      	lsls	r3, r3, #2
    10d6:	4a0f      	ldr	r2, [pc, #60]	; (1114 <prvInitialiseTaskLists+0x54>)
    10d8:	4413      	add	r3, r2
    10da:	4618      	mov	r0, r3
    10dc:	f000 fd78 	bl	1bd0 <vListInitialise>
    for( uxPriority = ( UBaseType_t ) 0U; uxPriority < ( UBaseType_t ) configMAX_PRIORITIES; uxPriority++ )
    10e0:	687b      	ldr	r3, [r7, #4]
    10e2:	3301      	adds	r3, #1
    10e4:	607b      	str	r3, [r7, #4]
    10e6:	687b      	ldr	r3, [r7, #4]
    10e8:	2b0e      	cmp	r3, #14
    10ea:	d9ef      	bls.n	10cc <prvInitialiseTaskLists+0xc>
    }

    vListInitialise( &xDelayedTaskList1 );
    10ec:	480a      	ldr	r0, [pc, #40]	; (1118 <prvInitialiseTaskLists+0x58>)
    10ee:	f000 fd6f 	bl	1bd0 <vListInitialise>
    vListInitialise( &xDelayedTaskList2 );
    10f2:	480a      	ldr	r0, [pc, #40]	; (111c <prvInitialiseTaskLists+0x5c>)
    10f4:	f000 fd6c 	bl	1bd0 <vListInitialise>
    vListInitialise( &xPendingReadyList );
    10f8:	4809      	ldr	r0, [pc, #36]	; (1120 <prvInitialiseTaskLists+0x60>)
    10fa:	f000 fd69 	bl	1bd0 <vListInitialise>
    }
    #endif /* INCLUDE_vTaskSuspend */

    /* Start with pxDelayedTaskList using list1 and the pxOverflowDelayedTaskList
     * using list2. */
    pxDelayedTaskList = &xDelayedTaskList1;
    10fe:	4b09      	ldr	r3, [pc, #36]	; (1124 <prvInitialiseTaskLists+0x64>)
    1100:	4a05      	ldr	r2, [pc, #20]	; (1118 <prvInitialiseTaskLists+0x58>)
    1102:	601a      	str	r2, [r3, #0]
    pxOverflowDelayedTaskList = &xDelayedTaskList2;
    1104:	4b08      	ldr	r3, [pc, #32]	; (1128 <prvInitialiseTaskLists+0x68>)
    1106:	4a05      	ldr	r2, [pc, #20]	; (111c <prvInitialiseTaskLists+0x5c>)
    1108:	601a      	str	r2, [r3, #0]
}
    110a:	bf00      	nop
    110c:	3708      	adds	r7, #8
    110e:	46bd      	mov	sp, r7
    1110:	bd80      	pop	{r7, pc}
    1112:	bf00      	nop
    1114:	2000000c 	andcs	r0, r0, ip
    1118:	20000138 	andcs	r0, r0, r8, lsr r1
    111c:	2000014c 	andcs	r0, r0, ip, asr #2
    1120:	20000168 	andcs	r0, r0, r8, ror #2
    1124:	20000160 	andcs	r0, r0, r0, ror #2
    1128:	20000164 	andcs	r0, r0, r4, ror #2

0000112c <prvCheckTasksWaitingTermination>:
/*-----------------------------------------------------------*/

STATIC void prvCheckTasksWaitingTermination( void )
{
    112c:	b480      	push	{r7}
    112e:	af00      	add	r7, sp, #0
            }
            #endif /* #if( configNUMBER_OF_CORES == 1 ) */
        }
    }
    #endif /* INCLUDE_vTaskDelete */
}
    1130:	bf00      	nop
    1132:	46bd      	mov	sp, r7
    1134:	bc80      	pop	{r7}
    1136:	4770      	bx	lr

00001138 <prvResetNextTaskUnblockTime>:

#endif /* INCLUDE_vTaskDelete */
/*-----------------------------------------------------------*/

STATIC void prvResetNextTaskUnblockTime( void )
{
    1138:	b480      	push	{r7}
    113a:	af00      	add	r7, sp, #0
    if( listLIST_IS_EMPTY( pxDelayedTaskList ) != pdFALSE )
    113c:	4b09      	ldr	r3, [pc, #36]	; (1164 <prvResetNextTaskUnblockTime+0x2c>)
    113e:	681b      	ldr	r3, [r3, #0]
    1140:	681b      	ldr	r3, [r3, #0]
    1142:	2b00      	cmp	r3, #0
    1144:	d104      	bne.n	1150 <prvResetNextTaskUnblockTime+0x18>
    {
        /* The new current delayed list is empty.  Set xNextTaskUnblockTime to
         * the maximum possible value so it is  extremely unlikely that the
         * if( xTickCount >= xNextTaskUnblockTime ) test will pass until
         * there is an item in the delayed list. */
        xNextTaskUnblockTime = portMAX_DELAY;
    1146:	4b08      	ldr	r3, [pc, #32]	; (1168 <prvResetNextTaskUnblockTime+0x30>)
    1148:	f04f 32ff 	mov.w	r2, #4294967295	; 0xffffffff
    114c:	601a      	str	r2, [r3, #0]
         * the item at the head of the delayed list.  This is the time at
         * which the task at the head of the delayed list should be removed
         * from the Blocked state. */
        xNextTaskUnblockTime = listGET_ITEM_VALUE_OF_HEAD_ENTRY( pxDelayedTaskList );
    }
}
    114e:	e005      	b.n	115c <prvResetNextTaskUnblockTime+0x24>
        xNextTaskUnblockTime = listGET_ITEM_VALUE_OF_HEAD_ENTRY( pxDelayedTaskList );
    1150:	4b04      	ldr	r3, [pc, #16]	; (1164 <prvResetNextTaskUnblockTime+0x2c>)
    1152:	681b      	ldr	r3, [r3, #0]
    1154:	68db      	ldr	r3, [r3, #12]
    1156:	681b      	ldr	r3, [r3, #0]
    1158:	4a03      	ldr	r2, [pc, #12]	; (1168 <prvResetNextTaskUnblockTime+0x30>)
    115a:	6013      	str	r3, [r2, #0]
}
    115c:	bf00      	nop
    115e:	46bd      	mov	sp, r7
    1160:	bc80      	pop	{r7}
    1162:	4770      	bx	lr
    1164:	20000160 	andcs	r0, r0, r0, ror #2
    1168:	2000019c 	mulcs	r0, ip, r1

0000116c <xTaskGetCurrentTaskHandle>:

#if ( ( INCLUDE_xTaskGetCurrentTaskHandle == 1 ) || ( configUSE_RECURSIVE_MUTEXES == 1 ) ) || ( configNUMBER_OF_CORES > 1 )

    #if ( configNUMBER_OF_CORES == 1 )
        TaskHandle_t xTaskGetCurrentTaskHandle( void )
        {
    116c:	b480      	push	{r7}
    116e:	b083      	sub	sp, #12
    1170:	af00      	add	r7, sp, #0
            traceENTER_xTaskGetCurrentTaskHandle();

            /* A critical section is not required as this is not called from
             * an interrupt and the current TCB will always be the same for any
             * individual execution thread. */
            xReturn = pxCurrentTCB;
    1172:	4b04      	ldr	r3, [pc, #16]	; (1184 <xTaskGetCurrentTaskHandle+0x18>)
    1174:	681b      	ldr	r3, [r3, #0]
    1176:	607b      	str	r3, [r7, #4]

            traceRETURN_xTaskGetCurrentTaskHandle( xReturn );

            return xReturn;
    1178:	687b      	ldr	r3, [r7, #4]
        }
    117a:	4618      	mov	r0, r3
    117c:	370c      	adds	r7, #12
    117e:	46bd      	mov	sp, r7
    1180:	bc80      	pop	{r7}
    1182:	4770      	bx	lr
    1184:	20000008 	andcs	r0, r0, r8

00001188 <xTaskGetCurrentTaskHandleForCore>:
            return xReturn;
        }
    #endif /* #if ( configNUMBER_OF_CORES == 1 ) */

    TaskHandle_t xTaskGetCurrentTaskHandleForCore( BaseType_t xCoreID )
    {
    1188:	b480      	push	{r7}
    118a:	b085      	sub	sp, #20
    118c:	af00      	add	r7, sp, #0
    118e:	6078      	str	r0, [r7, #4]
        TaskHandle_t xReturn = NULL;
    1190:	2300      	movs	r3, #0
    1192:	60fb      	str	r3, [r7, #12]

        traceENTER_xTaskGetCurrentTaskHandleForCore( xCoreID );

        if( taskVALID_CORE_ID( xCoreID ) != pdFALSE )
    1194:	687b      	ldr	r3, [r7, #4]
    1196:	2b00      	cmp	r3, #0
    1198:	db05      	blt.n	11a6 <xTaskGetCurrentTaskHandleForCore+0x1e>
    119a:	687b      	ldr	r3, [r7, #4]
    119c:	2b00      	cmp	r3, #0
    119e:	dc02      	bgt.n	11a6 <xTaskGetCurrentTaskHandleForCore+0x1e>
        {
            #if ( configNUMBER_OF_CORES == 1 )
                xReturn = pxCurrentTCB;
    11a0:	4b04      	ldr	r3, [pc, #16]	; (11b4 <xTaskGetCurrentTaskHandleForCore+0x2c>)
    11a2:	681b      	ldr	r3, [r3, #0]
    11a4:	60fb      	str	r3, [r7, #12]
            #endif /* #if ( configNUMBER_OF_CORES == 1 ) */
        }

        traceRETURN_xTaskGetCurrentTaskHandleForCore( xReturn );

        return xReturn;
    11a6:	68fb      	ldr	r3, [r7, #12]
    }
    11a8:	4618      	mov	r0, r3
    11aa:	3714      	adds	r7, #20
    11ac:	46bd      	mov	sp, r7
    11ae:	bc80      	pop	{r7}
    11b0:	4770      	bx	lr
    11b2:	bf00      	nop
    11b4:	20000008 	andcs	r0, r0, r8

000011b8 <uxTaskResetEventItemValue>:

#endif /* ( ( configGENERATE_RUN_TIME_STATS == 1 ) && ( configUSE_STATS_FORMATTING_FUNCTIONS > 0 ) ) */
/*-----------------------------------------------------------*/

TickType_t uxTaskResetEventItemValue( void )
{
    11b8:	b480      	push	{r7}
    11ba:	b083      	sub	sp, #12
    11bc:	af00      	add	r7, sp, #0
    TickType_t uxReturn;

    traceENTER_uxTaskResetEventItemValue();

    uxReturn = listGET_LIST_ITEM_VALUE( &( pxCurrentTCB->xEventListItem ) );
    11be:	4b09      	ldr	r3, [pc, #36]	; (11e4 <uxTaskResetEventItemValue+0x2c>)
    11c0:	681b      	ldr	r3, [r3, #0]
    11c2:	699b      	ldr	r3, [r3, #24]
    11c4:	607b      	str	r3, [r7, #4]

    /* Reset the event list item to its normal value - so it can be used with
     * queues and semaphores. */
    listSET_LIST_ITEM_VALUE( &( pxCurrentTCB->xEventListItem ), ( ( TickType_t ) configMAX_PRIORITIES - ( TickType_t ) pxCurrentTCB->uxPriority ) );
    11c6:	4b07      	ldr	r3, [pc, #28]	; (11e4 <uxTaskResetEventItemValue+0x2c>)
    11c8:	681b      	ldr	r3, [r3, #0]
    11ca:	6ada      	ldr	r2, [r3, #44]	; 0x2c
    11cc:	4b05      	ldr	r3, [pc, #20]	; (11e4 <uxTaskResetEventItemValue+0x2c>)
    11ce:	681b      	ldr	r3, [r3, #0]
    11d0:	f1c2 020f 	rsb	r2, r2, #15
    11d4:	619a      	str	r2, [r3, #24]

    traceRETURN_uxTaskResetEventItemValue( uxReturn );

    return uxReturn;
    11d6:	687b      	ldr	r3, [r7, #4]
}
    11d8:	4618      	mov	r0, r3
    11da:	370c      	adds	r7, #12
    11dc:	46bd      	mov	sp, r7
    11de:	bc80      	pop	{r7}
    11e0:	4770      	bx	lr
    11e2:	bf00      	nop
    11e4:	20000008 	andcs	r0, r0, r8

000011e8 <ulTaskGenericNotifyTake>:
#if ( configUSE_TASK_NOTIFICATIONS == 1 )

    uint32_t ulTaskGenericNotifyTake( UBaseType_t uxIndexToWaitOn,
                                      BaseType_t xClearCountOnExit,
                                      TickType_t xTicksToWait )
    {
    11e8:	b580      	push	{r7, lr}
    11ea:	b088      	sub	sp, #32
    11ec:	af00      	add	r7, sp, #0
    11ee:	60f8      	str	r0, [r7, #12]
    11f0:	60b9      	str	r1, [r7, #8]
    11f2:	607a      	str	r2, [r7, #4]
        uint32_t ulReturn;
        BaseType_t xAlreadyYielded, xShouldBlock = pdFALSE;
    11f4:	2300      	movs	r3, #0
    11f6:	61fb      	str	r3, [r7, #28]

        configASSERT( uxIndexToWaitOn < configTASK_NOTIFICATION_ARRAY_ENTRIES );

        /* If the notification count is zero, and if we are willing to wait for a
         * notification, then block the task and wait. */
        if( ( pxCurrentTCB->ulNotifiedValue[ uxIndexToWaitOn ] == 0U ) && ( xTicksToWait > ( TickType_t ) 0 ) )
    11f8:	4b35      	ldr	r3, [pc, #212]	; (12d0 <ulTaskGenericNotifyTake+0xe8>)
    11fa:	681a      	ldr	r2, [r3, #0]
    11fc:	68fb      	ldr	r3, [r7, #12]
    11fe:	3310      	adds	r3, #16
    1200:	009b      	lsls	r3, r3, #2
    1202:	4413      	add	r3, r2
    1204:	685b      	ldr	r3, [r3, #4]
    1206:	2b00      	cmp	r3, #0
    1208:	d132      	bne.n	1270 <ulTaskGenericNotifyTake+0x88>
    120a:	687b      	ldr	r3, [r7, #4]
    120c:	2b00      	cmp	r3, #0
    120e:	d02f      	beq.n	1270 <ulTaskGenericNotifyTake+0x88>
        {
            /* We suspend the scheduler here as prvAddCurrentTaskToDelayedList is a
             * non-deterministic operation. */
            vTaskSuspendAll();
    1210:	f7ff fa5c 	bl	6cc <vTaskSuspendAll>
            {
                /* We MUST enter a critical section to atomically check if a notification
                 * has occurred and set the flag to indicate that we are waiting for
                 * a notification. If we do not do so, a notification sent from an ISR
                 * will get lost. */
                taskENTER_CRITICAL();
    1214:	f001 f8a0 	bl	2358 <vPortEnterCritical>
                {
                    /* Only block if the notification count is not already non-zero. */
                    if( pxCurrentTCB->ulNotifiedValue[ uxIndexToWaitOn ] == 0U )
    1218:	4b2d      	ldr	r3, [pc, #180]	; (12d0 <ulTaskGenericNotifyTake+0xe8>)
    121a:	681a      	ldr	r2, [r3, #0]
    121c:	68fb      	ldr	r3, [r7, #12]
    121e:	3310      	adds	r3, #16
    1220:	009b      	lsls	r3, r3, #2
    1222:	4413      	add	r3, r2
    1224:	685b      	ldr	r3, [r3, #4]
    1226:	2b00      	cmp	r3, #0
    1228:	d108      	bne.n	123c <ulTaskGenericNotifyTake+0x54>
                    {
                        /* Mark this task as waiting for a notification. */
                        pxCurrentTCB->ucNotifyState[ uxIndexToWaitOn ] = taskWAITING_NOTIFICATION;
    122a:	4b29      	ldr	r3, [pc, #164]	; (12d0 <ulTaskGenericNotifyTake+0xe8>)
    122c:	681a      	ldr	r2, [r3, #0]
    122e:	68fb      	ldr	r3, [r7, #12]
    1230:	4413      	add	r3, r2
    1232:	3348      	adds	r3, #72	; 0x48
    1234:	2201      	movs	r2, #1
    1236:	701a      	strb	r2, [r3, #0]

                        /* Arrange to wait for a notification. */
                        xShouldBlock = pdTRUE;
    1238:	2301      	movs	r3, #1
    123a:	61fb      	str	r3, [r7, #28]
                    else
                    {
                        mtCOVERAGE_TEST_MARKER();
                    }
                }
                taskEXIT_CRITICAL();
    123c:	f001 f8a6 	bl	238c <vPortExitCritical>

                /* We are now out of the critical section but the scheduler is still
                 * suspended, so we are safe to do non-deterministic operations such
                 * as prvAddCurrentTaskToDelayedList. */
                if( xShouldBlock == pdTRUE )
    1240:	69fb      	ldr	r3, [r7, #28]
    1242:	2b01      	cmp	r3, #1
    1244:	d103      	bne.n	124e <ulTaskGenericNotifyTake+0x66>
                {
                    traceTASK_NOTIFY_TAKE_BLOCK( uxIndexToWaitOn );
                    prvAddCurrentTaskToDelayedList( xTicksToWait, pdTRUE );
    1246:	2101      	movs	r1, #1
    1248:	6878      	ldr	r0, [r7, #4]
    124a:	f000 fc21 	bl	1a90 <prvAddCurrentTaskToDelayedList>
                else
                {
                    mtCOVERAGE_TEST_MARKER();
                }
            }
            xAlreadyYielded = xTaskResumeAll();
    124e:	f7ff fa4b 	bl	6e8 <xTaskResumeAll>
    1252:	61b8      	str	r0, [r7, #24]

            /* Force a reschedule if xTaskResumeAll has not already done so. */
            if( ( xShouldBlock == pdTRUE ) && ( xAlreadyYielded == pdFALSE ) )
    1254:	69fb      	ldr	r3, [r7, #28]
    1256:	2b01      	cmp	r3, #1
    1258:	d10a      	bne.n	1270 <ulTaskGenericNotifyTake+0x88>
    125a:	69bb      	ldr	r3, [r7, #24]
    125c:	2b00      	cmp	r3, #0
    125e:	d107      	bne.n	1270 <ulTaskGenericNotifyTake+0x88>
            {
                taskYIELD_WITHIN_API();
    1260:	4b1c      	ldr	r3, [pc, #112]	; (12d4 <ulTaskGenericNotifyTake+0xec>)
    1262:	f04f 5280 	mov.w	r2, #268435456	; 0x10000000
    1266:	601a      	str	r2, [r3, #0]
    1268:	f3bf 8f4f 	dsb	sy
    126c:	f3bf 8f6f 	isb	sy
            {
                mtCOVERAGE_TEST_MARKER();
            }
        }

        taskENTER_CRITICAL();
    1270:	f001 f872 	bl	2358 <vPortEnterCritical>
        {
            traceTASK_NOTIFY_TAKE( uxIndexToWaitOn );
            ulReturn = pxCurrentTCB->ulNotifiedValue[ uxIndexToWaitOn ];
    1274:	4b16      	ldr	r3, [pc, #88]	; (12d0 <ulTaskGenericNotifyTake+0xe8>)
    1276:	681a      	ldr	r2, [r3, #0]
    1278:	68fb      	ldr	r3, [r7, #12]
    127a:	3310      	adds	r3, #16
    127c:	009b      	lsls	r3, r3, #2
    127e:	4413      	add	r3, r2
    1280:	685b      	ldr	r3, [r3, #4]
    1282:	617b      	str	r3, [r7, #20]

            if( ulReturn != 0U )
    1284:	697b      	ldr	r3, [r7, #20]
    1286:	2b00      	cmp	r3, #0
    1288:	d014      	beq.n	12b4 <ulTaskGenericNotifyTake+0xcc>
            {
                if( xClearCountOnExit != pdFALSE )
    128a:	68bb      	ldr	r3, [r7, #8]
    128c:	2b00      	cmp	r3, #0
    128e:	d008      	beq.n	12a2 <ulTaskGenericNotifyTake+0xba>
                {
                    pxCurrentTCB->ulNotifiedValue[ uxIndexToWaitOn ] = ( uint32_t ) 0U;
    1290:	4b0f      	ldr	r3, [pc, #60]	; (12d0 <ulTaskGenericNotifyTake+0xe8>)
    1292:	681a      	ldr	r2, [r3, #0]
    1294:	68fb      	ldr	r3, [r7, #12]
    1296:	3310      	adds	r3, #16
    1298:	009b      	lsls	r3, r3, #2
    129a:	4413      	add	r3, r2
    129c:	2200      	movs	r2, #0
    129e:	605a      	str	r2, [r3, #4]
    12a0:	e008      	b.n	12b4 <ulTaskGenericNotifyTake+0xcc>
                }
                else
                {
                    pxCurrentTCB->ulNotifiedValue[ uxIndexToWaitOn ] = ulReturn - ( uint32_t ) 1;
    12a2:	4b0b      	ldr	r3, [pc, #44]	; (12d0 <ulTaskGenericNotifyTake+0xe8>)
    12a4:	6819      	ldr	r1, [r3, #0]
    12a6:	697b      	ldr	r3, [r7, #20]
    12a8:	1e5a      	subs	r2, r3, #1
    12aa:	68fb      	ldr	r3, [r7, #12]
    12ac:	3310      	adds	r3, #16
    12ae:	009b      	lsls	r3, r3, #2
    12b0:	440b      	add	r3, r1
    12b2:	605a      	str	r2, [r3, #4]
            else
            {
                mtCOVERAGE_TEST_MARKER();
            }

            pxCurrentTCB->ucNotifyState[ uxIndexToWaitOn ] = taskNOT_WAITING_NOTIFICATION;
    12b4:	4b06      	ldr	r3, [pc, #24]	; (12d0 <ulTaskGenericNotifyTake+0xe8>)
    12b6:	681a      	ldr	r2, [r3, #0]
    12b8:	68fb      	ldr	r3, [r7, #12]
    12ba:	4413      	add	r3, r2
    12bc:	3348      	adds	r3, #72	; 0x48
    12be:	2200      	movs	r2, #0
    12c0:	701a      	strb	r2, [r3, #0]
        }
        taskEXIT_CRITICAL();
    12c2:	f001 f863 	bl	238c <vPortExitCritical>

        traceRETURN_ulTaskGenericNotifyTake( ulReturn );

        return ulReturn;
    12c6:	697b      	ldr	r3, [r7, #20]
    }
    12c8:	4618      	mov	r0, r3
    12ca:	3720      	adds	r7, #32
    12cc:	46bd      	mov	sp, r7
    12ce:	bd80      	pop	{r7, pc}
    12d0:	20000008 	andcs	r0, r0, r8
    12d4:	e000ed04 	and	lr, r0, r4, lsl #26

000012d8 <xTaskGenericNotifyWait>:
    BaseType_t xTaskGenericNotifyWait( UBaseType_t uxIndexToWaitOn,
                                       uint32_t ulBitsToClearOnEntry,
                                       uint32_t ulBitsToClearOnExit,
                                       uint32_t * pulNotificationValue,
                                       TickType_t xTicksToWait )
    {
    12d8:	b580      	push	{r7, lr}
    12da:	b088      	sub	sp, #32
    12dc:	af00      	add	r7, sp, #0
    12de:	60f8      	str	r0, [r7, #12]
    12e0:	60b9      	str	r1, [r7, #8]
    12e2:	607a      	str	r2, [r7, #4]
    12e4:	603b      	str	r3, [r7, #0]
        BaseType_t xReturn, xAlreadyYielded, xShouldBlock = pdFALSE;
    12e6:	2300      	movs	r3, #0
    12e8:	61bb      	str	r3, [r7, #24]

        configASSERT( uxIndexToWaitOn < configTASK_NOTIFICATION_ARRAY_ENTRIES );

        /* If the task hasn't received a notification, and if we are willing to wait
         * for it, then block the task and wait. */
        if( ( pxCurrentTCB->ucNotifyState[ uxIndexToWaitOn ] != taskNOTIFICATION_RECEIVED ) && ( xTicksToWait > ( TickType_t ) 0 ) )
    12ea:	4b42      	ldr	r3, [pc, #264]	; (13f4 <xTaskGenericNotifyWait+0x11c>)
    12ec:	681a      	ldr	r2, [r3, #0]
    12ee:	68fb      	ldr	r3, [r7, #12]
    12f0:	4413      	add	r3, r2
    12f2:	3348      	adds	r3, #72	; 0x48
    12f4:	781b      	ldrb	r3, [r3, #0]
    12f6:	b2db      	uxtb	r3, r3
    12f8:	2b02      	cmp	r3, #2
    12fa:	d041      	beq.n	1380 <xTaskGenericNotifyWait+0xa8>
    12fc:	6abb      	ldr	r3, [r7, #40]	; 0x28
    12fe:	2b00      	cmp	r3, #0
    1300:	d03e      	beq.n	1380 <xTaskGenericNotifyWait+0xa8>
        {
            /* We suspend the scheduler here as prvAddCurrentTaskToDelayedList is a
             * non-deterministic operation. */
            vTaskSuspendAll();
    1302:	f7ff f9e3 	bl	6cc <vTaskSuspendAll>
            {
                /* We MUST enter a critical section to atomically check and update the
                 * task notification value. If we do not do so, a notification from
                 * an ISR will get lost. */
                taskENTER_CRITICAL();
    1306:	f001 f827 	bl	2358 <vPortEnterCritical>
                {
                    /* Only block if a notification is not already pending. */
                    if( pxCurrentTCB->ucNotifyState[ uxIndexToWaitOn ] != taskNOTIFICATION_RECEIVED )
    130a:	4b3a      	ldr	r3, [pc, #232]	; (13f4 <xTaskGenericNotifyWait+0x11c>)
    130c:	681a      	ldr	r2, [r3, #0]
    130e:	68fb      	ldr	r3, [r7, #12]
    1310:	4413      	add	r3, r2
    1312:	3348      	adds	r3, #72	; 0x48
    1314:	781b      	ldrb	r3, [r3, #0]
    1316:	b2db      	uxtb	r3, r3
    1318:	2b02      	cmp	r3, #2
    131a:	d017      	beq.n	134c <xTaskGenericNotifyWait+0x74>
                    {
                        /* Clear bits in the task's notification value as bits may get
                         * set by the notifying task or interrupt. This can be used
                         * to clear the value to zero. */
                        pxCurrentTCB->ulNotifiedValue[ uxIndexToWaitOn ] &= ~ulBitsToClearOnEntry;
    131c:	4b35      	ldr	r3, [pc, #212]	; (13f4 <xTaskGenericNotifyWait+0x11c>)
    131e:	681a      	ldr	r2, [r3, #0]
    1320:	68fb      	ldr	r3, [r7, #12]
    1322:	3310      	adds	r3, #16
    1324:	009b      	lsls	r3, r3, #2
    1326:	4413      	add	r3, r2
    1328:	6859      	ldr	r1, [r3, #4]
    132a:	68bb      	ldr	r3, [r7, #8]
    132c:	43db      	mvns	r3, r3
    132e:	4019      	ands	r1, r3
    1330:	68fb      	ldr	r3, [r7, #12]
    1332:	3310      	adds	r3, #16
    1334:	009b      	lsls	r3, r3, #2
    1336:	4413      	add	r3, r2
    1338:	6059      	str	r1, [r3, #4]

                        /* Mark this task as waiting for a notification. */
                        pxCurrentTCB->ucNotifyState[ uxIndexToWaitOn ] = taskWAITING_NOTIFICATION;
    133a:	4b2e      	ldr	r3, [pc, #184]	; (13f4 <xTaskGenericNotifyWait+0x11c>)
    133c:	681a      	ldr	r2, [r3, #0]
    133e:	68fb      	ldr	r3, [r7, #12]
    1340:	4413      	add	r3, r2
    1342:	3348      	adds	r3, #72	; 0x48
    1344:	2201      	movs	r2, #1
    1346:	701a      	strb	r2, [r3, #0]

                        /* Arrange to wait for a notification. */
                        xShouldBlock = pdTRUE;
    1348:	2301      	movs	r3, #1
    134a:	61bb      	str	r3, [r7, #24]
                    else
                    {
                        mtCOVERAGE_TEST_MARKER();
                    }
                }
                taskEXIT_CRITICAL();
    134c:	f001 f81e 	bl	238c <vPortExitCritical>

                /* We are now out of the critical section but the scheduler is still
                 * suspended, so we are safe to do non-deterministic operations such
                 * as prvAddCurrentTaskToDelayedList. */
                if( xShouldBlock == pdTRUE )
    1350:	69bb      	ldr	r3, [r7, #24]
    1352:	2b01      	cmp	r3, #1
    1354:	d103      	bne.n	135e <xTaskGenericNotifyWait+0x86>
                {
                    traceTASK_NOTIFY_WAIT_BLOCK( uxIndexToWaitOn );
                    prvAddCurrentTaskToDelayedList( xTicksToWait, pdTRUE );
    1356:	2101      	movs	r1, #1
    1358:	6ab8      	ldr	r0, [r7, #40]	; 0x28
    135a:	f000 fb99 	bl	1a90 <prvAddCurrentTaskToDelayedList>
                else
                {
                    mtCOVERAGE_TEST_MARKER();
                }
            }
            xAlreadyYielded = xTaskResumeAll();
    135e:	f7ff f9c3 	bl	6e8 <xTaskResumeAll>
    1362:	6178      	str	r0, [r7, #20]

            /* Force a reschedule if xTaskResumeAll has not already done so. */
            if( ( xShouldBlock == pdTRUE ) && ( xAlreadyYielded == pdFALSE ) )
    1364:	69bb      	ldr	r3, [r7, #24]
    1366:	2b01      	cmp	r3, #1
    1368:	d10a      	bne.n	1380 <xTaskGenericNotifyWait+0xa8>
    136a:	697b      	ldr	r3, [r7, #20]
    136c:	2b00      	cmp	r3, #0
    136e:	d107      	bne.n	1380 <xTaskGenericNotifyWait+0xa8>
            {
                taskYIELD_WITHIN_API();
    1370:	4b21      	ldr	r3, [pc, #132]	; (13f8 <xTaskGenericNotifyWait+0x120>)
    1372:	f04f 5280 	mov.w	r2, #268435456	; 0x10000000
    1376:	601a      	str	r2, [r3, #0]
    1378:	f3bf 8f4f 	dsb	sy
    137c:	f3bf 8f6f 	isb	sy
            {
                mtCOVERAGE_TEST_MARKER();
            }
        }

        taskENTER_CRITICAL();
    1380:	f000 ffea 	bl	2358 <vPortEnterCritical>
        {
            traceTASK_NOTIFY_WAIT( uxIndexToWaitOn );

            if( pulNotificationValue != NULL )
    1384:	683b      	ldr	r3, [r7, #0]
    1386:	2b00      	cmp	r3, #0
    1388:	d008      	beq.n	139c <xTaskGenericNotifyWait+0xc4>
            {
                /* Output the current notification value, which may or may not
                 * have changed. */
                *pulNotificationValue = pxCurrentTCB->ulNotifiedValue[ uxIndexToWaitOn ];
    138a:	4b1a      	ldr	r3, [pc, #104]	; (13f4 <xTaskGenericNotifyWait+0x11c>)
    138c:	681a      	ldr	r2, [r3, #0]
    138e:	68fb      	ldr	r3, [r7, #12]
    1390:	3310      	adds	r3, #16
    1392:	009b      	lsls	r3, r3, #2
    1394:	4413      	add	r3, r2
    1396:	685a      	ldr	r2, [r3, #4]
    1398:	683b      	ldr	r3, [r7, #0]
    139a:	601a      	str	r2, [r3, #0]

            /* If ucNotifyState is set then either the task never entered the
             * blocked state (because a notification was already pending) or the
             * task unblocked because of a notification.  Otherwise the task
             * unblocked because of a timeout. */
            if( pxCurrentTCB->ucNotifyState[ uxIndexToWaitOn ] != taskNOTIFICATION_RECEIVED )
    139c:	4b15      	ldr	r3, [pc, #84]	; (13f4 <xTaskGenericNotifyWait+0x11c>)
    139e:	681a      	ldr	r2, [r3, #0]
    13a0:	68fb      	ldr	r3, [r7, #12]
    13a2:	4413      	add	r3, r2
    13a4:	3348      	adds	r3, #72	; 0x48
    13a6:	781b      	ldrb	r3, [r3, #0]
    13a8:	b2db      	uxtb	r3, r3
    13aa:	2b02      	cmp	r3, #2
    13ac:	d002      	beq.n	13b4 <xTaskGenericNotifyWait+0xdc>
            {
                /* A notification was not received. */
                xReturn = pdFALSE;
    13ae:	2300      	movs	r3, #0
    13b0:	61fb      	str	r3, [r7, #28]
    13b2:	e010      	b.n	13d6 <xTaskGenericNotifyWait+0xfe>
            }
            else
            {
                /* A notification was already pending or a notification was
                 * received while the task was waiting. */
                pxCurrentTCB->ulNotifiedValue[ uxIndexToWaitOn ] &= ~ulBitsToClearOnExit;
    13b4:	4b0f      	ldr	r3, [pc, #60]	; (13f4 <xTaskGenericNotifyWait+0x11c>)
    13b6:	681a      	ldr	r2, [r3, #0]
    13b8:	68fb      	ldr	r3, [r7, #12]
    13ba:	3310      	adds	r3, #16
    13bc:	009b      	lsls	r3, r3, #2
    13be:	4413      	add	r3, r2
    13c0:	6859      	ldr	r1, [r3, #4]
    13c2:	687b      	ldr	r3, [r7, #4]
    13c4:	43db      	mvns	r3, r3
    13c6:	4019      	ands	r1, r3
    13c8:	68fb      	ldr	r3, [r7, #12]
    13ca:	3310      	adds	r3, #16
    13cc:	009b      	lsls	r3, r3, #2
    13ce:	4413      	add	r3, r2
    13d0:	6059      	str	r1, [r3, #4]
                xReturn = pdTRUE;
    13d2:	2301      	movs	r3, #1
    13d4:	61fb      	str	r3, [r7, #28]
            }

            pxCurrentTCB->ucNotifyState[ uxIndexToWaitOn ] = taskNOT_WAITING_NOTIFICATION;
    13d6:	4b07      	ldr	r3, [pc, #28]	; (13f4 <xTaskGenericNotifyWait+0x11c>)
    13d8:	681a      	ldr	r2, [r3, #0]
    13da:	68fb      	ldr	r3, [r7, #12]
    13dc:	4413      	add	r3, r2
    13de:	3348      	adds	r3, #72	; 0x48
    13e0:	2200      	movs	r2, #0
    13e2:	701a      	strb	r2, [r3, #0]
        }
        taskEXIT_CRITICAL();
    13e4:	f000 ffd2 	bl	238c <vPortExitCritical>

        traceRETURN_xTaskGenericNotifyWait( xReturn );

        return xReturn;
    13e8:	69fb      	ldr	r3, [r7, #28]
    }
    13ea:	4618      	mov	r0, r3
    13ec:	3720      	adds	r7, #32
    13ee:	46bd      	mov	sp, r7
    13f0:	bd80      	pop	{r7, pc}
    13f2:	bf00      	nop
    13f4:	20000008 	andcs	r0, r0, r8
    13f8:	e000ed04 	and	lr, r0, r4, lsl #26

000013fc <xTaskGenericNotify>:
    BaseType_t xTaskGenericNotify( TaskHandle_t xTaskToNotify,
                                   UBaseType_t uxIndexToNotify,
                                   uint32_t ulValue,
                                   eNotifyAction eAction,
                                   uint32_t * pulPreviousNotificationValue )
    {
    13fc:	b580      	push	{r7, lr}
    13fe:	b08a      	sub	sp, #40	; 0x28
    1400:	af00      	add	r7, sp, #0
    1402:	60f8      	str	r0, [r7, #12]
    1404:	60b9      	str	r1, [r7, #8]
    1406:	607a      	str	r2, [r7, #4]
    1408:	70fb      	strb	r3, [r7, #3]
        TCB_t * pxTCB;
        BaseType_t xReturn = pdPASS;
    140a:	2301      	movs	r3, #1
    140c:	627b      	str	r3, [r7, #36]	; 0x24

        traceENTER_xTaskGenericNotify( xTaskToNotify, uxIndexToNotify, ulValue, eAction, pulPreviousNotificationValue );

        configASSERT( uxIndexToNotify < configTASK_NOTIFICATION_ARRAY_ENTRIES );
        configASSERT( xTaskToNotify );
        pxTCB = xTaskToNotify;
    140e:	68fb      	ldr	r3, [r7, #12]
    1410:	623b      	str	r3, [r7, #32]

        taskENTER_CRITICAL();
    1412:	f000 ffa1 	bl	2358 <vPortEnterCritical>
        {
            if( pulPreviousNotificationValue != NULL )
    1416:	6b3b      	ldr	r3, [r7, #48]	; 0x30
    1418:	2b00      	cmp	r3, #0
    141a:	d007      	beq.n	142c <xTaskGenericNotify+0x30>
            {
                *pulPreviousNotificationValue = pxTCB->ulNotifiedValue[ uxIndexToNotify ];
    141c:	6a3a      	ldr	r2, [r7, #32]
    141e:	68bb      	ldr	r3, [r7, #8]
    1420:	3310      	adds	r3, #16
    1422:	009b      	lsls	r3, r3, #2
    1424:	4413      	add	r3, r2
    1426:	685a      	ldr	r2, [r3, #4]
    1428:	6b3b      	ldr	r3, [r7, #48]	; 0x30
    142a:	601a      	str	r2, [r3, #0]
            }

            ucOriginalNotifyState = pxTCB->ucNotifyState[ uxIndexToNotify ];
    142c:	6a3a      	ldr	r2, [r7, #32]
    142e:	68bb      	ldr	r3, [r7, #8]
    1430:	4413      	add	r3, r2
    1432:	3348      	adds	r3, #72	; 0x48
    1434:	781b      	ldrb	r3, [r3, #0]
    1436:	77fb      	strb	r3, [r7, #31]

            pxTCB->ucNotifyState[ uxIndexToNotify ] = taskNOTIFICATION_RECEIVED;
    1438:	6a3a      	ldr	r2, [r7, #32]
    143a:	68bb      	ldr	r3, [r7, #8]
    143c:	4413      	add	r3, r2
    143e:	3348      	adds	r3, #72	; 0x48
    1440:	2202      	movs	r2, #2
    1442:	701a      	strb	r2, [r3, #0]

            switch( eAction )
    1444:	78fb      	ldrb	r3, [r7, #3]
    1446:	2b04      	cmp	r3, #4
    1448:	d83f      	bhi.n	14ca <xTaskGenericNotify+0xce>
    144a:	a201      	add	r2, pc, #4	; (adr r2, 1450 <xTaskGenericNotify+0x54>)
    144c:	f852 f023 	ldr.w	pc, [r2, r3, lsl #2]
    1450:	000014cb 	andeq	r1, r0, fp, asr #9
    1454:	00001465 	andeq	r1, r0, r5, ror #8
    1458:	00001483 	andeq	r1, r0, r3, lsl #9
    145c:	0000149f 	muleq	r0, pc, r4	; <UNPREDICTABLE>
    1460:	000014af 	andeq	r1, r0, pc, lsr #9
            {
                case eSetBits:
                    pxTCB->ulNotifiedValue[ uxIndexToNotify ] |= ulValue;
    1464:	6a3a      	ldr	r2, [r7, #32]
    1466:	68bb      	ldr	r3, [r7, #8]
    1468:	3310      	adds	r3, #16
    146a:	009b      	lsls	r3, r3, #2
    146c:	4413      	add	r3, r2
    146e:	685a      	ldr	r2, [r3, #4]
    1470:	687b      	ldr	r3, [r7, #4]
    1472:	431a      	orrs	r2, r3
    1474:	6a39      	ldr	r1, [r7, #32]
    1476:	68bb      	ldr	r3, [r7, #8]
    1478:	3310      	adds	r3, #16
    147a:	009b      	lsls	r3, r3, #2
    147c:	440b      	add	r3, r1
    147e:	605a      	str	r2, [r3, #4]
                    break;
    1480:	e024      	b.n	14cc <xTaskGenericNotify+0xd0>

                case eIncrement:
                    ( pxTCB->ulNotifiedValue[ uxIndexToNotify ] )++;
    1482:	6a3a      	ldr	r2, [r7, #32]
    1484:	68bb      	ldr	r3, [r7, #8]
    1486:	3310      	adds	r3, #16
    1488:	009b      	lsls	r3, r3, #2
    148a:	4413      	add	r3, r2
    148c:	685b      	ldr	r3, [r3, #4]
    148e:	1c5a      	adds	r2, r3, #1
    1490:	6a39      	ldr	r1, [r7, #32]
    1492:	68bb      	ldr	r3, [r7, #8]
    1494:	3310      	adds	r3, #16
    1496:	009b      	lsls	r3, r3, #2
    1498:	440b      	add	r3, r1
    149a:	605a      	str	r2, [r3, #4]
                    break;
    149c:	e016      	b.n	14cc <xTaskGenericNotify+0xd0>

                case eSetValueWithOverwrite:
                    pxTCB->ulNotifiedValue[ uxIndexToNotify ] = ulValue;
    149e:	6a3a      	ldr	r2, [r7, #32]
    14a0:	68bb      	ldr	r3, [r7, #8]
    14a2:	3310      	adds	r3, #16
    14a4:	009b      	lsls	r3, r3, #2
    14a6:	4413      	add	r3, r2
    14a8:	687a      	ldr	r2, [r7, #4]
    14aa:	605a      	str	r2, [r3, #4]
                    break;
    14ac:	e00e      	b.n	14cc <xTaskGenericNotify+0xd0>

                case eSetValueWithoutOverwrite:

                    if( ucOriginalNotifyState != taskNOTIFICATION_RECEIVED )
    14ae:	7ffb      	ldrb	r3, [r7, #31]
    14b0:	2b02      	cmp	r3, #2
    14b2:	d007      	beq.n	14c4 <xTaskGenericNotify+0xc8>
                    {
                        pxTCB->ulNotifiedValue[ uxIndexToNotify ] = ulValue;
    14b4:	6a3a      	ldr	r2, [r7, #32]
    14b6:	68bb      	ldr	r3, [r7, #8]
    14b8:	3310      	adds	r3, #16
    14ba:	009b      	lsls	r3, r3, #2
    14bc:	4413      	add	r3, r2
    14be:	687a      	ldr	r2, [r7, #4]
    14c0:	605a      	str	r2, [r3, #4]
                    {
                        /* The value could not be written to the task. */
                        xReturn = pdFAIL;
                    }

                    break;
    14c2:	e003      	b.n	14cc <xTaskGenericNotify+0xd0>
                        xReturn = pdFAIL;
    14c4:	2300      	movs	r3, #0
    14c6:	627b      	str	r3, [r7, #36]	; 0x24
                    break;
    14c8:	e000      	b.n	14cc <xTaskGenericNotify+0xd0>
                    /* Should not get here if all enums are handled.
                     * Artificially force an assert by testing a value the
                     * compiler can't assume is const. */
                    configASSERT( xTickCount == ( TickType_t ) 0 );

                    break;
    14ca:	bf00      	nop

            traceTASK_NOTIFY( uxIndexToNotify );

            /* If the task is in the blocked state specifically to wait for a
             * notification then unblock it now. */
            if( ucOriginalNotifyState == taskWAITING_NOTIFICATION )
    14cc:	7ffb      	ldrb	r3, [r7, #31]
    14ce:	2b01      	cmp	r3, #1
    14d0:	d16e      	bne.n	15b0 <xTaskGenericNotify+0x1b4>
            {
                listREMOVE_ITEM( &( pxTCB->xStateListItem ) );
    14d2:	6a3b      	ldr	r3, [r7, #32]
    14d4:	695b      	ldr	r3, [r3, #20]
    14d6:	61bb      	str	r3, [r7, #24]
    14d8:	6a3b      	ldr	r3, [r7, #32]
    14da:	689b      	ldr	r3, [r3, #8]
    14dc:	6a3a      	ldr	r2, [r7, #32]
    14de:	68d2      	ldr	r2, [r2, #12]
    14e0:	609a      	str	r2, [r3, #8]
    14e2:	6a3b      	ldr	r3, [r7, #32]
    14e4:	68db      	ldr	r3, [r3, #12]
    14e6:	6a3a      	ldr	r2, [r7, #32]
    14e8:	6892      	ldr	r2, [r2, #8]
    14ea:	605a      	str	r2, [r3, #4]
    14ec:	69bb      	ldr	r3, [r7, #24]
    14ee:	685a      	ldr	r2, [r3, #4]
    14f0:	6a3b      	ldr	r3, [r7, #32]
    14f2:	3304      	adds	r3, #4
    14f4:	429a      	cmp	r2, r3
    14f6:	d103      	bne.n	1500 <xTaskGenericNotify+0x104>
    14f8:	6a3b      	ldr	r3, [r7, #32]
    14fa:	68da      	ldr	r2, [r3, #12]
    14fc:	69bb      	ldr	r3, [r7, #24]
    14fe:	605a      	str	r2, [r3, #4]
    1500:	6a3b      	ldr	r3, [r7, #32]
    1502:	2200      	movs	r2, #0
    1504:	615a      	str	r2, [r3, #20]
    1506:	69bb      	ldr	r3, [r7, #24]
    1508:	681b      	ldr	r3, [r3, #0]
    150a:	1e5a      	subs	r2, r3, #1
    150c:	69bb      	ldr	r3, [r7, #24]
    150e:	601a      	str	r2, [r3, #0]
                prvAddTaskToReadyList( pxTCB );
    1510:	6a3b      	ldr	r3, [r7, #32]
    1512:	6adb      	ldr	r3, [r3, #44]	; 0x2c
    1514:	2201      	movs	r2, #1
    1516:	409a      	lsls	r2, r3
    1518:	4b29      	ldr	r3, [pc, #164]	; (15c0 <xTaskGenericNotify+0x1c4>)
    151a:	681b      	ldr	r3, [r3, #0]
    151c:	4313      	orrs	r3, r2
    151e:	4a28      	ldr	r2, [pc, #160]	; (15c0 <xTaskGenericNotify+0x1c4>)
    1520:	6013      	str	r3, [r2, #0]
    1522:	6a3b      	ldr	r3, [r7, #32]
    1524:	6ada      	ldr	r2, [r3, #44]	; 0x2c
    1526:	4927      	ldr	r1, [pc, #156]	; (15c4 <xTaskGenericNotify+0x1c8>)
    1528:	4613      	mov	r3, r2
    152a:	009b      	lsls	r3, r3, #2
    152c:	4413      	add	r3, r2
    152e:	009b      	lsls	r3, r3, #2
    1530:	440b      	add	r3, r1
    1532:	3304      	adds	r3, #4
    1534:	681b      	ldr	r3, [r3, #0]
    1536:	617b      	str	r3, [r7, #20]
    1538:	6a3b      	ldr	r3, [r7, #32]
    153a:	697a      	ldr	r2, [r7, #20]
    153c:	609a      	str	r2, [r3, #8]
    153e:	697b      	ldr	r3, [r7, #20]
    1540:	689a      	ldr	r2, [r3, #8]
    1542:	6a3b      	ldr	r3, [r7, #32]
    1544:	60da      	str	r2, [r3, #12]
    1546:	697b      	ldr	r3, [r7, #20]
    1548:	689b      	ldr	r3, [r3, #8]
    154a:	6a3a      	ldr	r2, [r7, #32]
    154c:	3204      	adds	r2, #4
    154e:	605a      	str	r2, [r3, #4]
    1550:	6a3b      	ldr	r3, [r7, #32]
    1552:	1d1a      	adds	r2, r3, #4
    1554:	697b      	ldr	r3, [r7, #20]
    1556:	609a      	str	r2, [r3, #8]
    1558:	6a3b      	ldr	r3, [r7, #32]
    155a:	6ada      	ldr	r2, [r3, #44]	; 0x2c
    155c:	4613      	mov	r3, r2
    155e:	009b      	lsls	r3, r3, #2
    1560:	4413      	add	r3, r2
    1562:	009b      	lsls	r3, r3, #2
    1564:	4a17      	ldr	r2, [pc, #92]	; (15c4 <xTaskGenericNotify+0x1c8>)
    1566:	441a      	add	r2, r3
    1568:	6a3b      	ldr	r3, [r7, #32]
    156a:	615a      	str	r2, [r3, #20]
    156c:	6a3b      	ldr	r3, [r7, #32]
    156e:	6ada      	ldr	r2, [r3, #44]	; 0x2c
    1570:	4914      	ldr	r1, [pc, #80]	; (15c4 <xTaskGenericNotify+0x1c8>)
    1572:	4613      	mov	r3, r2
    1574:	009b      	lsls	r3, r3, #2
    1576:	4413      	add	r3, r2
    1578:	009b      	lsls	r3, r3, #2
    157a:	440b      	add	r3, r1
    157c:	681b      	ldr	r3, [r3, #0]
    157e:	6a3a      	ldr	r2, [r7, #32]
    1580:	6ad2      	ldr	r2, [r2, #44]	; 0x2c
    1582:	1c59      	adds	r1, r3, #1
    1584:	480f      	ldr	r0, [pc, #60]	; (15c4 <xTaskGenericNotify+0x1c8>)
    1586:	4613      	mov	r3, r2
    1588:	009b      	lsls	r3, r3, #2
    158a:	4413      	add	r3, r2
    158c:	009b      	lsls	r3, r3, #2
    158e:	4403      	add	r3, r0
    1590:	6019      	str	r1, [r3, #0]
                }
                #endif

                /* Check if the notified task has a priority above the currently
                 * executing task. */
                taskYIELD_ANY_CORE_IF_USING_PREEMPTION( pxTCB );
    1592:	4b0d      	ldr	r3, [pc, #52]	; (15c8 <xTaskGenericNotify+0x1cc>)
    1594:	681b      	ldr	r3, [r3, #0]
    1596:	6ada      	ldr	r2, [r3, #44]	; 0x2c
    1598:	6a3b      	ldr	r3, [r7, #32]
    159a:	6adb      	ldr	r3, [r3, #44]	; 0x2c
    159c:	429a      	cmp	r2, r3
    159e:	d207      	bcs.n	15b0 <xTaskGenericNotify+0x1b4>
    15a0:	4b0a      	ldr	r3, [pc, #40]	; (15cc <xTaskGenericNotify+0x1d0>)
    15a2:	f04f 5280 	mov.w	r2, #268435456	; 0x10000000
    15a6:	601a      	str	r2, [r3, #0]
    15a8:	f3bf 8f4f 	dsb	sy
    15ac:	f3bf 8f6f 	isb	sy
            else
            {
                mtCOVERAGE_TEST_MARKER();
            }
        }
        taskEXIT_CRITICAL();
    15b0:	f000 feec 	bl	238c <vPortExitCritical>

        traceRETURN_xTaskGenericNotify( xReturn );

        return xReturn;
    15b4:	6a7b      	ldr	r3, [r7, #36]	; 0x24
    }
    15b6:	4618      	mov	r0, r3
    15b8:	3728      	adds	r7, #40	; 0x28
    15ba:	46bd      	mov	sp, r7
    15bc:	bd80      	pop	{r7, pc}
    15be:	bf00      	nop
    15c0:	20000184 	andcs	r0, r0, r4, lsl #3
    15c4:	2000000c 	andcs	r0, r0, ip
    15c8:	20000008 	andcs	r0, r0, r8
    15cc:	e000ed04 	and	lr, r0, r4, lsl #26

000015d0 <xTaskGenericNotifyFromISR>:
                                          UBaseType_t uxIndexToNotify,
                                          uint32_t ulValue,
                                          eNotifyAction eAction,
                                          uint32_t * pulPreviousNotificationValue,
                                          BaseType_t * pxHigherPriorityTaskWoken )
    {
    15d0:	b480      	push	{r7}
    15d2:	b08f      	sub	sp, #60	; 0x3c
    15d4:	af00      	add	r7, sp, #0
    15d6:	60f8      	str	r0, [r7, #12]
    15d8:	60b9      	str	r1, [r7, #8]
    15da:	607a      	str	r2, [r7, #4]
    15dc:	70fb      	strb	r3, [r7, #3]
        TCB_t * pxTCB;
        uint8_t ucOriginalNotifyState;
        BaseType_t xReturn = pdPASS;
    15de:	2301      	movs	r3, #1
    15e0:	637b      	str	r3, [r7, #52]	; 0x34
         * simple as possible.  More information (albeit Cortex-M specific) is
         * provided on the following link:
         * https://www.FreeRTOS.org/RTOS-Cortex-M3-M4.html */
        portASSERT_IF_INTERRUPT_PRIORITY_INVALID();

        pxTCB = xTaskToNotify;
    15e2:	68fb      	ldr	r3, [r7, #12]
    15e4:	633b      	str	r3, [r7, #48]	; 0x30

portFORCE_INLINE static uint32_t ulPortRaiseBASEPRI( void )
{
    uint32_t ulOriginalBASEPRI, ulNewBASEPRI;

    __asm volatile
    15e6:	f3ef 8211 	mrs	r2, BASEPRI
    15ea:	f04f 0301 	mov.w	r3, #1
    15ee:	f383 8811 	msr	BASEPRI, r3
    15f2:	f3bf 8f6f 	isb	sy
    15f6:	f3bf 8f4f 	dsb	sy
    15fa:	61ba      	str	r2, [r7, #24]
    15fc:	617b      	str	r3, [r7, #20]
        : "=r" ( ulOriginalBASEPRI ), "=r" ( ulNewBASEPRI ) : "i" ( configMAX_SYSCALL_INTERRUPT_PRIORITY ) : "memory"
    );

    /* This return will not be reached but is necessary to prevent compiler
     * warnings. */
    return ulOriginalBASEPRI;
    15fe:	69bb      	ldr	r3, [r7, #24]

        /* MISRA Ref 4.7.1 [Return value shall be checked] */
        /* More details at: https://github.com/FreeRTOS/FreeRTOS-Kernel/blob/main/MISRA.md#dir-47 */
        /* coverity[misra_c_2012_directive_4_7_violation] */
        uxSavedInterruptStatus = ( UBaseType_t ) taskENTER_CRITICAL_FROM_ISR();
    1600:	62fb      	str	r3, [r7, #44]	; 0x2c
        {
            if( pulPreviousNotificationValue != NULL )
    1602:	6c3b      	ldr	r3, [r7, #64]	; 0x40
    1604:	2b00      	cmp	r3, #0
    1606:	d007      	beq.n	1618 <xTaskGenericNotifyFromISR+0x48>
            {
                *pulPreviousNotificationValue = pxTCB->ulNotifiedValue[ uxIndexToNotify ];
    1608:	6b3a      	ldr	r2, [r7, #48]	; 0x30
    160a:	68bb      	ldr	r3, [r7, #8]
    160c:	3310      	adds	r3, #16
    160e:	009b      	lsls	r3, r3, #2
    1610:	4413      	add	r3, r2
    1612:	685a      	ldr	r2, [r3, #4]
    1614:	6c3b      	ldr	r3, [r7, #64]	; 0x40
    1616:	601a      	str	r2, [r3, #0]
            }

            ucOriginalNotifyState = pxTCB->ucNotifyState[ uxIndexToNotify ];
    1618:	6b3a      	ldr	r2, [r7, #48]	; 0x30
    161a:	68bb      	ldr	r3, [r7, #8]
    161c:	4413      	add	r3, r2
    161e:	3348      	adds	r3, #72	; 0x48
    1620:	781b      	ldrb	r3, [r3, #0]
    1622:	f887 302b 	strb.w	r3, [r7, #43]	; 0x2b
            pxTCB->ucNotifyState[ uxIndexToNotify ] = taskNOTIFICATION_RECEIVED;
    1626:	6b3a      	ldr	r2, [r7, #48]	; 0x30
    1628:	68bb      	ldr	r3, [r7, #8]
    162a:	4413      	add	r3, r2
    162c:	3348      	adds	r3, #72	; 0x48
    162e:	2202      	movs	r2, #2
    1630:	701a      	strb	r2, [r3, #0]

            switch( eAction )
    1632:	78fb      	ldrb	r3, [r7, #3]
    1634:	2b04      	cmp	r3, #4
    1636:	d841      	bhi.n	16bc <xTaskGenericNotifyFromISR+0xec>
    1638:	a201      	add	r2, pc, #4	; (adr r2, 1640 <xTaskGenericNotifyFromISR+0x70>)
    163a:	f852 f023 	ldr.w	pc, [r2, r3, lsl #2]
    163e:	bf00      	nop
    1640:	000016bd 			; <UNDEFINED> instruction: 0x000016bd
    1644:	00001655 	andeq	r1, r0, r5, asr r6
    1648:	00001673 	andeq	r1, r0, r3, ror r6
    164c:	0000168f 	andeq	r1, r0, pc, lsl #13
    1650:	0000169f 	muleq	r0, pc, r6	; <UNPREDICTABLE>
            {
                case eSetBits:
                    pxTCB->ulNotifiedValue[ uxIndexToNotify ] |= ulValue;
    1654:	6b3a      	ldr	r2, [r7, #48]	; 0x30
    1656:	68bb      	ldr	r3, [r7, #8]
    1658:	3310      	adds	r3, #16
    165a:	009b      	lsls	r3, r3, #2
    165c:	4413      	add	r3, r2
    165e:	685a      	ldr	r2, [r3, #4]
    1660:	687b      	ldr	r3, [r7, #4]
    1662:	431a      	orrs	r2, r3
    1664:	6b39      	ldr	r1, [r7, #48]	; 0x30
    1666:	68bb      	ldr	r3, [r7, #8]
    1668:	3310      	adds	r3, #16
    166a:	009b      	lsls	r3, r3, #2
    166c:	440b      	add	r3, r1
    166e:	605a      	str	r2, [r3, #4]
                    break;
    1670:	e025      	b.n	16be <xTaskGenericNotifyFromISR+0xee>

                case eIncrement:
                    ( pxTCB->ulNotifiedValue[ uxIndexToNotify ] )++;
    1672:	6b3a      	ldr	r2, [r7, #48]	; 0x30
    1674:	68bb      	ldr	r3, [r7, #8]
    1676:	3310      	adds	r3, #16
    1678:	009b      	lsls	r3, r3, #2
    167a:	4413      	add	r3, r2
    167c:	685b      	ldr	r3, [r3, #4]
    167e:	1c5a      	adds	r2, r3, #1
    1680:	6b39      	ldr	r1, [r7, #48]	; 0x30
    1682:	68bb      	ldr	r3, [r7, #8]
    1684:	3310      	adds	r3, #16
    1686:	009b      	lsls	r3, r3, #2
    1688:	440b      	add	r3, r1
    168a:	605a      	str	r2, [r3, #4]
                    break;
    168c:	e017      	b.n	16be <xTaskGenericNotifyFromISR+0xee>

                case eSetValueWithOverwrite:
                    pxTCB->ulNotifiedValue[ uxIndexToNotify ] = ulValue;
    168e:	6b3a      	ldr	r2, [r7, #48]	; 0x30
    1690:	68bb      	ldr	r3, [r7, #8]
    1692:	3310      	adds	r3, #16
    1694:	009b      	lsls	r3, r3, #2
    1696:	4413      	add	r3, r2
    1698:	687a      	ldr	r2, [r7, #4]
    169a:	605a      	str	r2, [r3, #4]
                    break;
    169c:	e00f      	b.n	16be <xTaskGenericNotifyFromISR+0xee>

                case eSetValueWithoutOverwrite:

                    if( ucOriginalNotifyState != taskNOTIFICATION_RECEIVED )
    169e:	f897 302b 	ldrb.w	r3, [r7, #43]	; 0x2b
    16a2:	2b02      	cmp	r3, #2
    16a4:	d007      	beq.n	16b6 <xTaskGenericNotifyFromISR+0xe6>
                    {
                        pxTCB->ulNotifiedValue[ uxIndexToNotify ] = ulValue;
    16a6:	6b3a      	ldr	r2, [r7, #48]	; 0x30
    16a8:	68bb      	ldr	r3, [r7, #8]
    16aa:	3310      	adds	r3, #16
    16ac:	009b      	lsls	r3, r3, #2
    16ae:	4413      	add	r3, r2
    16b0:	687a      	ldr	r2, [r7, #4]
    16b2:	605a      	str	r2, [r3, #4]
                    {
                        /* The value could not be written to the task. */
                        xReturn = pdFAIL;
                    }

                    break;
    16b4:	e003      	b.n	16be <xTaskGenericNotifyFromISR+0xee>
                        xReturn = pdFAIL;
    16b6:	2300      	movs	r3, #0
    16b8:	637b      	str	r3, [r7, #52]	; 0x34
                    break;
    16ba:	e000      	b.n	16be <xTaskGenericNotifyFromISR+0xee>

                    /* Should not get here if all enums are handled.
                     * Artificially force an assert by testing a value the
                     * compiler can't assume is const. */
                    configASSERT( xTickCount == ( TickType_t ) 0 );
                    break;
    16bc:	bf00      	nop

            traceTASK_NOTIFY_FROM_ISR( uxIndexToNotify );

            /* If the task is in the blocked state specifically to wait for a
             * notification then unblock it now. */
            if( ucOriginalNotifyState == taskWAITING_NOTIFICATION )
    16be:	f897 302b 	ldrb.w	r3, [r7, #43]	; 0x2b
    16c2:	2b01      	cmp	r3, #1
    16c4:	f040 8091 	bne.w	17ea <xTaskGenericNotifyFromISR+0x21a>
            {
                /* The task should not have been on an event list. */
                configASSERT( listLIST_ITEM_CONTAINER( &( pxTCB->xEventListItem ) ) == NULL );

                if( uxSchedulerSuspended == ( UBaseType_t ) 0U )
    16c8:	4b4e      	ldr	r3, [pc, #312]	; (1804 <xTaskGenericNotifyFromISR+0x234>)
    16ca:	681b      	ldr	r3, [r3, #0]
    16cc:	2b00      	cmp	r3, #0
    16ce:	d160      	bne.n	1792 <xTaskGenericNotifyFromISR+0x1c2>
                {
                    listREMOVE_ITEM( &( pxTCB->xStateListItem ) );
    16d0:	6b3b      	ldr	r3, [r7, #48]	; 0x30
    16d2:	695b      	ldr	r3, [r3, #20]
    16d4:	623b      	str	r3, [r7, #32]
    16d6:	6b3b      	ldr	r3, [r7, #48]	; 0x30
    16d8:	689b      	ldr	r3, [r3, #8]
    16da:	6b3a      	ldr	r2, [r7, #48]	; 0x30
    16dc:	68d2      	ldr	r2, [r2, #12]
    16de:	609a      	str	r2, [r3, #8]
    16e0:	6b3b      	ldr	r3, [r7, #48]	; 0x30
    16e2:	68db      	ldr	r3, [r3, #12]
    16e4:	6b3a      	ldr	r2, [r7, #48]	; 0x30
    16e6:	6892      	ldr	r2, [r2, #8]
    16e8:	605a      	str	r2, [r3, #4]
    16ea:	6a3b      	ldr	r3, [r7, #32]
    16ec:	685a      	ldr	r2, [r3, #4]
    16ee:	6b3b      	ldr	r3, [r7, #48]	; 0x30
    16f0:	3304      	adds	r3, #4
    16f2:	429a      	cmp	r2, r3
    16f4:	d103      	bne.n	16fe <xTaskGenericNotifyFromISR+0x12e>
    16f6:	6b3b      	ldr	r3, [r7, #48]	; 0x30
    16f8:	68da      	ldr	r2, [r3, #12]
    16fa:	6a3b      	ldr	r3, [r7, #32]
    16fc:	605a      	str	r2, [r3, #4]
    16fe:	6b3b      	ldr	r3, [r7, #48]	; 0x30
    1700:	2200      	movs	r2, #0
    1702:	615a      	str	r2, [r3, #20]
    1704:	6a3b      	ldr	r3, [r7, #32]
    1706:	681b      	ldr	r3, [r3, #0]
    1708:	1e5a      	subs	r2, r3, #1
    170a:	6a3b      	ldr	r3, [r7, #32]
    170c:	601a      	str	r2, [r3, #0]
                    prvAddTaskToReadyList( pxTCB );
    170e:	6b3b      	ldr	r3, [r7, #48]	; 0x30
    1710:	6adb      	ldr	r3, [r3, #44]	; 0x2c
    1712:	2201      	movs	r2, #1
    1714:	409a      	lsls	r2, r3
    1716:	4b3c      	ldr	r3, [pc, #240]	; (1808 <xTaskGenericNotifyFromISR+0x238>)
    1718:	681b      	ldr	r3, [r3, #0]
    171a:	4313      	orrs	r3, r2
    171c:	4a3a      	ldr	r2, [pc, #232]	; (1808 <xTaskGenericNotifyFromISR+0x238>)
    171e:	6013      	str	r3, [r2, #0]
    1720:	6b3b      	ldr	r3, [r7, #48]	; 0x30
    1722:	6ada      	ldr	r2, [r3, #44]	; 0x2c
    1724:	4939      	ldr	r1, [pc, #228]	; (180c <xTaskGenericNotifyFromISR+0x23c>)
    1726:	4613      	mov	r3, r2
    1728:	009b      	lsls	r3, r3, #2
    172a:	4413      	add	r3, r2
    172c:	009b      	lsls	r3, r3, #2
    172e:	440b      	add	r3, r1
    1730:	3304      	adds	r3, #4
    1732:	681b      	ldr	r3, [r3, #0]
    1734:	61fb      	str	r3, [r7, #28]
    1736:	6b3b      	ldr	r3, [r7, #48]	; 0x30
    1738:	69fa      	ldr	r2, [r7, #28]
    173a:	609a      	str	r2, [r3, #8]
    173c:	69fb      	ldr	r3, [r7, #28]
    173e:	689a      	ldr	r2, [r3, #8]
    1740:	6b3b      	ldr	r3, [r7, #48]	; 0x30
    1742:	60da      	str	r2, [r3, #12]
    1744:	69fb      	ldr	r3, [r7, #28]
    1746:	689b      	ldr	r3, [r3, #8]
    1748:	6b3a      	ldr	r2, [r7, #48]	; 0x30
    174a:	3204      	adds	r2, #4
    174c:	605a      	str	r2, [r3, #4]
    174e:	6b3b      	ldr	r3, [r7, #48]	; 0x30
    1750:	1d1a      	adds	r2, r3, #4
    1752:	69fb      	ldr	r3, [r7, #28]
    1754:	609a      	str	r2, [r3, #8]
    1756:	6b3b      	ldr	r3, [r7, #48]	; 0x30
    1758:	6ada      	ldr	r2, [r3, #44]	; 0x2c
    175a:	4613      	mov	r3, r2
    175c:	009b      	lsls	r3, r3, #2
    175e:	4413      	add	r3, r2
    1760:	009b      	lsls	r3, r3, #2
    1762:	4a2a      	ldr	r2, [pc, #168]	; (180c <xTaskGenericNotifyFromISR+0x23c>)
    1764:	441a      	add	r2, r3
    1766:	6b3b      	ldr	r3, [r7, #48]	; 0x30
    1768:	615a      	str	r2, [r3, #20]
    176a:	6b3b      	ldr	r3, [r7, #48]	; 0x30
    176c:	6ada      	ldr	r2, [r3, #44]	; 0x2c
    176e:	4927      	ldr	r1, [pc, #156]	; (180c <xTaskGenericNotifyFromISR+0x23c>)
    1770:	4613      	mov	r3, r2
    1772:	009b      	lsls	r3, r3, #2
    1774:	4413      	add	r3, r2
    1776:	009b      	lsls	r3, r3, #2
    1778:	440b      	add	r3, r1
    177a:	681b      	ldr	r3, [r3, #0]
    177c:	6b3a      	ldr	r2, [r7, #48]	; 0x30
    177e:	6ad2      	ldr	r2, [r2, #44]	; 0x2c
    1780:	1c59      	adds	r1, r3, #1
    1782:	4822      	ldr	r0, [pc, #136]	; (180c <xTaskGenericNotifyFromISR+0x23c>)
    1784:	4613      	mov	r3, r2
    1786:	009b      	lsls	r3, r3, #2
    1788:	4413      	add	r3, r2
    178a:	009b      	lsls	r3, r3, #2
    178c:	4403      	add	r3, r0
    178e:	6019      	str	r1, [r3, #0]
    1790:	e01b      	b.n	17ca <xTaskGenericNotifyFromISR+0x1fa>
                }
                else
                {
                    /* The delayed and ready lists cannot be accessed, so hold
                     * this task pending until the scheduler is resumed. */
                    listINSERT_END( &( xPendingReadyList ), &( pxTCB->xEventListItem ) );
    1792:	4b1f      	ldr	r3, [pc, #124]	; (1810 <xTaskGenericNotifyFromISR+0x240>)
    1794:	685b      	ldr	r3, [r3, #4]
    1796:	627b      	str	r3, [r7, #36]	; 0x24
    1798:	6b3b      	ldr	r3, [r7, #48]	; 0x30
    179a:	6a7a      	ldr	r2, [r7, #36]	; 0x24
    179c:	61da      	str	r2, [r3, #28]
    179e:	6a7b      	ldr	r3, [r7, #36]	; 0x24
    17a0:	689a      	ldr	r2, [r3, #8]
    17a2:	6b3b      	ldr	r3, [r7, #48]	; 0x30
    17a4:	621a      	str	r2, [r3, #32]
    17a6:	6a7b      	ldr	r3, [r7, #36]	; 0x24
    17a8:	689b      	ldr	r3, [r3, #8]
    17aa:	6b3a      	ldr	r2, [r7, #48]	; 0x30
    17ac:	3218      	adds	r2, #24
    17ae:	605a      	str	r2, [r3, #4]
    17b0:	6b3b      	ldr	r3, [r7, #48]	; 0x30
    17b2:	f103 0218 	add.w	r2, r3, #24
    17b6:	6a7b      	ldr	r3, [r7, #36]	; 0x24
    17b8:	609a      	str	r2, [r3, #8]
    17ba:	6b3b      	ldr	r3, [r7, #48]	; 0x30
    17bc:	4a14      	ldr	r2, [pc, #80]	; (1810 <xTaskGenericNotifyFromISR+0x240>)
    17be:	629a      	str	r2, [r3, #40]	; 0x28
    17c0:	4b13      	ldr	r3, [pc, #76]	; (1810 <xTaskGenericNotifyFromISR+0x240>)
    17c2:	681b      	ldr	r3, [r3, #0]
    17c4:	3301      	adds	r3, #1
    17c6:	4a12      	ldr	r2, [pc, #72]	; (1810 <xTaskGenericNotifyFromISR+0x240>)
    17c8:	6013      	str	r3, [r2, #0]
                }

                #if ( configNUMBER_OF_CORES == 1 )
                {
                    if( pxTCB->uxPriority > pxCurrentTCB->uxPriority )
    17ca:	6b3b      	ldr	r3, [r7, #48]	; 0x30
    17cc:	6ada      	ldr	r2, [r3, #44]	; 0x2c
    17ce:	4b11      	ldr	r3, [pc, #68]	; (1814 <xTaskGenericNotifyFromISR+0x244>)
    17d0:	681b      	ldr	r3, [r3, #0]
    17d2:	6adb      	ldr	r3, [r3, #44]	; 0x2c
    17d4:	429a      	cmp	r2, r3
    17d6:	d908      	bls.n	17ea <xTaskGenericNotifyFromISR+0x21a>
                    {
                        /* The notified task has a priority above the currently
                         * executing task so a yield is required. */
                        if( pxHigherPriorityTaskWoken != NULL )
    17d8:	6c7b      	ldr	r3, [r7, #68]	; 0x44
    17da:	2b00      	cmp	r3, #0
    17dc:	d002      	beq.n	17e4 <xTaskGenericNotifyFromISR+0x214>
                        {
                            *pxHigherPriorityTaskWoken = pdTRUE;
    17de:	6c7b      	ldr	r3, [r7, #68]	; 0x44
    17e0:	2201      	movs	r2, #1
    17e2:	601a      	str	r2, [r3, #0]
                        }

                        /* Mark that a yield is pending in case the user is not
                         * using the "xHigherPriorityTaskWoken" parameter to an ISR
                         * safe FreeRTOS function. */
                        xYieldPendings[ 0 ] = pdTRUE;
    17e4:	4b0c      	ldr	r3, [pc, #48]	; (1818 <xTaskGenericNotifyFromISR+0x248>)
    17e6:	2201      	movs	r2, #1
    17e8:	601a      	str	r2, [r3, #0]
    17ea:	6afb      	ldr	r3, [r7, #44]	; 0x2c
    17ec:	613b      	str	r3, [r7, #16]
}
/*-----------------------------------------------------------*/

portFORCE_INLINE static void vPortSetBASEPRI( uint32_t ulNewMaskValue )
{
    __asm volatile
    17ee:	693b      	ldr	r3, [r7, #16]
    17f0:	f383 8811 	msr	BASEPRI, r3
    (
        "   msr basepri, %0 " ::"r" ( ulNewMaskValue ) : "memory"
    );
}
    17f4:	bf00      	nop
        }
        taskEXIT_CRITICAL_FROM_ISR( uxSavedInterruptStatus );

        traceRETURN_xTaskGenericNotifyFromISR( xReturn );

        return xReturn;
    17f6:	6b7b      	ldr	r3, [r7, #52]	; 0x34
    }
    17f8:	4618      	mov	r0, r3
    17fa:	373c      	adds	r7, #60	; 0x3c
    17fc:	46bd      	mov	sp, r7
    17fe:	bc80      	pop	{r7}
    1800:	4770      	bx	lr
    1802:	bf00      	nop
    1804:	200001a4 	andcs	r0, r0, r4, lsr #3
    1808:	20000184 	andcs	r0, r0, r4, lsl #3
    180c:	2000000c 	andcs	r0, r0, ip
    1810:	20000168 	andcs	r0, r0, r8, ror #2
    1814:	20000008 	andcs	r0, r0, r8
    1818:	20000190 	mulcs	r0, r0, r1

0000181c <vTaskGenericNotifyGiveFromISR>:
#if ( configUSE_TASK_NOTIFICATIONS == 1 )

    void vTaskGenericNotifyGiveFromISR( TaskHandle_t xTaskToNotify,
                                        UBaseType_t uxIndexToNotify,
                                        BaseType_t * pxHigherPriorityTaskWoken )
    {
    181c:	b480      	push	{r7}
    181e:	b08f      	sub	sp, #60	; 0x3c
    1820:	af00      	add	r7, sp, #0
    1822:	60f8      	str	r0, [r7, #12]
    1824:	60b9      	str	r1, [r7, #8]
    1826:	607a      	str	r2, [r7, #4]
         * simple as possible.  More information (albeit Cortex-M specific) is
         * provided on the following link:
         * https://www.FreeRTOS.org/RTOS-Cortex-M3-M4.html */
        portASSERT_IF_INTERRUPT_PRIORITY_INVALID();

        pxTCB = xTaskToNotify;
    1828:	68fb      	ldr	r3, [r7, #12]
    182a:	637b      	str	r3, [r7, #52]	; 0x34
    __asm volatile
    182c:	f3ef 8211 	mrs	r2, BASEPRI
    1830:	f04f 0301 	mov.w	r3, #1
    1834:	f383 8811 	msr	BASEPRI, r3
    1838:	f3bf 8f6f 	isb	sy
    183c:	f3bf 8f4f 	dsb	sy
    1840:	61fa      	str	r2, [r7, #28]
    1842:	61bb      	str	r3, [r7, #24]
    return ulOriginalBASEPRI;
    1844:	69fb      	ldr	r3, [r7, #28]

        /* MISRA Ref 4.7.1 [Return value shall be checked] */
        /* More details at: https://github.com/FreeRTOS/FreeRTOS-Kernel/blob/main/MISRA.md#dir-47 */
        /* coverity[misra_c_2012_directive_4_7_violation] */
        uxSavedInterruptStatus = ( UBaseType_t ) taskENTER_CRITICAL_FROM_ISR();
    1846:	633b      	str	r3, [r7, #48]	; 0x30
        {
            ucOriginalNotifyState = pxTCB->ucNotifyState[ uxIndexToNotify ];
    1848:	6b7a      	ldr	r2, [r7, #52]	; 0x34
    184a:	68bb      	ldr	r3, [r7, #8]
    184c:	4413      	add	r3, r2
    184e:	3348      	adds	r3, #72	; 0x48
    1850:	781b      	ldrb	r3, [r3, #0]
    1852:	f887 302f 	strb.w	r3, [r7, #47]	; 0x2f
            pxTCB->ucNotifyState[ uxIndexToNotify ] = taskNOTIFICATION_RECEIVED;
    1856:	6b7a      	ldr	r2, [r7, #52]	; 0x34
    1858:	68bb      	ldr	r3, [r7, #8]
    185a:	4413      	add	r3, r2
    185c:	3348      	adds	r3, #72	; 0x48
    185e:	2202      	movs	r2, #2
    1860:	701a      	strb	r2, [r3, #0]

            /* 'Giving' is equivalent to incrementing a count in a counting
             * semaphore. */
            ( pxTCB->ulNotifiedValue[ uxIndexToNotify ] )++;
    1862:	6b7a      	ldr	r2, [r7, #52]	; 0x34
    1864:	68bb      	ldr	r3, [r7, #8]
    1866:	3310      	adds	r3, #16
    1868:	009b      	lsls	r3, r3, #2
    186a:	4413      	add	r3, r2
    186c:	685b      	ldr	r3, [r3, #4]
    186e:	1c5a      	adds	r2, r3, #1
    1870:	6b79      	ldr	r1, [r7, #52]	; 0x34
    1872:	68bb      	ldr	r3, [r7, #8]
    1874:	3310      	adds	r3, #16
    1876:	009b      	lsls	r3, r3, #2
    1878:	440b      	add	r3, r1
    187a:	605a      	str	r2, [r3, #4]

            traceTASK_NOTIFY_GIVE_FROM_ISR( uxIndexToNotify );

            /* If the task is in the blocked state specifically to wait for a
             * notification then unblock it now. */
            if( ucOriginalNotifyState == taskWAITING_NOTIFICATION )
    187c:	f897 302f 	ldrb.w	r3, [r7, #47]	; 0x2f
    1880:	2b01      	cmp	r3, #1
    1882:	f040 8091 	bne.w	19a8 <vTaskGenericNotifyGiveFromISR+0x18c>
            {
                /* The task should not have been on an event list. */
                configASSERT( listLIST_ITEM_CONTAINER( &( pxTCB->xEventListItem ) ) == NULL );

                if( uxSchedulerSuspended == ( UBaseType_t ) 0U )
    1886:	4b4e      	ldr	r3, [pc, #312]	; (19c0 <vTaskGenericNotifyGiveFromISR+0x1a4>)
    1888:	681b      	ldr	r3, [r3, #0]
    188a:	2b00      	cmp	r3, #0
    188c:	d160      	bne.n	1950 <vTaskGenericNotifyGiveFromISR+0x134>
                {
                    listREMOVE_ITEM( &( pxTCB->xStateListItem ) );
    188e:	6b7b      	ldr	r3, [r7, #52]	; 0x34
    1890:	695b      	ldr	r3, [r3, #20]
    1892:	627b      	str	r3, [r7, #36]	; 0x24
    1894:	6b7b      	ldr	r3, [r7, #52]	; 0x34
    1896:	689b      	ldr	r3, [r3, #8]
    1898:	6b7a      	ldr	r2, [r7, #52]	; 0x34
    189a:	68d2      	ldr	r2, [r2, #12]
    189c:	609a      	str	r2, [r3, #8]
    189e:	6b7b      	ldr	r3, [r7, #52]	; 0x34
    18a0:	68db      	ldr	r3, [r3, #12]
    18a2:	6b7a      	ldr	r2, [r7, #52]	; 0x34
    18a4:	6892      	ldr	r2, [r2, #8]
    18a6:	605a      	str	r2, [r3, #4]
    18a8:	6a7b      	ldr	r3, [r7, #36]	; 0x24
    18aa:	685a      	ldr	r2, [r3, #4]
    18ac:	6b7b      	ldr	r3, [r7, #52]	; 0x34
    18ae:	3304      	adds	r3, #4
    18b0:	429a      	cmp	r2, r3
    18b2:	d103      	bne.n	18bc <vTaskGenericNotifyGiveFromISR+0xa0>
    18b4:	6b7b      	ldr	r3, [r7, #52]	; 0x34
    18b6:	68da      	ldr	r2, [r3, #12]
    18b8:	6a7b      	ldr	r3, [r7, #36]	; 0x24
    18ba:	605a      	str	r2, [r3, #4]
    18bc:	6b7b      	ldr	r3, [r7, #52]	; 0x34
    18be:	2200      	movs	r2, #0
    18c0:	615a      	str	r2, [r3, #20]
    18c2:	6a7b      	ldr	r3, [r7, #36]	; 0x24
    18c4:	681b      	ldr	r3, [r3, #0]
    18c6:	1e5a      	subs	r2, r3, #1
    18c8:	6a7b      	ldr	r3, [r7, #36]	; 0x24
    18ca:	601a      	str	r2, [r3, #0]
                    prvAddTaskToReadyList( pxTCB );
    18cc:	6b7b      	ldr	r3, [r7, #52]	; 0x34
    18ce:	6adb      	ldr	r3, [r3, #44]	; 0x2c
    18d0:	2201      	movs	r2, #1
    18d2:	409a      	lsls	r2, r3
    18d4:	4b3b      	ldr	r3, [pc, #236]	; (19c4 <vTaskGenericNotifyGiveFromISR+0x1a8>)
    18d6:	681b      	ldr	r3, [r3, #0]
    18d8:	4313      	orrs	r3, r2
    18da:	4a3a      	ldr	r2, [pc, #232]	; (19c4 <vTaskGenericNotifyGiveFromISR+0x1a8>)
    18dc:	6013      	str	r3, [r2, #0]
    18de:	6b7b      	ldr	r3, [r7, #52]	; 0x34
    18e0:	6ada      	ldr	r2, [r3, #44]	; 0x2c
    18e2:	4939      	ldr	r1, [pc, #228]	; (19c8 <vTaskGenericNotifyGiveFromISR+0x1ac>)
    18e4:	4613      	mov	r3, r2
    18e6:	009b      	lsls	r3, r3, #2
    18e8:	4413      	add	r3, r2
    18ea:	009b      	lsls	r3, r3, #2
    18ec:	440b      	add	r3, r1
    18ee:	3304      	adds	r3, #4
    18f0:	681b      	ldr	r3, [r3, #0]
    18f2:	623b      	str	r3, [r7, #32]
    18f4:	6b7b      	ldr	r3, [r7, #52]	; 0x34
    18f6:	6a3a      	ldr	r2, [r7, #32]
    18f8:	609a      	str	r2, [r3, #8]
    18fa:	6a3b      	ldr	r3, [r7, #32]
    18fc:	689a      	ldr	r2, [r3, #8]
    18fe:	6b7b      	ldr	r3, [r7, #52]	; 0x34
    1900:	60da      	str	r2, [r3, #12]
    1902:	6a3b      	ldr	r3, [r7, #32]
    1904:	689b      	ldr	r3, [r3, #8]
    1906:	6b7a      	ldr	r2, [r7, #52]	; 0x34
    1908:	3204      	adds	r2, #4
    190a:	605a      	str	r2, [r3, #4]
    190c:	6b7b      	ldr	r3, [r7, #52]	; 0x34
    190e:	1d1a      	adds	r2, r3, #4
    1910:	6a3b      	ldr	r3, [r7, #32]
    1912:	609a      	str	r2, [r3, #8]
    1914:	6b7b      	ldr	r3, [r7, #52]	; 0x34
    1916:	6ada      	ldr	r2, [r3, #44]	; 0x2c
    1918:	4613      	mov	r3, r2
    191a:	009b      	lsls	r3, r3, #2
    191c:	4413      	add	r3, r2
    191e:	009b      	lsls	r3, r3, #2
    1920:	4a29      	ldr	r2, [pc, #164]	; (19c8 <vTaskGenericNotifyGiveFromISR+0x1ac>)
    1922:	441a      	add	r2, r3
    1924:	6b7b      	ldr	r3, [r7, #52]	; 0x34
    1926:	615a      	str	r2, [r3, #20]
    1928:	6b7b      	ldr	r3, [r7, #52]	; 0x34
    192a:	6ada      	ldr	r2, [r3, #44]	; 0x2c
    192c:	4926      	ldr	r1, [pc, #152]	; (19c8 <vTaskGenericNotifyGiveFromISR+0x1ac>)
    192e:	4613      	mov	r3, r2
    1930:	009b      	lsls	r3, r3, #2
    1932:	4413      	add	r3, r2
    1934:	009b      	lsls	r3, r3, #2
    1936:	440b      	add	r3, r1
    1938:	681b      	ldr	r3, [r3, #0]
    193a:	6b7a      	ldr	r2, [r7, #52]	; 0x34
    193c:	6ad2      	ldr	r2, [r2, #44]	; 0x2c
    193e:	1c59      	adds	r1, r3, #1
    1940:	4821      	ldr	r0, [pc, #132]	; (19c8 <vTaskGenericNotifyGiveFromISR+0x1ac>)
    1942:	4613      	mov	r3, r2
    1944:	009b      	lsls	r3, r3, #2
    1946:	4413      	add	r3, r2
    1948:	009b      	lsls	r3, r3, #2
    194a:	4403      	add	r3, r0
    194c:	6019      	str	r1, [r3, #0]
    194e:	e01b      	b.n	1988 <vTaskGenericNotifyGiveFromISR+0x16c>
                }
                else
                {
                    /* The delayed and ready lists cannot be accessed, so hold
                     * this task pending until the scheduler is resumed. */
                    listINSERT_END( &( xPendingReadyList ), &( pxTCB->xEventListItem ) );
    1950:	4b1e      	ldr	r3, [pc, #120]	; (19cc <vTaskGenericNotifyGiveFromISR+0x1b0>)
    1952:	685b      	ldr	r3, [r3, #4]
    1954:	62bb      	str	r3, [r7, #40]	; 0x28
    1956:	6b7b      	ldr	r3, [r7, #52]	; 0x34
    1958:	6aba      	ldr	r2, [r7, #40]	; 0x28
    195a:	61da      	str	r2, [r3, #28]
    195c:	6abb      	ldr	r3, [r7, #40]	; 0x28
    195e:	689a      	ldr	r2, [r3, #8]
    1960:	6b7b      	ldr	r3, [r7, #52]	; 0x34
    1962:	621a      	str	r2, [r3, #32]
    1964:	6abb      	ldr	r3, [r7, #40]	; 0x28
    1966:	689b      	ldr	r3, [r3, #8]
    1968:	6b7a      	ldr	r2, [r7, #52]	; 0x34
    196a:	3218      	adds	r2, #24
    196c:	605a      	str	r2, [r3, #4]
    196e:	6b7b      	ldr	r3, [r7, #52]	; 0x34
    1970:	f103 0218 	add.w	r2, r3, #24
    1974:	6abb      	ldr	r3, [r7, #40]	; 0x28
    1976:	609a      	str	r2, [r3, #8]
    1978:	6b7b      	ldr	r3, [r7, #52]	; 0x34
    197a:	4a14      	ldr	r2, [pc, #80]	; (19cc <vTaskGenericNotifyGiveFromISR+0x1b0>)
    197c:	629a      	str	r2, [r3, #40]	; 0x28
    197e:	4b13      	ldr	r3, [pc, #76]	; (19cc <vTaskGenericNotifyGiveFromISR+0x1b0>)
    1980:	681b      	ldr	r3, [r3, #0]
    1982:	3301      	adds	r3, #1
    1984:	4a11      	ldr	r2, [pc, #68]	; (19cc <vTaskGenericNotifyGiveFromISR+0x1b0>)
    1986:	6013      	str	r3, [r2, #0]
                }

                #if ( configNUMBER_OF_CORES == 1 )
                {
                    if( pxTCB->uxPriority > pxCurrentTCB->uxPriority )
    1988:	6b7b      	ldr	r3, [r7, #52]	; 0x34
    198a:	6ada      	ldr	r2, [r3, #44]	; 0x2c
    198c:	4b10      	ldr	r3, [pc, #64]	; (19d0 <vTaskGenericNotifyGiveFromISR+0x1b4>)
    198e:	681b      	ldr	r3, [r3, #0]
    1990:	6adb      	ldr	r3, [r3, #44]	; 0x2c
    1992:	429a      	cmp	r2, r3
    1994:	d908      	bls.n	19a8 <vTaskGenericNotifyGiveFromISR+0x18c>
                    {
                        /* The notified task has a priority above the currently
                         * executing task so a yield is required. */
                        if( pxHigherPriorityTaskWoken != NULL )
    1996:	687b      	ldr	r3, [r7, #4]
    1998:	2b00      	cmp	r3, #0
    199a:	d002      	beq.n	19a2 <vTaskGenericNotifyGiveFromISR+0x186>
                        {
                            *pxHigherPriorityTaskWoken = pdTRUE;
    199c:	687b      	ldr	r3, [r7, #4]
    199e:	2201      	movs	r2, #1
    19a0:	601a      	str	r2, [r3, #0]
                        }

                        /* Mark that a yield is pending in case the user is not
                         * using the "xHigherPriorityTaskWoken" parameter in an ISR
                         * safe FreeRTOS function. */
                        xYieldPendings[ 0 ] = pdTRUE;
    19a2:	4b0c      	ldr	r3, [pc, #48]	; (19d4 <vTaskGenericNotifyGiveFromISR+0x1b8>)
    19a4:	2201      	movs	r2, #1
    19a6:	601a      	str	r2, [r3, #0]
    19a8:	6b3b      	ldr	r3, [r7, #48]	; 0x30
    19aa:	617b      	str	r3, [r7, #20]
    __asm volatile
    19ac:	697b      	ldr	r3, [r7, #20]
    19ae:	f383 8811 	msr	BASEPRI, r3
}
    19b2:	bf00      	nop
            }
        }
        taskEXIT_CRITICAL_FROM_ISR( uxSavedInterruptStatus );

        traceRETURN_vTaskGenericNotifyGiveFromISR();
    }
    19b4:	bf00      	nop
    19b6:	373c      	adds	r7, #60	; 0x3c
    19b8:	46bd      	mov	sp, r7
    19ba:	bc80      	pop	{r7}
    19bc:	4770      	bx	lr
    19be:	bf00      	nop
    19c0:	200001a4 	andcs	r0, r0, r4, lsr #3
    19c4:	20000184 	andcs	r0, r0, r4, lsl #3
    19c8:	2000000c 	andcs	r0, r0, ip
    19cc:	20000168 	andcs	r0, r0, r8, ror #2
    19d0:	20000008 	andcs	r0, r0, r8
    19d4:	20000190 	mulcs	r0, r0, r1

000019d8 <xTaskGenericNotifyStateClear>:

#if ( configUSE_TASK_NOTIFICATIONS == 1 )

    BaseType_t xTaskGenericNotifyStateClear( TaskHandle_t xTask,
                                             UBaseType_t uxIndexToClear )
    {
    19d8:	b580      	push	{r7, lr}
    19da:	b084      	sub	sp, #16
    19dc:	af00      	add	r7, sp, #0
    19de:	6078      	str	r0, [r7, #4]
    19e0:	6039      	str	r1, [r7, #0]

        configASSERT( uxIndexToClear < configTASK_NOTIFICATION_ARRAY_ENTRIES );

        /* If null is passed in here then it is the calling task that is having
         * its notification state cleared. */
        pxTCB = prvGetTCBFromHandle( xTask );
    19e2:	687b      	ldr	r3, [r7, #4]
    19e4:	2b00      	cmp	r3, #0
    19e6:	d102      	bne.n	19ee <xTaskGenericNotifyStateClear+0x16>
    19e8:	4b10      	ldr	r3, [pc, #64]	; (1a2c <xTaskGenericNotifyStateClear+0x54>)
    19ea:	681b      	ldr	r3, [r3, #0]
    19ec:	e000      	b.n	19f0 <xTaskGenericNotifyStateClear+0x18>
    19ee:	687b      	ldr	r3, [r7, #4]
    19f0:	60bb      	str	r3, [r7, #8]
        configASSERT( pxTCB != NULL );

        taskENTER_CRITICAL();
    19f2:	f000 fcb1 	bl	2358 <vPortEnterCritical>
        {
            if( pxTCB->ucNotifyState[ uxIndexToClear ] == taskNOTIFICATION_RECEIVED )
    19f6:	68ba      	ldr	r2, [r7, #8]
    19f8:	683b      	ldr	r3, [r7, #0]
    19fa:	4413      	add	r3, r2
    19fc:	3348      	adds	r3, #72	; 0x48
    19fe:	781b      	ldrb	r3, [r3, #0]
    1a00:	b2db      	uxtb	r3, r3
    1a02:	2b02      	cmp	r3, #2
    1a04:	d108      	bne.n	1a18 <xTaskGenericNotifyStateClear+0x40>
            {
                pxTCB->ucNotifyState[ uxIndexToClear ] = taskNOT_WAITING_NOTIFICATION;
    1a06:	68ba      	ldr	r2, [r7, #8]
    1a08:	683b      	ldr	r3, [r7, #0]
    1a0a:	4413      	add	r3, r2
    1a0c:	3348      	adds	r3, #72	; 0x48
    1a0e:	2200      	movs	r2, #0
    1a10:	701a      	strb	r2, [r3, #0]
                xReturn = pdPASS;
    1a12:	2301      	movs	r3, #1
    1a14:	60fb      	str	r3, [r7, #12]
    1a16:	e001      	b.n	1a1c <xTaskGenericNotifyStateClear+0x44>
            }
            else
            {
                xReturn = pdFAIL;
    1a18:	2300      	movs	r3, #0
    1a1a:	60fb      	str	r3, [r7, #12]
            }
        }
        taskEXIT_CRITICAL();
    1a1c:	f000 fcb6 	bl	238c <vPortExitCritical>

        traceRETURN_xTaskGenericNotifyStateClear( xReturn );

        return xReturn;
    1a20:	68fb      	ldr	r3, [r7, #12]
    }
    1a22:	4618      	mov	r0, r3
    1a24:	3710      	adds	r7, #16
    1a26:	46bd      	mov	sp, r7
    1a28:	bd80      	pop	{r7, pc}
    1a2a:	bf00      	nop
    1a2c:	20000008 	andcs	r0, r0, r8

00001a30 <ulTaskGenericNotifyValueClear>:
#if ( configUSE_TASK_NOTIFICATIONS == 1 )

    uint32_t ulTaskGenericNotifyValueClear( TaskHandle_t xTask,
                                            UBaseType_t uxIndexToClear,
                                            uint32_t ulBitsToClear )
    {
    1a30:	b580      	push	{r7, lr}
    1a32:	b086      	sub	sp, #24
    1a34:	af00      	add	r7, sp, #0
    1a36:	60f8      	str	r0, [r7, #12]
    1a38:	60b9      	str	r1, [r7, #8]
    1a3a:	607a      	str	r2, [r7, #4]

        configASSERT( uxIndexToClear < configTASK_NOTIFICATION_ARRAY_ENTRIES );

        /* If null is passed in here then it is the calling task that is having
         * its notification state cleared. */
        pxTCB = prvGetTCBFromHandle( xTask );
    1a3c:	68fb      	ldr	r3, [r7, #12]
    1a3e:	2b00      	cmp	r3, #0
    1a40:	d102      	bne.n	1a48 <ulTaskGenericNotifyValueClear+0x18>
    1a42:	4b12      	ldr	r3, [pc, #72]	; (1a8c <ulTaskGenericNotifyValueClear+0x5c>)
    1a44:	681b      	ldr	r3, [r3, #0]
    1a46:	e000      	b.n	1a4a <ulTaskGenericNotifyValueClear+0x1a>
    1a48:	68fb      	ldr	r3, [r7, #12]
    1a4a:	617b      	str	r3, [r7, #20]
        configASSERT( pxTCB != NULL );

        taskENTER_CRITICAL();
    1a4c:	f000 fc84 	bl	2358 <vPortEnterCritical>
        {
            /* Return the notification as it was before the bits were cleared,
             * then clear the bit mask. */
            ulReturn = pxTCB->ulNotifiedValue[ uxIndexToClear ];
    1a50:	697a      	ldr	r2, [r7, #20]
    1a52:	68bb      	ldr	r3, [r7, #8]
    1a54:	3310      	adds	r3, #16
    1a56:	009b      	lsls	r3, r3, #2
    1a58:	4413      	add	r3, r2
    1a5a:	685b      	ldr	r3, [r3, #4]
    1a5c:	613b      	str	r3, [r7, #16]
            pxTCB->ulNotifiedValue[ uxIndexToClear ] &= ~ulBitsToClear;
    1a5e:	697a      	ldr	r2, [r7, #20]
    1a60:	68bb      	ldr	r3, [r7, #8]
    1a62:	3310      	adds	r3, #16
    1a64:	009b      	lsls	r3, r3, #2
    1a66:	4413      	add	r3, r2
    1a68:	685a      	ldr	r2, [r3, #4]
    1a6a:	687b      	ldr	r3, [r7, #4]
    1a6c:	43db      	mvns	r3, r3
    1a6e:	401a      	ands	r2, r3
    1a70:	6979      	ldr	r1, [r7, #20]
    1a72:	68bb      	ldr	r3, [r7, #8]
    1a74:	3310      	adds	r3, #16
    1a76:	009b      	lsls	r3, r3, #2
    1a78:	440b      	add	r3, r1
    1a7a:	605a      	str	r2, [r3, #4]
        }
        taskEXIT_CRITICAL();
    1a7c:	f000 fc86 	bl	238c <vPortExitCritical>

        traceRETURN_ulTaskGenericNotifyValueClear( ulReturn );

        return ulReturn;
    1a80:	693b      	ldr	r3, [r7, #16]
    }
    1a82:	4618      	mov	r0, r3
    1a84:	3718      	adds	r7, #24
    1a86:	46bd      	mov	sp, r7
    1a88:	bd80      	pop	{r7, pc}
    1a8a:	bf00      	nop
    1a8c:	20000008 	andcs	r0, r0, r8

00001a90 <prvAddCurrentTaskToDelayedList>:
#endif /* if ( ( configGENERATE_RUN_TIME_STATS == 1 ) && ( INCLUDE_xTaskGetIdleTaskHandle == 1 ) ) */
/*-----------------------------------------------------------*/

STATIC void prvAddCurrentTaskToDelayedList( TickType_t xTicksToWait,
                                            const BaseType_t xCanBlockIndefinitely )
{
    1a90:	b580      	push	{r7, lr}
    1a92:	b086      	sub	sp, #24
    1a94:	af00      	add	r7, sp, #0
    1a96:	6078      	str	r0, [r7, #4]
    1a98:	6039      	str	r1, [r7, #0]
    TickType_t xTimeToWake;
    const TickType_t xConstTickCount = xTickCount;
    1a9a:	4b22      	ldr	r3, [pc, #136]	; (1b24 <prvAddCurrentTaskToDelayedList+0x94>)
    1a9c:	681b      	ldr	r3, [r3, #0]
    1a9e:	617b      	str	r3, [r7, #20]
    List_t * const pxDelayedList = pxDelayedTaskList;
    1aa0:	4b21      	ldr	r3, [pc, #132]	; (1b28 <prvAddCurrentTaskToDelayedList+0x98>)
    1aa2:	681b      	ldr	r3, [r3, #0]
    1aa4:	613b      	str	r3, [r7, #16]
    List_t * const pxOverflowDelayedList = pxOverflowDelayedTaskList;
    1aa6:	4b21      	ldr	r3, [pc, #132]	; (1b2c <prvAddCurrentTaskToDelayedList+0x9c>)
    1aa8:	681b      	ldr	r3, [r3, #0]
    1aaa:	60fb      	str	r3, [r7, #12]
    }
    #endif

    /* Remove the task from the ready list before adding it to the blocked list
     * as the same list item is used for both lists. */
    if( uxListRemove( &( pxCurrentTCB->xStateListItem ) ) == ( UBaseType_t ) 0 )
    1aac:	4b20      	ldr	r3, [pc, #128]	; (1b30 <prvAddCurrentTaskToDelayedList+0xa0>)
    1aae:	681b      	ldr	r3, [r3, #0]
    1ab0:	3304      	adds	r3, #4
    1ab2:	4618      	mov	r0, r3
    1ab4:	f000 f912 	bl	1cdc <uxListRemove>
    1ab8:	4603      	mov	r3, r0
    1aba:	2b00      	cmp	r3, #0
    1abc:	d10b      	bne.n	1ad6 <prvAddCurrentTaskToDelayedList+0x46>
    {
        /* The current task must be in a ready list, so there is no need to
         * check, and the port reset macro can be called directly. */
        portRESET_READY_PRIORITY( pxCurrentTCB->uxPriority, uxTopReadyPriority );
    1abe:	4b1c      	ldr	r3, [pc, #112]	; (1b30 <prvAddCurrentTaskToDelayedList+0xa0>)
    1ac0:	681b      	ldr	r3, [r3, #0]
    1ac2:	6adb      	ldr	r3, [r3, #44]	; 0x2c
    1ac4:	2201      	movs	r2, #1
    1ac6:	fa02 f303 	lsl.w	r3, r2, r3
    1aca:	43da      	mvns	r2, r3
    1acc:	4b19      	ldr	r3, [pc, #100]	; (1b34 <prvAddCurrentTaskToDelayedList+0xa4>)
    1ace:	681b      	ldr	r3, [r3, #0]
    1ad0:	4013      	ands	r3, r2
    1ad2:	4a18      	ldr	r2, [pc, #96]	; (1b34 <prvAddCurrentTaskToDelayedList+0xa4>)
    1ad4:	6013      	str	r3, [r2, #0]
    #else /* INCLUDE_vTaskSuspend */
    {
        /* Calculate the time at which the task should be woken if the event
         * does not occur.  This may overflow but this doesn't matter, the kernel
         * will manage it correctly. */
        xTimeToWake = xConstTickCount + xTicksToWait;
    1ad6:	697a      	ldr	r2, [r7, #20]
    1ad8:	687b      	ldr	r3, [r7, #4]
    1ada:	4413      	add	r3, r2
    1adc:	60bb      	str	r3, [r7, #8]

        /* The list item will be inserted in wake time order. */
        listSET_LIST_ITEM_VALUE( &( pxCurrentTCB->xStateListItem ), xTimeToWake );
    1ade:	4b14      	ldr	r3, [pc, #80]	; (1b30 <prvAddCurrentTaskToDelayedList+0xa0>)
    1ae0:	681b      	ldr	r3, [r3, #0]
    1ae2:	68ba      	ldr	r2, [r7, #8]
    1ae4:	605a      	str	r2, [r3, #4]

        if( xTimeToWake < xConstTickCount )
    1ae6:	68ba      	ldr	r2, [r7, #8]
    1ae8:	697b      	ldr	r3, [r7, #20]
    1aea:	429a      	cmp	r2, r3
    1aec:	d207      	bcs.n	1afe <prvAddCurrentTaskToDelayedList+0x6e>
        {
            traceMOVED_TASK_TO_OVERFLOW_DELAYED_LIST();
            /* Wake time has overflowed.  Place this item in the overflow list. */
            vListInsert( pxOverflowDelayedList, &( pxCurrentTCB->xStateListItem ) );
    1aee:	4b10      	ldr	r3, [pc, #64]	; (1b30 <prvAddCurrentTaskToDelayedList+0xa0>)
    1af0:	681b      	ldr	r3, [r3, #0]
    1af2:	3304      	adds	r3, #4
    1af4:	4619      	mov	r1, r3
    1af6:	68f8      	ldr	r0, [r7, #12]
    1af8:	f000 f8b8 	bl	1c6c <vListInsert>

        /* Avoid compiler warning when INCLUDE_vTaskSuspend is not 1. */
        ( void ) xCanBlockIndefinitely;
    }
    #endif /* INCLUDE_vTaskSuspend */
}
    1afc:	e00e      	b.n	1b1c <prvAddCurrentTaskToDelayedList+0x8c>
            vListInsert( pxDelayedList, &( pxCurrentTCB->xStateListItem ) );
    1afe:	4b0c      	ldr	r3, [pc, #48]	; (1b30 <prvAddCurrentTaskToDelayedList+0xa0>)
    1b00:	681b      	ldr	r3, [r3, #0]
    1b02:	3304      	adds	r3, #4
    1b04:	4619      	mov	r1, r3
    1b06:	6938      	ldr	r0, [r7, #16]
    1b08:	f000 f8b0 	bl	1c6c <vListInsert>
            if( xTimeToWake < xNextTaskUnblockTime )
    1b0c:	4b0a      	ldr	r3, [pc, #40]	; (1b38 <prvAddCurrentTaskToDelayedList+0xa8>)
    1b0e:	681b      	ldr	r3, [r3, #0]
    1b10:	68ba      	ldr	r2, [r7, #8]
    1b12:	429a      	cmp	r2, r3
    1b14:	d202      	bcs.n	1b1c <prvAddCurrentTaskToDelayedList+0x8c>
                xNextTaskUnblockTime = xTimeToWake;
    1b16:	4a08      	ldr	r2, [pc, #32]	; (1b38 <prvAddCurrentTaskToDelayedList+0xa8>)
    1b18:	68bb      	ldr	r3, [r7, #8]
    1b1a:	6013      	str	r3, [r2, #0]
}
    1b1c:	bf00      	nop
    1b1e:	3718      	adds	r7, #24
    1b20:	46bd      	mov	sp, r7
    1b22:	bd80      	pop	{r7, pc}
    1b24:	20000180 	andcs	r0, r0, r0, lsl #3
    1b28:	20000160 	andcs	r0, r0, r0, ror #2
    1b2c:	20000164 	andcs	r0, r0, r4, ror #2
    1b30:	20000008 	andcs	r0, r0, r8
    1b34:	20000184 	andcs	r0, r0, r4, lsl #3
    1b38:	2000019c 	mulcs	r0, ip, r1

00001b3c <vTaskResetState>:
 * Reset the state in this file. This state is normally initialized at start up.
 * This function must be called by the application before restarting the
 * scheduler.
 */
void vTaskResetState( void )
{
    1b3c:	b480      	push	{r7}
    1b3e:	b083      	sub	sp, #12
    1b40:	af00      	add	r7, sp, #0
    BaseType_t xCoreID;

    /* Task control block. */
    #if ( configNUMBER_OF_CORES == 1 )
    {
        pxCurrentTCB = NULL;
    1b42:	4b18      	ldr	r3, [pc, #96]	; (1ba4 <vTaskResetState+0x68>)
    1b44:	2200      	movs	r2, #0
    1b46:	601a      	str	r2, [r3, #0]
        FreeRTOS_errno = 0;
    }
    #endif /* #if ( configUSE_POSIX_ERRNO == 1 ) */

    /* Other file private variables. */
    uxCurrentNumberOfTasks = ( UBaseType_t ) 0U;
    1b48:	4b17      	ldr	r3, [pc, #92]	; (1ba8 <vTaskResetState+0x6c>)
    1b4a:	2200      	movs	r2, #0
    1b4c:	601a      	str	r2, [r3, #0]
    xTickCount = ( TickType_t ) configINITIAL_TICK_COUNT;
    1b4e:	4b17      	ldr	r3, [pc, #92]	; (1bac <vTaskResetState+0x70>)
    1b50:	2200      	movs	r2, #0
    1b52:	601a      	str	r2, [r3, #0]
    uxTopReadyPriority = tskIDLE_PRIORITY;
    1b54:	4b16      	ldr	r3, [pc, #88]	; (1bb0 <vTaskResetState+0x74>)
    1b56:	2200      	movs	r2, #0
    1b58:	601a      	str	r2, [r3, #0]
    xSchedulerRunning = pdFALSE;
    1b5a:	4b16      	ldr	r3, [pc, #88]	; (1bb4 <vTaskResetState+0x78>)
    1b5c:	2200      	movs	r2, #0
    1b5e:	601a      	str	r2, [r3, #0]
    xPendedTicks = ( TickType_t ) 0U;
    1b60:	4b15      	ldr	r3, [pc, #84]	; (1bb8 <vTaskResetState+0x7c>)
    1b62:	2200      	movs	r2, #0
    1b64:	601a      	str	r2, [r3, #0]

    for( xCoreID = 0; xCoreID < configNUMBER_OF_CORES; xCoreID++ )
    1b66:	2300      	movs	r3, #0
    1b68:	607b      	str	r3, [r7, #4]
    1b6a:	e007      	b.n	1b7c <vTaskResetState+0x40>
    {
        xYieldPendings[ xCoreID ] = pdFALSE;
    1b6c:	4a13      	ldr	r2, [pc, #76]	; (1bbc <vTaskResetState+0x80>)
    1b6e:	687b      	ldr	r3, [r7, #4]
    1b70:	2100      	movs	r1, #0
    1b72:	f842 1023 	str.w	r1, [r2, r3, lsl #2]
    for( xCoreID = 0; xCoreID < configNUMBER_OF_CORES; xCoreID++ )
    1b76:	687b      	ldr	r3, [r7, #4]
    1b78:	3301      	adds	r3, #1
    1b7a:	607b      	str	r3, [r7, #4]
    1b7c:	687b      	ldr	r3, [r7, #4]
    1b7e:	2b00      	cmp	r3, #0
    1b80:	ddf4      	ble.n	1b6c <vTaskResetState+0x30>
    }

    xNumOfOverflows = ( BaseType_t ) 0;
    1b82:	4b0f      	ldr	r3, [pc, #60]	; (1bc0 <vTaskResetState+0x84>)
    1b84:	2200      	movs	r2, #0
    1b86:	601a      	str	r2, [r3, #0]
    uxTaskNumber = ( UBaseType_t ) 0U;
    1b88:	4b0e      	ldr	r3, [pc, #56]	; (1bc4 <vTaskResetState+0x88>)
    1b8a:	2200      	movs	r2, #0
    1b8c:	601a      	str	r2, [r3, #0]
    xNextTaskUnblockTime = ( TickType_t ) 0U;
    1b8e:	4b0e      	ldr	r3, [pc, #56]	; (1bc8 <vTaskResetState+0x8c>)
    1b90:	2200      	movs	r2, #0
    1b92:	601a      	str	r2, [r3, #0]

    uxSchedulerSuspended = ( UBaseType_t ) 0U;
    1b94:	4b0d      	ldr	r3, [pc, #52]	; (1bcc <vTaskResetState+0x90>)
    1b96:	2200      	movs	r2, #0
    1b98:	601a      	str	r2, [r3, #0]
            ulTaskSwitchedInTime[ xCoreID ] = 0U;
            ulTotalRunTime[ xCoreID ] = 0U;
        }
    }
    #endif /* #if ( configGENERATE_RUN_TIME_STATS == 1 ) */
}
    1b9a:	bf00      	nop
    1b9c:	370c      	adds	r7, #12
    1b9e:	46bd      	mov	sp, r7
    1ba0:	bc80      	pop	{r7}
    1ba2:	4770      	bx	lr
    1ba4:	20000008 	andcs	r0, r0, r8
    1ba8:	2000017c 	andcs	r0, r0, ip, ror r1
    1bac:	20000180 	andcs	r0, r0, r0, lsl #3
    1bb0:	20000184 	andcs	r0, r0, r4, lsl #3
    1bb4:	20000188 	andcs	r0, r0, r8, lsl #3
    1bb8:	2000018c 	andcs	r0, r0, ip, lsl #3
    1bbc:	20000190 	mulcs	r0, r0, r1
    1bc0:	20000194 	mulcs	r0, r4, r1
    1bc4:	20000198 	mulcs	r0, r8, r1
    1bc8:	2000019c 	mulcs	r0, ip, r1
    1bcc:	200001a4 	andcs	r0, r0, r4, lsr #3

00001bd0 <vListInitialise>:
/*-----------------------------------------------------------
* PUBLIC LIST API documented in list.h
*----------------------------------------------------------*/

void vListInitialise( List_t * const pxList )
{
    1bd0:	b480      	push	{r7}
    1bd2:	b083      	sub	sp, #12
    1bd4:	af00      	add	r7, sp, #0
    1bd6:	6078      	str	r0, [r7, #4]
    traceENTER_vListInitialise( pxList );

    /* The list structure contains a list item which is used to mark the
     * end of the list.  To initialise the list the list end is inserted
     * as the only list entry. */
    pxList->pxIndex = ( ListItem_t * ) &( pxList->xListEnd );
    1bd8:	687b      	ldr	r3, [r7, #4]
    1bda:	f103 0208 	add.w	r2, r3, #8
    1bde:	687b      	ldr	r3, [r7, #4]
    1be0:	605a      	str	r2, [r3, #4]

    listSET_FIRST_LIST_ITEM_INTEGRITY_CHECK_VALUE( &( pxList->xListEnd ) );

    /* The list end value is the highest possible value in the list to
     * ensure it remains at the end of the list. */
    pxList->xListEnd.xItemValue = portMAX_DELAY;
    1be2:	687b      	ldr	r3, [r7, #4]
    1be4:	f04f 32ff 	mov.w	r2, #4294967295	; 0xffffffff
    1be8:	609a      	str	r2, [r3, #8]

    /* The list end next and previous pointers point to itself so we know
     * when the list is empty. */
    pxList->xListEnd.pxNext = ( ListItem_t * ) &( pxList->xListEnd );
    1bea:	687b      	ldr	r3, [r7, #4]
    1bec:	f103 0208 	add.w	r2, r3, #8
    1bf0:	687b      	ldr	r3, [r7, #4]
    1bf2:	60da      	str	r2, [r3, #12]
    pxList->xListEnd.pxPrevious = ( ListItem_t * ) &( pxList->xListEnd );
    1bf4:	687b      	ldr	r3, [r7, #4]
    1bf6:	f103 0208 	add.w	r2, r3, #8
    1bfa:	687b      	ldr	r3, [r7, #4]
    1bfc:	611a      	str	r2, [r3, #16]
        pxList->xListEnd.pxContainer = NULL;
        listSET_SECOND_LIST_ITEM_INTEGRITY_CHECK_VALUE( &( pxList->xListEnd ) );
    }
    #endif

    pxList->uxNumberOfItems = ( UBaseType_t ) 0U;
    1bfe:	687b      	ldr	r3, [r7, #4]
    1c00:	2200      	movs	r2, #0
    1c02:	601a      	str	r2, [r3, #0]
     * configUSE_LIST_DATA_INTEGRITY_CHECK_BYTES is set to 1. */
    listSET_LIST_INTEGRITY_CHECK_1_VALUE( pxList );
    listSET_LIST_INTEGRITY_CHECK_2_VALUE( pxList );

    traceRETURN_vListInitialise();
}
    1c04:	bf00      	nop
    1c06:	370c      	adds	r7, #12
    1c08:	46bd      	mov	sp, r7
    1c0a:	bc80      	pop	{r7}
    1c0c:	4770      	bx	lr

00001c0e <vListInitialiseItem>:
/*-----------------------------------------------------------*/

void vListInitialiseItem( ListItem_t * const pxItem )
{
    1c0e:	b480      	push	{r7}
    1c10:	b083      	sub	sp, #12
    1c12:	af00      	add	r7, sp, #0
    1c14:	6078      	str	r0, [r7, #4]
    traceENTER_vListInitialiseItem( pxItem );

    /* Make sure the list item is not recorded as being on a list. */
    pxItem->pxContainer = NULL;
    1c16:	687b      	ldr	r3, [r7, #4]
    1c18:	2200      	movs	r2, #0
    1c1a:	611a      	str	r2, [r3, #16]
     * configUSE_LIST_DATA_INTEGRITY_CHECK_BYTES is set to 1. */
    listSET_FIRST_LIST_ITEM_INTEGRITY_CHECK_VALUE( pxItem );
    listSET_SECOND_LIST_ITEM_INTEGRITY_CHECK_VALUE( pxItem );

    traceRETURN_vListInitialiseItem();
}
    1c1c:	bf00      	nop
    1c1e:	370c      	adds	r7, #12
    1c20:	46bd      	mov	sp, r7
    1c22:	bc80      	pop	{r7}
    1c24:	4770      	bx	lr

00001c26 <vListInsertEnd>:
/*-----------------------------------------------------------*/

void vListInsertEnd( List_t * const pxList,
                     ListItem_t * const pxNewListItem )
{
    1c26:	b480      	push	{r7}
    1c28:	b085      	sub	sp, #20
    1c2a:	af00      	add	r7, sp, #0
    1c2c:	6078      	str	r0, [r7, #4]
    1c2e:	6039      	str	r1, [r7, #0]
    ListItem_t * const pxIndex = pxList->pxIndex;
    1c30:	687b      	ldr	r3, [r7, #4]
    1c32:	685b      	ldr	r3, [r3, #4]
    1c34:	60fb      	str	r3, [r7, #12]
    listTEST_LIST_ITEM_INTEGRITY( pxNewListItem );

    /* Insert a new list item into pxList, but rather than sort the list,
     * makes the new list item the last item to be removed by a call to
     * listGET_OWNER_OF_NEXT_ENTRY(). */
    pxNewListItem->pxNext = pxIndex;
    1c36:	683b      	ldr	r3, [r7, #0]
    1c38:	68fa      	ldr	r2, [r7, #12]
    1c3a:	605a      	str	r2, [r3, #4]
    pxNewListItem->pxPrevious = pxIndex->pxPrevious;
    1c3c:	68fb      	ldr	r3, [r7, #12]
    1c3e:	689a      	ldr	r2, [r3, #8]
    1c40:	683b      	ldr	r3, [r7, #0]
    1c42:	609a      	str	r2, [r3, #8]

    /* Only used during decision coverage testing. */
    mtCOVERAGE_TEST_DELAY();

    pxIndex->pxPrevious->pxNext = pxNewListItem;
    1c44:	68fb      	ldr	r3, [r7, #12]
    1c46:	689b      	ldr	r3, [r3, #8]
    1c48:	683a      	ldr	r2, [r7, #0]
    1c4a:	605a      	str	r2, [r3, #4]
    pxIndex->pxPrevious = pxNewListItem;
    1c4c:	68fb      	ldr	r3, [r7, #12]
    1c4e:	683a      	ldr	r2, [r7, #0]
    1c50:	609a      	str	r2, [r3, #8]

    /* Remember which list the item is in. */
    pxNewListItem->pxContainer = pxList;
    1c52:	683b      	ldr	r3, [r7, #0]
    1c54:	687a      	ldr	r2, [r7, #4]
    1c56:	611a      	str	r2, [r3, #16]

    ( pxList->uxNumberOfItems ) = ( UBaseType_t ) ( pxList->uxNumberOfItems + 1U );
    1c58:	687b      	ldr	r3, [r7, #4]
    1c5a:	681b      	ldr	r3, [r3, #0]
    1c5c:	1c5a      	adds	r2, r3, #1
    1c5e:	687b      	ldr	r3, [r7, #4]
    1c60:	601a      	str	r2, [r3, #0]

    traceRETURN_vListInsertEnd();
}
    1c62:	bf00      	nop
    1c64:	3714      	adds	r7, #20
    1c66:	46bd      	mov	sp, r7
    1c68:	bc80      	pop	{r7}
    1c6a:	4770      	bx	lr

00001c6c <vListInsert>:
/*-----------------------------------------------------------*/

void vListInsert( List_t * const pxList,
                  ListItem_t * const pxNewListItem )
{
    1c6c:	b480      	push	{r7}
    1c6e:	b085      	sub	sp, #20
    1c70:	af00      	add	r7, sp, #0
    1c72:	6078      	str	r0, [r7, #4]
    1c74:	6039      	str	r1, [r7, #0]
    ListItem_t * pxIterator;
    const TickType_t xValueOfInsertion = pxNewListItem->xItemValue;
    1c76:	683b      	ldr	r3, [r7, #0]
    1c78:	681b      	ldr	r3, [r3, #0]
    1c7a:	60bb      	str	r3, [r7, #8]
     * new list item should be placed after it.  This ensures that TCBs which are
     * stored in ready lists (all of which have the same xItemValue value) get a
     * share of the CPU.  However, if the xItemValue is the same as the back marker
     * the iteration loop below will not end.  Therefore the value is checked
     * first, and the algorithm slightly modified if necessary. */
    if( xValueOfInsertion == portMAX_DELAY )
    1c7c:	68bb      	ldr	r3, [r7, #8]
    1c7e:	f1b3 3fff 	cmp.w	r3, #4294967295	; 0xffffffff
    1c82:	d103      	bne.n	1c8c <vListInsert+0x20>
    {
        pxIterator = pxList->xListEnd.pxPrevious;
    1c84:	687b      	ldr	r3, [r7, #4]
    1c86:	691b      	ldr	r3, [r3, #16]
    1c88:	60fb      	str	r3, [r7, #12]
    1c8a:	e00c      	b.n	1ca6 <vListInsert+0x3a>
        *   5) If the FreeRTOS port supports interrupt nesting then ensure that
        *      the priority of the tick interrupt is at or below
        *      configMAX_SYSCALL_INTERRUPT_PRIORITY.
        **********************************************************************/

        for( pxIterator = ( ListItem_t * ) &( pxList->xListEnd ); pxIterator->pxNext->xItemValue <= xValueOfInsertion; pxIterator = pxIterator->pxNext )
    1c8c:	687b      	ldr	r3, [r7, #4]
    1c8e:	3308      	adds	r3, #8
    1c90:	60fb      	str	r3, [r7, #12]
    1c92:	e002      	b.n	1c9a <vListInsert+0x2e>
    1c94:	68fb      	ldr	r3, [r7, #12]
    1c96:	685b      	ldr	r3, [r3, #4]
    1c98:	60fb      	str	r3, [r7, #12]
    1c9a:	68fb      	ldr	r3, [r7, #12]
    1c9c:	685b      	ldr	r3, [r3, #4]
    1c9e:	681b      	ldr	r3, [r3, #0]
    1ca0:	68ba      	ldr	r2, [r7, #8]
    1ca2:	429a      	cmp	r2, r3
    1ca4:	d2f6      	bcs.n	1c94 <vListInsert+0x28>
             * IF YOU FIND YOUR CODE STUCK HERE, SEE THE NOTE JUST ABOVE.
             */
        }
    }

    pxNewListItem->pxNext = pxIterator->pxNext;
    1ca6:	68fb      	ldr	r3, [r7, #12]
    1ca8:	685a      	ldr	r2, [r3, #4]
    1caa:	683b      	ldr	r3, [r7, #0]
    1cac:	605a      	str	r2, [r3, #4]
    pxNewListItem->pxNext->pxPrevious = pxNewListItem;
    1cae:	683b      	ldr	r3, [r7, #0]
    1cb0:	685b      	ldr	r3, [r3, #4]
    1cb2:	683a      	ldr	r2, [r7, #0]
    1cb4:	609a      	str	r2, [r3, #8]
    pxNewListItem->pxPrevious = pxIterator;
    1cb6:	683b      	ldr	r3, [r7, #0]
    1cb8:	68fa      	ldr	r2, [r7, #12]
    1cba:	609a      	str	r2, [r3, #8]
    pxIterator->pxNext = pxNewListItem;
    1cbc:	68fb      	ldr	r3, [r7, #12]
    1cbe:	683a      	ldr	r2, [r7, #0]
    1cc0:	605a      	str	r2, [r3, #4]

    /* Remember which list the item is in.  This allows fast removal of the
     * item later. */
    pxNewListItem->pxContainer = pxList;
    1cc2:	683b      	ldr	r3, [r7, #0]
    1cc4:	687a      	ldr	r2, [r7, #4]
    1cc6:	611a      	str	r2, [r3, #16]

    ( pxList->uxNumberOfItems ) = ( UBaseType_t ) ( pxList->uxNumberOfItems + 1U );
    1cc8:	687b      	ldr	r3, [r7, #4]
    1cca:	681b      	ldr	r3, [r3, #0]
    1ccc:	1c5a      	adds	r2, r3, #1
    1cce:	687b      	ldr	r3, [r7, #4]
    1cd0:	601a      	str	r2, [r3, #0]

    traceRETURN_vListInsert();
}
    1cd2:	bf00      	nop
    1cd4:	3714      	adds	r7, #20
    1cd6:	46bd      	mov	sp, r7
    1cd8:	bc80      	pop	{r7}
    1cda:	4770      	bx	lr

00001cdc <uxListRemove>:
/*-----------------------------------------------------------*/


UBaseType_t uxListRemove( ListItem_t * const pxItemToRemove )
{
    1cdc:	b480      	push	{r7}
    1cde:	b085      	sub	sp, #20
    1ce0:	af00      	add	r7, sp, #0
    1ce2:	6078      	str	r0, [r7, #4]
    /* The list item knows which list it is in.  Obtain the list from the list
     * item. */
    List_t * const pxList = pxItemToRemove->pxContainer;
    1ce4:	687b      	ldr	r3, [r7, #4]
    1ce6:	691b      	ldr	r3, [r3, #16]
    1ce8:	60fb      	str	r3, [r7, #12]

    traceENTER_uxListRemove( pxItemToRemove );

    pxItemToRemove->pxNext->pxPrevious = pxItemToRemove->pxPrevious;
    1cea:	687b      	ldr	r3, [r7, #4]
    1cec:	685b      	ldr	r3, [r3, #4]
    1cee:	687a      	ldr	r2, [r7, #4]
    1cf0:	6892      	ldr	r2, [r2, #8]
    1cf2:	609a      	str	r2, [r3, #8]
    pxItemToRemove->pxPrevious->pxNext = pxItemToRemove->pxNext;
    1cf4:	687b      	ldr	r3, [r7, #4]
    1cf6:	689b      	ldr	r3, [r3, #8]
    1cf8:	687a      	ldr	r2, [r7, #4]
    1cfa:	6852      	ldr	r2, [r2, #4]
    1cfc:	605a      	str	r2, [r3, #4]

    /* Only used during decision coverage testing. */
    mtCOVERAGE_TEST_DELAY();

    /* Make sure the index is left pointing to a valid item. */
    if( pxList->pxIndex == pxItemToRemove )
    1cfe:	68fb      	ldr	r3, [r7, #12]
    1d00:	685b      	ldr	r3, [r3, #4]
    1d02:	687a      	ldr	r2, [r7, #4]
    1d04:	429a      	cmp	r2, r3
    1d06:	d103      	bne.n	1d10 <uxListRemove+0x34>
    {
        pxList->pxIndex = pxItemToRemove->pxPrevious;
    1d08:	687b      	ldr	r3, [r7, #4]
    1d0a:	689a      	ldr	r2, [r3, #8]
    1d0c:	68fb      	ldr	r3, [r7, #12]
    1d0e:	605a      	str	r2, [r3, #4]
    else
    {
        mtCOVERAGE_TEST_MARKER();
    }

    pxItemToRemove->pxContainer = NULL;
    1d10:	687b      	ldr	r3, [r7, #4]
    1d12:	2200      	movs	r2, #0
    1d14:	611a      	str	r2, [r3, #16]
    ( pxList->uxNumberOfItems ) = ( UBaseType_t ) ( pxList->uxNumberOfItems - 1U );
    1d16:	68fb      	ldr	r3, [r7, #12]
    1d18:	681b      	ldr	r3, [r3, #0]
    1d1a:	1e5a      	subs	r2, r3, #1
    1d1c:	68fb      	ldr	r3, [r7, #12]
    1d1e:	601a      	str	r2, [r3, #0]

    traceRETURN_uxListRemove( pxList->uxNumberOfItems );

    return pxList->uxNumberOfItems;
    1d20:	68fb      	ldr	r3, [r7, #12]
    1d22:	681b      	ldr	r3, [r3, #0]
}
    1d24:	4618      	mov	r0, r3
    1d26:	3714      	adds	r7, #20
    1d28:	46bd      	mov	sp, r7
    1d2a:	bc80      	pop	{r7}
    1d2c:	4770      	bx	lr
	...

00001d30 <pvPortMalloc>:
PRIVILEGED_DATA static size_t xNumberOfSuccessfulFrees = ( size_t ) 0U;

/*-----------------------------------------------------------*/

void * pvPortMalloc( size_t xWantedSize )
{
    1d30:	b580      	push	{r7, lr}
    1d32:	b088      	sub	sp, #32
    1d34:	af00      	add	r7, sp, #0
    1d36:	6078      	str	r0, [r7, #4]
    BlockLink_t * pxBlock;
    BlockLink_t * pxPreviousBlock;
    BlockLink_t * pxNewBlockLink;
    void * pvReturn = NULL;
    1d38:	2300      	movs	r3, #0
    1d3a:	617b      	str	r3, [r7, #20]
    size_t xAdditionalRequiredSize;
    size_t xAllocatedBlockSize = 0;
    1d3c:	2300      	movs	r3, #0
    1d3e:	613b      	str	r3, [r7, #16]

    if( xWantedSize > 0 )
    1d40:	687b      	ldr	r3, [r7, #4]
    1d42:	2b00      	cmp	r3, #0
    1d44:	d022      	beq.n	1d8c <pvPortMalloc+0x5c>
    {
        /* The wanted size must be increased so it can contain a BlockLink_t
         * structure in addition to the requested amount of bytes. */
        if( heapADD_WILL_OVERFLOW( xWantedSize, xHeapStructSize ) == 0 )
    1d46:	2308      	movs	r3, #8
    1d48:	43db      	mvns	r3, r3
    1d4a:	687a      	ldr	r2, [r7, #4]
    1d4c:	429a      	cmp	r2, r3
    1d4e:	d81b      	bhi.n	1d88 <pvPortMalloc+0x58>
        {
            xWantedSize += xHeapStructSize;
    1d50:	2208      	movs	r2, #8
    1d52:	687b      	ldr	r3, [r7, #4]
    1d54:	4413      	add	r3, r2
    1d56:	607b      	str	r3, [r7, #4]

            /* Ensure that blocks are always aligned to the required number
             * of bytes. */
            if( ( xWantedSize & portBYTE_ALIGNMENT_MASK ) != 0x00 )
    1d58:	687b      	ldr	r3, [r7, #4]
    1d5a:	f003 0307 	and.w	r3, r3, #7
    1d5e:	2b00      	cmp	r3, #0
    1d60:	d014      	beq.n	1d8c <pvPortMalloc+0x5c>
            {
                /* Byte alignment required. */
                xAdditionalRequiredSize = portBYTE_ALIGNMENT - ( xWantedSize & portBYTE_ALIGNMENT_MASK );
    1d62:	687b      	ldr	r3, [r7, #4]
    1d64:	f003 0307 	and.w	r3, r3, #7
    1d68:	f1c3 0308 	rsb	r3, r3, #8
    1d6c:	60fb      	str	r3, [r7, #12]

                if( heapADD_WILL_OVERFLOW( xWantedSize, xAdditionalRequiredSize ) == 0 )
    1d6e:	68fb      	ldr	r3, [r7, #12]
    1d70:	43db      	mvns	r3, r3
    1d72:	687a      	ldr	r2, [r7, #4]
    1d74:	429a      	cmp	r2, r3
    1d76:	d804      	bhi.n	1d82 <pvPortMalloc+0x52>
                {
                    xWantedSize += xAdditionalRequiredSize;
    1d78:	687a      	ldr	r2, [r7, #4]
    1d7a:	68fb      	ldr	r3, [r7, #12]
    1d7c:	4413      	add	r3, r2
    1d7e:	607b      	str	r3, [r7, #4]
    1d80:	e004      	b.n	1d8c <pvPortMalloc+0x5c>
                }
                else
                {
                    xWantedSize = 0;
    1d82:	2300      	movs	r3, #0
    1d84:	607b      	str	r3, [r7, #4]
    1d86:	e001      	b.n	1d8c <pvPortMalloc+0x5c>
                mtCOVERAGE_TEST_MARKER();
            }
        }
        else
        {
            xWantedSize = 0;
    1d88:	2300      	movs	r3, #0
    1d8a:	607b      	str	r3, [r7, #4]
    else
    {
        mtCOVERAGE_TEST_MARKER();
    }

    vTaskSuspendAll();
    1d8c:	f7fe fc9e 	bl	6cc <vTaskSuspendAll>
    {
        /* If this is the first call to malloc then the heap will require
         * initialisation to setup the list of free blocks. */
        if( pxEnd == NULL )
    1d90:	4b3b      	ldr	r3, [pc, #236]	; (1e80 <pvPortMalloc+0x150>)
    1d92:	681b      	ldr	r3, [r3, #0]
    1d94:	2b00      	cmp	r3, #0
    1d96:	d101      	bne.n	1d9c <pvPortMalloc+0x6c>
        {
            prvHeapInit();
    1d98:	f000 f912 	bl	1fc0 <prvHeapInit>

        /* Check the block size we are trying to allocate is not so large that the
         * top bit is set.  The top bit of the block size member of the BlockLink_t
         * structure is used to determine who owns the block - the application or
         * the kernel, so it must be free. */
        if( heapBLOCK_SIZE_IS_VALID( xWantedSize ) != 0 )
    1d9c:	687b      	ldr	r3, [r7, #4]
    1d9e:	2b00      	cmp	r3, #0
    1da0:	db67      	blt.n	1e72 <pvPortMalloc+0x142>
        {
            if( ( xWantedSize > 0 ) && ( xWantedSize <= xFreeBytesRemaining ) )
    1da2:	687b      	ldr	r3, [r7, #4]
    1da4:	2b00      	cmp	r3, #0
    1da6:	d064      	beq.n	1e72 <pvPortMalloc+0x142>
    1da8:	4b36      	ldr	r3, [pc, #216]	; (1e84 <pvPortMalloc+0x154>)
    1daa:	681b      	ldr	r3, [r3, #0]
    1dac:	687a      	ldr	r2, [r7, #4]
    1dae:	429a      	cmp	r2, r3
    1db0:	d85f      	bhi.n	1e72 <pvPortMalloc+0x142>
            {
                /* Traverse the list from the start (lowest address) block until
                 * one of adequate size is found. */
                pxPreviousBlock = &xStart;
    1db2:	4b35      	ldr	r3, [pc, #212]	; (1e88 <pvPortMalloc+0x158>)
    1db4:	61bb      	str	r3, [r7, #24]
                pxBlock = heapPROTECT_BLOCK_POINTER( xStart.pxNextFreeBlock );
    1db6:	4b34      	ldr	r3, [pc, #208]	; (1e88 <pvPortMalloc+0x158>)
    1db8:	681b      	ldr	r3, [r3, #0]
    1dba:	61fb      	str	r3, [r7, #28]
                heapVALIDATE_BLOCK_POINTER( pxBlock );

                while( ( pxBlock->xBlockSize < xWantedSize ) && ( pxBlock->pxNextFreeBlock != heapPROTECT_BLOCK_POINTER( NULL ) ) )
    1dbc:	e004      	b.n	1dc8 <pvPortMalloc+0x98>
                {
                    pxPreviousBlock = pxBlock;
    1dbe:	69fb      	ldr	r3, [r7, #28]
    1dc0:	61bb      	str	r3, [r7, #24]
                    pxBlock = heapPROTECT_BLOCK_POINTER( pxBlock->pxNextFreeBlock );
    1dc2:	69fb      	ldr	r3, [r7, #28]
    1dc4:	681b      	ldr	r3, [r3, #0]
    1dc6:	61fb      	str	r3, [r7, #28]
                while( ( pxBlock->xBlockSize < xWantedSize ) && ( pxBlock->pxNextFreeBlock != heapPROTECT_BLOCK_POINTER( NULL ) ) )
    1dc8:	69fb      	ldr	r3, [r7, #28]
    1dca:	685b      	ldr	r3, [r3, #4]
    1dcc:	687a      	ldr	r2, [r7, #4]
    1dce:	429a      	cmp	r2, r3
    1dd0:	d903      	bls.n	1dda <pvPortMalloc+0xaa>
    1dd2:	69fb      	ldr	r3, [r7, #28]
    1dd4:	681b      	ldr	r3, [r3, #0]
    1dd6:	2b00      	cmp	r3, #0
    1dd8:	d1f1      	bne.n	1dbe <pvPortMalloc+0x8e>
                    heapVALIDATE_BLOCK_POINTER( pxBlock );
                }

                /* If the end marker was reached then a block of adequate size
                 * was not found. */
                if( pxBlock != pxEnd )
    1dda:	4b29      	ldr	r3, [pc, #164]	; (1e80 <pvPortMalloc+0x150>)
    1ddc:	681b      	ldr	r3, [r3, #0]
    1dde:	69fa      	ldr	r2, [r7, #28]
    1de0:	429a      	cmp	r2, r3
    1de2:	d046      	beq.n	1e72 <pvPortMalloc+0x142>
                {
                    /* Return the memory space pointed to - jumping over the
                     * BlockLink_t structure at its start. */
                    pvReturn = ( void * ) ( ( ( uint8_t * ) heapPROTECT_BLOCK_POINTER( pxPreviousBlock->pxNextFreeBlock ) ) + xHeapStructSize );
    1de4:	69bb      	ldr	r3, [r7, #24]
    1de6:	681b      	ldr	r3, [r3, #0]
    1de8:	2208      	movs	r2, #8
    1dea:	4413      	add	r3, r2
    1dec:	617b      	str	r3, [r7, #20]
                    heapVALIDATE_BLOCK_POINTER( pvReturn );

                    /* This block is being returned for use so must be taken out
                     * of the list of free blocks. */
                    pxPreviousBlock->pxNextFreeBlock = pxBlock->pxNextFreeBlock;
    1dee:	69fb      	ldr	r3, [r7, #28]
    1df0:	681a      	ldr	r2, [r3, #0]
    1df2:	69bb      	ldr	r3, [r7, #24]
    1df4:	601a      	str	r2, [r3, #0]

                    /* If the block is larger than required it can be split into
                     * two. */
                    configASSERT( heapSUBTRACT_WILL_UNDERFLOW( pxBlock->xBlockSize, xWantedSize ) == 0 );

                    if( ( pxBlock->xBlockSize - xWantedSize ) > heapMINIMUM_BLOCK_SIZE )
    1df6:	69fb      	ldr	r3, [r7, #28]
    1df8:	685a      	ldr	r2, [r3, #4]
    1dfa:	687b      	ldr	r3, [r7, #4]
    1dfc:	1ad2      	subs	r2, r2, r3
    1dfe:	2308      	movs	r3, #8
    1e00:	005b      	lsls	r3, r3, #1
    1e02:	429a      	cmp	r2, r3
    1e04:	d913      	bls.n	1e2e <pvPortMalloc+0xfe>
                    {
                        /* This block is to be split into two.  Create a new
                         * block following the number of bytes requested. The void
                         * cast is used to prevent byte alignment warnings from the
                         * compiler. */
                        pxNewBlockLink = ( void * ) ( ( ( uint8_t * ) pxBlock ) + xWantedSize );
    1e06:	69fa      	ldr	r2, [r7, #28]
    1e08:	687b      	ldr	r3, [r7, #4]
    1e0a:	4413      	add	r3, r2
    1e0c:	60bb      	str	r3, [r7, #8]
                        configASSERT( ( ( ( size_t ) pxNewBlockLink ) & portBYTE_ALIGNMENT_MASK ) == 0 );

                        /* Calculate the sizes of two blocks split from the
                         * single block. */
                        pxNewBlockLink->xBlockSize = pxBlock->xBlockSize - xWantedSize;
    1e0e:	69fb      	ldr	r3, [r7, #28]
    1e10:	685a      	ldr	r2, [r3, #4]
    1e12:	687b      	ldr	r3, [r7, #4]
    1e14:	1ad2      	subs	r2, r2, r3
    1e16:	68bb      	ldr	r3, [r7, #8]
    1e18:	605a      	str	r2, [r3, #4]
                        pxBlock->xBlockSize = xWantedSize;
    1e1a:	69fb      	ldr	r3, [r7, #28]
    1e1c:	687a      	ldr	r2, [r7, #4]
    1e1e:	605a      	str	r2, [r3, #4]

                        /* Insert the new block into the list of free blocks. */
                        pxNewBlockLink->pxNextFreeBlock = pxPreviousBlock->pxNextFreeBlock;
    1e20:	69bb      	ldr	r3, [r7, #24]
    1e22:	681a      	ldr	r2, [r3, #0]
    1e24:	68bb      	ldr	r3, [r7, #8]
    1e26:	601a      	str	r2, [r3, #0]
                        pxPreviousBlock->pxNextFreeBlock = heapPROTECT_BLOCK_POINTER( pxNewBlockLink );
    1e28:	69bb      	ldr	r3, [r7, #24]
    1e2a:	68ba      	ldr	r2, [r7, #8]
    1e2c:	601a      	str	r2, [r3, #0]
                    else
                    {
                        mtCOVERAGE_TEST_MARKER();
                    }

                    xFreeBytesRemaining -= pxBlock->xBlockSize;
    1e2e:	4b15      	ldr	r3, [pc, #84]	; (1e84 <pvPortMalloc+0x154>)
    1e30:	681a      	ldr	r2, [r3, #0]
    1e32:	69fb      	ldr	r3, [r7, #28]
    1e34:	685b      	ldr	r3, [r3, #4]
    1e36:	1ad3      	subs	r3, r2, r3
    1e38:	4a12      	ldr	r2, [pc, #72]	; (1e84 <pvPortMalloc+0x154>)
    1e3a:	6013      	str	r3, [r2, #0]

                    if( xFreeBytesRemaining < xMinimumEverFreeBytesRemaining )
    1e3c:	4b11      	ldr	r3, [pc, #68]	; (1e84 <pvPortMalloc+0x154>)
    1e3e:	681a      	ldr	r2, [r3, #0]
    1e40:	4b12      	ldr	r3, [pc, #72]	; (1e8c <pvPortMalloc+0x15c>)
    1e42:	681b      	ldr	r3, [r3, #0]
    1e44:	429a      	cmp	r2, r3
    1e46:	d203      	bcs.n	1e50 <pvPortMalloc+0x120>
                    {
                        xMinimumEverFreeBytesRemaining = xFreeBytesRemaining;
    1e48:	4b0e      	ldr	r3, [pc, #56]	; (1e84 <pvPortMalloc+0x154>)
    1e4a:	681b      	ldr	r3, [r3, #0]
    1e4c:	4a0f      	ldr	r2, [pc, #60]	; (1e8c <pvPortMalloc+0x15c>)
    1e4e:	6013      	str	r3, [r2, #0]
                    else
                    {
                        mtCOVERAGE_TEST_MARKER();
                    }

                    xAllocatedBlockSize = pxBlock->xBlockSize;
    1e50:	69fb      	ldr	r3, [r7, #28]
    1e52:	685b      	ldr	r3, [r3, #4]
    1e54:	613b      	str	r3, [r7, #16]

                    /* The block is being returned - it is allocated and owned
                     * by the application and has no "next" block. */
                    heapALLOCATE_BLOCK( pxBlock );
    1e56:	69fb      	ldr	r3, [r7, #28]
    1e58:	685b      	ldr	r3, [r3, #4]
    1e5a:	f043 4200 	orr.w	r2, r3, #2147483648	; 0x80000000
    1e5e:	69fb      	ldr	r3, [r7, #28]
    1e60:	605a      	str	r2, [r3, #4]
                    pxBlock->pxNextFreeBlock = heapPROTECT_BLOCK_POINTER( NULL );
    1e62:	69fb      	ldr	r3, [r7, #28]
    1e64:	2200      	movs	r2, #0
    1e66:	601a      	str	r2, [r3, #0]
                    xNumberOfSuccessfulAllocations++;
    1e68:	4b09      	ldr	r3, [pc, #36]	; (1e90 <pvPortMalloc+0x160>)
    1e6a:	681b      	ldr	r3, [r3, #0]
    1e6c:	3301      	adds	r3, #1
    1e6e:	4a08      	ldr	r2, [pc, #32]	; (1e90 <pvPortMalloc+0x160>)
    1e70:	6013      	str	r3, [r2, #0]
        traceMALLOC( pvReturn, xAllocatedBlockSize );

        /* Prevent compiler warnings when trace macros are not used. */
        ( void ) xAllocatedBlockSize;
    }
    ( void ) xTaskResumeAll();
    1e72:	f7fe fc39 	bl	6e8 <xTaskResumeAll>
        }
    }
    #endif /* if ( configUSE_MALLOC_FAILED_HOOK == 1 ) */

    configASSERT( ( ( ( size_t ) pvReturn ) & ( size_t ) portBYTE_ALIGNMENT_MASK ) == 0 );
    return pvReturn;
    1e76:	697b      	ldr	r3, [r7, #20]
}
    1e78:	4618      	mov	r0, r3
    1e7a:	3720      	adds	r7, #32
    1e7c:	46bd      	mov	sp, r7
    1e7e:	bd80      	pop	{r7, pc}
    1e80:	200011b0 			; <UNDEFINED> instruction: 0x200011b0
    1e84:	200011b4 			; <UNDEFINED> instruction: 0x200011b4
    1e88:	200011a8 	andcs	r1, r0, r8, lsr #3
    1e8c:	200011b8 			; <UNDEFINED> instruction: 0x200011b8
    1e90:	200011bc 			; <UNDEFINED> instruction: 0x200011bc

00001e94 <vPortFree>:
/*-----------------------------------------------------------*/

void vPortFree( void * pv )
{
    1e94:	b580      	push	{r7, lr}
    1e96:	b084      	sub	sp, #16
    1e98:	af00      	add	r7, sp, #0
    1e9a:	6078      	str	r0, [r7, #4]
    uint8_t * puc = ( uint8_t * ) pv;
    1e9c:	687b      	ldr	r3, [r7, #4]
    1e9e:	60fb      	str	r3, [r7, #12]
    BlockLink_t * pxLink;

    if( pv != NULL )
    1ea0:	687b      	ldr	r3, [r7, #4]
    1ea2:	2b00      	cmp	r3, #0
    1ea4:	d02b      	beq.n	1efe <vPortFree+0x6a>
    {
        /* The memory being freed will have an BlockLink_t structure immediately
         * before it. */
        puc -= xHeapStructSize;
    1ea6:	2308      	movs	r3, #8
    1ea8:	425b      	negs	r3, r3
    1eaa:	68fa      	ldr	r2, [r7, #12]
    1eac:	4413      	add	r3, r2
    1eae:	60fb      	str	r3, [r7, #12]

        /* This casting is to keep the compiler from issuing warnings. */
        pxLink = ( void * ) puc;
    1eb0:	68fb      	ldr	r3, [r7, #12]
    1eb2:	60bb      	str	r3, [r7, #8]

        heapVALIDATE_BLOCK_POINTER( pxLink );
        configASSERT( heapBLOCK_IS_ALLOCATED( pxLink ) != 0 );
        configASSERT( pxLink->pxNextFreeBlock == heapPROTECT_BLOCK_POINTER( NULL ) );

        if( heapBLOCK_IS_ALLOCATED( pxLink ) != 0 )
    1eb4:	68bb      	ldr	r3, [r7, #8]
    1eb6:	685b      	ldr	r3, [r3, #4]
    1eb8:	0fdb      	lsrs	r3, r3, #31
    1eba:	f003 0301 	and.w	r3, r3, #1
    1ebe:	b2db      	uxtb	r3, r3
    1ec0:	2b00      	cmp	r3, #0
    1ec2:	d01c      	beq.n	1efe <vPortFree+0x6a>
        {
            if( pxLink->pxNextFreeBlock == heapPROTECT_BLOCK_POINTER( NULL ) )
    1ec4:	68bb      	ldr	r3, [r7, #8]
    1ec6:	681b      	ldr	r3, [r3, #0]
    1ec8:	2b00      	cmp	r3, #0
    1eca:	d118      	bne.n	1efe <vPortFree+0x6a>
            {
                /* The block is being returned to the heap - it is no longer
                 * allocated. */
                heapFREE_BLOCK( pxLink );
    1ecc:	68bb      	ldr	r3, [r7, #8]
    1ece:	685b      	ldr	r3, [r3, #4]
    1ed0:	f023 4200 	bic.w	r2, r3, #2147483648	; 0x80000000
    1ed4:	68bb      	ldr	r3, [r7, #8]
    1ed6:	605a      	str	r2, [r3, #4]
                        ( void ) memset( puc + xHeapStructSize, 0, pxLink->xBlockSize - xHeapStructSize );
                    }
                }
                #endif

                vTaskSuspendAll();
    1ed8:	f7fe fbf8 	bl	6cc <vTaskSuspendAll>
                {
                    /* Add this block to the list of free blocks. */
                    xFreeBytesRemaining += pxLink->xBlockSize;
    1edc:	68bb      	ldr	r3, [r7, #8]
    1ede:	685a      	ldr	r2, [r3, #4]
    1ee0:	4b09      	ldr	r3, [pc, #36]	; (1f08 <vPortFree+0x74>)
    1ee2:	681b      	ldr	r3, [r3, #0]
    1ee4:	4413      	add	r3, r2
    1ee6:	4a08      	ldr	r2, [pc, #32]	; (1f08 <vPortFree+0x74>)
    1ee8:	6013      	str	r3, [r2, #0]
                    traceFREE( pv, pxLink->xBlockSize );
                    prvInsertBlockIntoFreeList( ( ( BlockLink_t * ) pxLink ) );
    1eea:	68b8      	ldr	r0, [r7, #8]
    1eec:	f000 f8c2 	bl	2074 <prvInsertBlockIntoFreeList>
                    xNumberOfSuccessfulFrees++;
    1ef0:	4b06      	ldr	r3, [pc, #24]	; (1f0c <vPortFree+0x78>)
    1ef2:	681b      	ldr	r3, [r3, #0]
    1ef4:	3301      	adds	r3, #1
    1ef6:	4a05      	ldr	r2, [pc, #20]	; (1f0c <vPortFree+0x78>)
    1ef8:	6013      	str	r3, [r2, #0]
                }
                ( void ) xTaskResumeAll();
    1efa:	f7fe fbf5 	bl	6e8 <xTaskResumeAll>
        else
        {
            mtCOVERAGE_TEST_MARKER();
        }
    }
}
    1efe:	bf00      	nop
    1f00:	3710      	adds	r7, #16
    1f02:	46bd      	mov	sp, r7
    1f04:	bd80      	pop	{r7, pc}
    1f06:	bf00      	nop
    1f08:	200011b4 			; <UNDEFINED> instruction: 0x200011b4
    1f0c:	200011c0 	andcs	r1, r0, r0, asr #3

00001f10 <xPortGetFreeHeapSize>:
/*-----------------------------------------------------------*/

size_t xPortGetFreeHeapSize( void )
{
    1f10:	b480      	push	{r7}
    1f12:	af00      	add	r7, sp, #0
    return xFreeBytesRemaining;
    1f14:	4b02      	ldr	r3, [pc, #8]	; (1f20 <xPortGetFreeHeapSize+0x10>)
    1f16:	681b      	ldr	r3, [r3, #0]
}
    1f18:	4618      	mov	r0, r3
    1f1a:	46bd      	mov	sp, r7
    1f1c:	bc80      	pop	{r7}
    1f1e:	4770      	bx	lr
    1f20:	200011b4 			; <UNDEFINED> instruction: 0x200011b4

00001f24 <xPortGetMinimumEverFreeHeapSize>:
/*-----------------------------------------------------------*/

size_t xPortGetMinimumEverFreeHeapSize( void )
{
    1f24:	b480      	push	{r7}
    1f26:	af00      	add	r7, sp, #0
    return xMinimumEverFreeBytesRemaining;
    1f28:	4b02      	ldr	r3, [pc, #8]	; (1f34 <xPortGetMinimumEverFreeHeapSize+0x10>)
    1f2a:	681b      	ldr	r3, [r3, #0]
}
    1f2c:	4618      	mov	r0, r3
    1f2e:	46bd      	mov	sp, r7
    1f30:	bc80      	pop	{r7}
    1f32:	4770      	bx	lr
    1f34:	200011b8 			; <UNDEFINED> instruction: 0x200011b8

00001f38 <xPortResetHeapMinimumEverFreeHeapSize>:
/*-----------------------------------------------------------*/

void xPortResetHeapMinimumEverFreeHeapSize( void )
{
    1f38:	b480      	push	{r7}
    1f3a:	af00      	add	r7, sp, #0
    xMinimumEverFreeBytesRemaining = xFreeBytesRemaining;
    1f3c:	4b03      	ldr	r3, [pc, #12]	; (1f4c <xPortResetHeapMinimumEverFreeHeapSize+0x14>)
    1f3e:	681b      	ldr	r3, [r3, #0]
    1f40:	4a03      	ldr	r2, [pc, #12]	; (1f50 <xPortResetHeapMinimumEverFreeHeapSize+0x18>)
    1f42:	6013      	str	r3, [r2, #0]
}
    1f44:	bf00      	nop
    1f46:	46bd      	mov	sp, r7
    1f48:	bc80      	pop	{r7}
    1f4a:	4770      	bx	lr
    1f4c:	200011b4 			; <UNDEFINED> instruction: 0x200011b4
    1f50:	200011b8 			; <UNDEFINED> instruction: 0x200011b8

00001f54 <vPortInitialiseBlocks>:
/*-----------------------------------------------------------*/

void vPortInitialiseBlocks( void )
{
    1f54:	b480      	push	{r7}
    1f56:	af00      	add	r7, sp, #0
    /* This just exists to keep the linker quiet. */
}
    1f58:	bf00      	nop
    1f5a:	46bd      	mov	sp, r7
    1f5c:	bc80      	pop	{r7}
    1f5e:	4770      	bx	lr

00001f60 <pvPortCalloc>:
/*-----------------------------------------------------------*/

void * pvPortCalloc( size_t xNum,
                     size_t xSize )
{
    1f60:	b580      	push	{r7, lr}
    1f62:	b084      	sub	sp, #16
    1f64:	af00      	add	r7, sp, #0
    1f66:	6078      	str	r0, [r7, #4]
    1f68:	6039      	str	r1, [r7, #0]
    void * pv = NULL;
    1f6a:	2300      	movs	r3, #0
    1f6c:	60fb      	str	r3, [r7, #12]

    if( heapMULTIPLY_WILL_OVERFLOW( xNum, xSize ) == 0 )
    1f6e:	687b      	ldr	r3, [r7, #4]
    1f70:	2b00      	cmp	r3, #0
    1f72:	d009      	beq.n	1f88 <pvPortCalloc+0x28>
    1f74:	f04f 32ff 	mov.w	r2, #4294967295	; 0xffffffff
    1f78:	687b      	ldr	r3, [r7, #4]
    1f7a:	fbb2 f3f3 	udiv	r3, r2, r3
    1f7e:	683a      	ldr	r2, [r7, #0]
    1f80:	429a      	cmp	r2, r3
    1f82:	d901      	bls.n	1f88 <pvPortCalloc+0x28>
    1f84:	2301      	movs	r3, #1
    1f86:	e000      	b.n	1f8a <pvPortCalloc+0x2a>
    1f88:	2300      	movs	r3, #0
    1f8a:	2b00      	cmp	r3, #0
    1f8c:	d113      	bne.n	1fb6 <pvPortCalloc+0x56>
    {
        pv = pvPortMalloc( xNum * xSize );
    1f8e:	687b      	ldr	r3, [r7, #4]
    1f90:	683a      	ldr	r2, [r7, #0]
    1f92:	fb02 f303 	mul.w	r3, r2, r3
    1f96:	4618      	mov	r0, r3
    1f98:	f7ff feca 	bl	1d30 <pvPortMalloc>
    1f9c:	60f8      	str	r0, [r7, #12]

        if( pv != NULL )
    1f9e:	68fb      	ldr	r3, [r7, #12]
    1fa0:	2b00      	cmp	r3, #0
    1fa2:	d008      	beq.n	1fb6 <pvPortCalloc+0x56>
        {
            ( void ) memset( pv, 0, xNum * xSize );
    1fa4:	687b      	ldr	r3, [r7, #4]
    1fa6:	683a      	ldr	r2, [r7, #0]
    1fa8:	fb02 f303 	mul.w	r3, r2, r3
    1fac:	461a      	mov	r2, r3
    1fae:	2100      	movs	r1, #0
    1fb0:	68f8      	ldr	r0, [r7, #12]
    1fb2:	f7fe f975 	bl	2a0 <memset>
        }
    }

    return pv;
    1fb6:	68fb      	ldr	r3, [r7, #12]
}
    1fb8:	4618      	mov	r0, r3
    1fba:	3710      	adds	r7, #16
    1fbc:	46bd      	mov	sp, r7
    1fbe:	bd80      	pop	{r7, pc}

00001fc0 <prvHeapInit>:
/*-----------------------------------------------------------*/

static void prvHeapInit( void ) /* PRIVILEGED_FUNCTION */
{
    1fc0:	b480      	push	{r7}
    1fc2:	b085      	sub	sp, #20
    1fc4:	af00      	add	r7, sp, #0
    BlockLink_t * pxFirstFreeBlock;
    portPOINTER_SIZE_TYPE uxStartAddress, uxEndAddress;
    size_t xTotalHeapSize = configTOTAL_HEAP_SIZE;
    1fc6:	f44f 5380 	mov.w	r3, #4096	; 0x1000
    1fca:	60bb      	str	r3, [r7, #8]

    /* Ensure the heap starts on a correctly aligned boundary. */
    uxStartAddress = ( portPOINTER_SIZE_TYPE ) ucHeap;
    1fcc:	4b24      	ldr	r3, [pc, #144]	; (2060 <prvHeapInit+0xa0>)
    1fce:	60fb      	str	r3, [r7, #12]

    if( ( uxStartAddress & portBYTE_ALIGNMENT_MASK ) != 0 )
    1fd0:	68fb      	ldr	r3, [r7, #12]
    1fd2:	f003 0307 	and.w	r3, r3, #7
    1fd6:	2b00      	cmp	r3, #0
    1fd8:	d00c      	beq.n	1ff4 <prvHeapInit+0x34>
    {
        uxStartAddress += ( portBYTE_ALIGNMENT - 1 );
    1fda:	68fb      	ldr	r3, [r7, #12]
    1fdc:	3307      	adds	r3, #7
    1fde:	60fb      	str	r3, [r7, #12]
        uxStartAddress &= ~( ( portPOINTER_SIZE_TYPE ) portBYTE_ALIGNMENT_MASK );
    1fe0:	68fb      	ldr	r3, [r7, #12]
    1fe2:	f023 0307 	bic.w	r3, r3, #7
    1fe6:	60fb      	str	r3, [r7, #12]
        xTotalHeapSize -= ( size_t ) ( uxStartAddress - ( portPOINTER_SIZE_TYPE ) ucHeap );
    1fe8:	68ba      	ldr	r2, [r7, #8]
    1fea:	68fb      	ldr	r3, [r7, #12]
    1fec:	1ad3      	subs	r3, r2, r3
    1fee:	4a1c      	ldr	r2, [pc, #112]	; (2060 <prvHeapInit+0xa0>)
    1ff0:	4413      	add	r3, r2
    1ff2:	60bb      	str	r3, [r7, #8]
    }
    #endif

    /* xStart is used to hold a pointer to the first item in the list of free
     * blocks.  The void cast is used to prevent compiler warnings. */
    xStart.pxNextFreeBlock = ( void * ) heapPROTECT_BLOCK_POINTER( uxStartAddress );
    1ff4:	68fb      	ldr	r3, [r7, #12]
    1ff6:	4a1b      	ldr	r2, [pc, #108]	; (2064 <prvHeapInit+0xa4>)
    1ff8:	6013      	str	r3, [r2, #0]
    xStart.xBlockSize = ( size_t ) 0;
    1ffa:	4b1a      	ldr	r3, [pc, #104]	; (2064 <prvHeapInit+0xa4>)
    1ffc:	2200      	movs	r2, #0
    1ffe:	605a      	str	r2, [r3, #4]

    /* pxEnd is used to mark the end of the list of free blocks and is inserted
     * at the end of the heap space. */
    uxEndAddress = uxStartAddress + ( portPOINTER_SIZE_TYPE ) xTotalHeapSize;
    2000:	68fa      	ldr	r2, [r7, #12]
    2002:	68bb      	ldr	r3, [r7, #8]
    2004:	4413      	add	r3, r2
    2006:	607b      	str	r3, [r7, #4]
    uxEndAddress -= ( portPOINTER_SIZE_TYPE ) xHeapStructSize;
    2008:	2208      	movs	r2, #8
    200a:	687b      	ldr	r3, [r7, #4]
    200c:	1a9b      	subs	r3, r3, r2
    200e:	607b      	str	r3, [r7, #4]
    uxEndAddress &= ~( ( portPOINTER_SIZE_TYPE ) portBYTE_ALIGNMENT_MASK );
    2010:	687b      	ldr	r3, [r7, #4]
    2012:	f023 0307 	bic.w	r3, r3, #7
    2016:	607b      	str	r3, [r7, #4]
    pxEnd = ( BlockLink_t * ) uxEndAddress;
    2018:	687b      	ldr	r3, [r7, #4]
    201a:	4a13      	ldr	r2, [pc, #76]	; (2068 <prvHeapInit+0xa8>)
    201c:	6013      	str	r3, [r2, #0]
    pxEnd->xBlockSize = 0;
    201e:	4b12      	ldr	r3, [pc, #72]	; (2068 <prvHeapInit+0xa8>)
    2020:	681b      	ldr	r3, [r3, #0]
    2022:	2200      	movs	r2, #0
    2024:	605a      	str	r2, [r3, #4]
    pxEnd->pxNextFreeBlock = heapPROTECT_BLOCK_POINTER( NULL );
    2026:	4b10      	ldr	r3, [pc, #64]	; (2068 <prvHeapInit+0xa8>)
    2028:	681b      	ldr	r3, [r3, #0]
    202a:	2200      	movs	r2, #0
    202c:	601a      	str	r2, [r3, #0]

    /* To start with there is a single free block that is sized to take up the
     * entire heap space, minus the space taken by pxEnd. */
    pxFirstFreeBlock = ( BlockLink_t * ) uxStartAddress;
    202e:	68fb      	ldr	r3, [r7, #12]
    2030:	603b      	str	r3, [r7, #0]
    pxFirstFreeBlock->xBlockSize = ( size_t ) ( uxEndAddress - ( portPOINTER_SIZE_TYPE ) pxFirstFreeBlock );
    2032:	683b      	ldr	r3, [r7, #0]
    2034:	687a      	ldr	r2, [r7, #4]
    2036:	1ad2      	subs	r2, r2, r3
    2038:	683b      	ldr	r3, [r7, #0]
    203a:	605a      	str	r2, [r3, #4]
    pxFirstFreeBlock->pxNextFreeBlock = heapPROTECT_BLOCK_POINTER( pxEnd );
    203c:	4b0a      	ldr	r3, [pc, #40]	; (2068 <prvHeapInit+0xa8>)
    203e:	681a      	ldr	r2, [r3, #0]
    2040:	683b      	ldr	r3, [r7, #0]
    2042:	601a      	str	r2, [r3, #0]

    /* Only one block exists - and it covers the entire usable heap space. */
    xMinimumEverFreeBytesRemaining = pxFirstFreeBlock->xBlockSize;
    2044:	683b      	ldr	r3, [r7, #0]
    2046:	685b      	ldr	r3, [r3, #4]
    2048:	4a08      	ldr	r2, [pc, #32]	; (206c <prvHeapInit+0xac>)
    204a:	6013      	str	r3, [r2, #0]
    xFreeBytesRemaining = pxFirstFreeBlock->xBlockSize;
    204c:	683b      	ldr	r3, [r7, #0]
    204e:	685b      	ldr	r3, [r3, #4]
    2050:	4a07      	ldr	r2, [pc, #28]	; (2070 <prvHeapInit+0xb0>)
    2052:	6013      	str	r3, [r2, #0]
}
    2054:	bf00      	nop
    2056:	3714      	adds	r7, #20
    2058:	46bd      	mov	sp, r7
    205a:	bc80      	pop	{r7}
    205c:	4770      	bx	lr
    205e:	bf00      	nop
    2060:	200001a8 	andcs	r0, r0, r8, lsr #3
    2064:	200011a8 	andcs	r1, r0, r8, lsr #3
    2068:	200011b0 			; <UNDEFINED> instruction: 0x200011b0
    206c:	200011b8 			; <UNDEFINED> instruction: 0x200011b8
    2070:	200011b4 			; <UNDEFINED> instruction: 0x200011b4

00002074 <prvInsertBlockIntoFreeList>:
/*-----------------------------------------------------------*/

static void prvInsertBlockIntoFreeList( BlockLink_t * pxBlockToInsert ) /* PRIVILEGED_FUNCTION */
{
    2074:	b480      	push	{r7}
    2076:	b085      	sub	sp, #20
    2078:	af00      	add	r7, sp, #0
    207a:	6078      	str	r0, [r7, #4]
    BlockLink_t * pxIterator;
    uint8_t * puc;

    /* Iterate through the list until a block is found that has a higher address
     * than the block being inserted. */
    for( pxIterator = &xStart; heapPROTECT_BLOCK_POINTER( pxIterator->pxNextFreeBlock ) < pxBlockToInsert; pxIterator = heapPROTECT_BLOCK_POINTER( pxIterator->pxNextFreeBlock ) )
    207c:	4b27      	ldr	r3, [pc, #156]	; (211c <prvInsertBlockIntoFreeList+0xa8>)
    207e:	60fb      	str	r3, [r7, #12]
    2080:	e002      	b.n	2088 <prvInsertBlockIntoFreeList+0x14>
    2082:	68fb      	ldr	r3, [r7, #12]
    2084:	681b      	ldr	r3, [r3, #0]
    2086:	60fb      	str	r3, [r7, #12]
    2088:	68fb      	ldr	r3, [r7, #12]
    208a:	681b      	ldr	r3, [r3, #0]
    208c:	687a      	ldr	r2, [r7, #4]
    208e:	429a      	cmp	r2, r3
    2090:	d8f7      	bhi.n	2082 <prvInsertBlockIntoFreeList+0xe>
        heapVALIDATE_BLOCK_POINTER( pxIterator );
    }

    /* Do the block being inserted, and the block it is being inserted after
     * make a contiguous block of memory? */
    puc = ( uint8_t * ) pxIterator;
    2092:	68fb      	ldr	r3, [r7, #12]
    2094:	60bb      	str	r3, [r7, #8]

    if( ( puc + pxIterator->xBlockSize ) == ( uint8_t * ) pxBlockToInsert )
    2096:	68fb      	ldr	r3, [r7, #12]
    2098:	685b      	ldr	r3, [r3, #4]
    209a:	68ba      	ldr	r2, [r7, #8]
    209c:	4413      	add	r3, r2
    209e:	687a      	ldr	r2, [r7, #4]
    20a0:	429a      	cmp	r2, r3
    20a2:	d108      	bne.n	20b6 <prvInsertBlockIntoFreeList+0x42>
    {
        pxIterator->xBlockSize += pxBlockToInsert->xBlockSize;
    20a4:	68fb      	ldr	r3, [r7, #12]
    20a6:	685a      	ldr	r2, [r3, #4]
    20a8:	687b      	ldr	r3, [r7, #4]
    20aa:	685b      	ldr	r3, [r3, #4]
    20ac:	441a      	add	r2, r3
    20ae:	68fb      	ldr	r3, [r7, #12]
    20b0:	605a      	str	r2, [r3, #4]
        pxBlockToInsert = pxIterator;
    20b2:	68fb      	ldr	r3, [r7, #12]
    20b4:	607b      	str	r3, [r7, #4]
        mtCOVERAGE_TEST_MARKER();
    }

    /* Do the block being inserted, and the block it is being inserted before
     * make a contiguous block of memory? */
    puc = ( uint8_t * ) pxBlockToInsert;
    20b6:	687b      	ldr	r3, [r7, #4]
    20b8:	60bb      	str	r3, [r7, #8]

    if( ( puc + pxBlockToInsert->xBlockSize ) == ( uint8_t * ) heapPROTECT_BLOCK_POINTER( pxIterator->pxNextFreeBlock ) )
    20ba:	687b      	ldr	r3, [r7, #4]
    20bc:	685b      	ldr	r3, [r3, #4]
    20be:	68ba      	ldr	r2, [r7, #8]
    20c0:	441a      	add	r2, r3
    20c2:	68fb      	ldr	r3, [r7, #12]
    20c4:	681b      	ldr	r3, [r3, #0]
    20c6:	429a      	cmp	r2, r3
    20c8:	d118      	bne.n	20fc <prvInsertBlockIntoFreeList+0x88>
    {
        if( heapPROTECT_BLOCK_POINTER( pxIterator->pxNextFreeBlock ) != pxEnd )
    20ca:	68fb      	ldr	r3, [r7, #12]
    20cc:	681a      	ldr	r2, [r3, #0]
    20ce:	4b14      	ldr	r3, [pc, #80]	; (2120 <prvInsertBlockIntoFreeList+0xac>)
    20d0:	681b      	ldr	r3, [r3, #0]
    20d2:	429a      	cmp	r2, r3
    20d4:	d00d      	beq.n	20f2 <prvInsertBlockIntoFreeList+0x7e>
        {
            /* Form one big block from the two blocks. */
            pxBlockToInsert->xBlockSize += heapPROTECT_BLOCK_POINTER( pxIterator->pxNextFreeBlock )->xBlockSize;
    20d6:	687b      	ldr	r3, [r7, #4]
    20d8:	685a      	ldr	r2, [r3, #4]
    20da:	68fb      	ldr	r3, [r7, #12]
    20dc:	681b      	ldr	r3, [r3, #0]
    20de:	685b      	ldr	r3, [r3, #4]
    20e0:	441a      	add	r2, r3
    20e2:	687b      	ldr	r3, [r7, #4]
    20e4:	605a      	str	r2, [r3, #4]
            pxBlockToInsert->pxNextFreeBlock = heapPROTECT_BLOCK_POINTER( pxIterator->pxNextFreeBlock )->pxNextFreeBlock;
    20e6:	68fb      	ldr	r3, [r7, #12]
    20e8:	681b      	ldr	r3, [r3, #0]
    20ea:	681a      	ldr	r2, [r3, #0]
    20ec:	687b      	ldr	r3, [r7, #4]
    20ee:	601a      	str	r2, [r3, #0]
    20f0:	e008      	b.n	2104 <prvInsertBlockIntoFreeList+0x90>
        }
        else
        {
            pxBlockToInsert->pxNextFreeBlock = heapPROTECT_BLOCK_POINTER( pxEnd );
    20f2:	4b0b      	ldr	r3, [pc, #44]	; (2120 <prvInsertBlockIntoFreeList+0xac>)
    20f4:	681a      	ldr	r2, [r3, #0]
    20f6:	687b      	ldr	r3, [r7, #4]
    20f8:	601a      	str	r2, [r3, #0]
    20fa:	e003      	b.n	2104 <prvInsertBlockIntoFreeList+0x90>
        }
    }
    else
    {
        pxBlockToInsert->pxNextFreeBlock = pxIterator->pxNextFreeBlock;
    20fc:	68fb      	ldr	r3, [r7, #12]
    20fe:	681a      	ldr	r2, [r3, #0]
    2100:	687b      	ldr	r3, [r7, #4]
    2102:	601a      	str	r2, [r3, #0]

    /* If the block being inserted plugged a gap, so was merged with the block
     * before and the block after, then it's pxNextFreeBlock pointer will have
     * already been set, and should not be set here as that would make it point
     * to itself. */
    if( pxIterator != pxBlockToInsert )
    2104:	68fa      	ldr	r2, [r7, #12]
    2106:	687b      	ldr	r3, [r7, #4]
    2108:	429a      	cmp	r2, r3
    210a:	d002      	beq.n	2112 <prvInsertBlockIntoFreeList+0x9e>
    {
        pxIterator->pxNextFreeBlock = heapPROTECT_BLOCK_POINTER( pxBlockToInsert );
    210c:	68fb      	ldr	r3, [r7, #12]
    210e:	687a      	ldr	r2, [r7, #4]
    2110:	601a      	str	r2, [r3, #0]
    }
    else
    {
        mtCOVERAGE_TEST_MARKER();
    }
}
    2112:	bf00      	nop
    2114:	3714      	adds	r7, #20
    2116:	46bd      	mov	sp, r7
    2118:	bc80      	pop	{r7}
    211a:	4770      	bx	lr
    211c:	200011a8 	andcs	r1, r0, r8, lsr #3
    2120:	200011b0 			; <UNDEFINED> instruction: 0x200011b0

00002124 <vPortGetHeapStats>:
/*-----------------------------------------------------------*/

void vPortGetHeapStats( HeapStats_t * pxHeapStats )
{
    2124:	b580      	push	{r7, lr}
    2126:	b086      	sub	sp, #24
    2128:	af00      	add	r7, sp, #0
    212a:	6078      	str	r0, [r7, #4]
    BlockLink_t * pxBlock;
    size_t xBlocks = 0, xMaxSize = 0, xMinSize = SIZE_MAX;
    212c:	2300      	movs	r3, #0
    212e:	613b      	str	r3, [r7, #16]
    2130:	2300      	movs	r3, #0
    2132:	60fb      	str	r3, [r7, #12]
    2134:	f04f 33ff 	mov.w	r3, #4294967295	; 0xffffffff
    2138:	60bb      	str	r3, [r7, #8]

    vTaskSuspendAll();
    213a:	f7fe fac7 	bl	6cc <vTaskSuspendAll>
    {
        pxBlock = heapPROTECT_BLOCK_POINTER( xStart.pxNextFreeBlock );
    213e:	4b22      	ldr	r3, [pc, #136]	; (21c8 <vPortGetHeapStats+0xa4>)
    2140:	681b      	ldr	r3, [r3, #0]
    2142:	617b      	str	r3, [r7, #20]

        /* pxBlock will be NULL if the heap has not been initialised.  The heap
         * is initialised automatically when the first allocation is made. */
        if( pxBlock != NULL )
    2144:	697b      	ldr	r3, [r7, #20]
    2146:	2b00      	cmp	r3, #0
    2148:	d01b      	beq.n	2182 <vPortGetHeapStats+0x5e>
        {
            while( pxBlock != pxEnd )
    214a:	e015      	b.n	2178 <vPortGetHeapStats+0x54>
            {
                /* Increment the number of blocks and record the largest block seen
                 * so far. */
                xBlocks++;
    214c:	693b      	ldr	r3, [r7, #16]
    214e:	3301      	adds	r3, #1
    2150:	613b      	str	r3, [r7, #16]

                if( pxBlock->xBlockSize > xMaxSize )
    2152:	697b      	ldr	r3, [r7, #20]
    2154:	685b      	ldr	r3, [r3, #4]
    2156:	68fa      	ldr	r2, [r7, #12]
    2158:	429a      	cmp	r2, r3
    215a:	d202      	bcs.n	2162 <vPortGetHeapStats+0x3e>
                {
                    xMaxSize = pxBlock->xBlockSize;
    215c:	697b      	ldr	r3, [r7, #20]
    215e:	685b      	ldr	r3, [r3, #4]
    2160:	60fb      	str	r3, [r7, #12]
                }

                if( pxBlock->xBlockSize < xMinSize )
    2162:	697b      	ldr	r3, [r7, #20]
    2164:	685b      	ldr	r3, [r3, #4]
    2166:	68ba      	ldr	r2, [r7, #8]
    2168:	429a      	cmp	r2, r3
    216a:	d902      	bls.n	2172 <vPortGetHeapStats+0x4e>
                {
                    xMinSize = pxBlock->xBlockSize;
    216c:	697b      	ldr	r3, [r7, #20]
    216e:	685b      	ldr	r3, [r3, #4]
    2170:	60bb      	str	r3, [r7, #8]
                }

                /* Move to the next block in the chain until the last block is
                 * reached. */
                pxBlock = heapPROTECT_BLOCK_POINTER( pxBlock->pxNextFreeBlock );
    2172:	697b      	ldr	r3, [r7, #20]
    2174:	681b      	ldr	r3, [r3, #0]
    2176:	617b      	str	r3, [r7, #20]
            while( pxBlock != pxEnd )
    2178:	4b14      	ldr	r3, [pc, #80]	; (21cc <vPortGetHeapStats+0xa8>)
    217a:	681b      	ldr	r3, [r3, #0]
    217c:	697a      	ldr	r2, [r7, #20]
    217e:	429a      	cmp	r2, r3
    2180:	d1e4      	bne.n	214c <vPortGetHeapStats+0x28>
            }
        }
    }
    ( void ) xTaskResumeAll();
    2182:	f7fe fab1 	bl	6e8 <xTaskResumeAll>

    pxHeapStats->xSizeOfLargestFreeBlockInBytes = xMaxSize;
    2186:	687b      	ldr	r3, [r7, #4]
    2188:	68fa      	ldr	r2, [r7, #12]
    218a:	605a      	str	r2, [r3, #4]
    pxHeapStats->xSizeOfSmallestFreeBlockInBytes = xMinSize;
    218c:	687b      	ldr	r3, [r7, #4]
    218e:	68ba      	ldr	r2, [r7, #8]
    2190:	609a      	str	r2, [r3, #8]
    pxHeapStats->xNumberOfFreeBlocks = xBlocks;
    2192:	687b      	ldr	r3, [r7, #4]
    2194:	693a      	ldr	r2, [r7, #16]
    2196:	60da      	str	r2, [r3, #12]

    taskENTER_CRITICAL();
    2198:	f000 f8de 	bl	2358 <vPortEnterCritical>
    {
        pxHeapStats->xAvailableHeapSpaceInBytes = xFreeBytesRemaining;
    219c:	4b0c      	ldr	r3, [pc, #48]	; (21d0 <vPortGetHeapStats+0xac>)
    219e:	681a      	ldr	r2, [r3, #0]
    21a0:	687b      	ldr	r3, [r7, #4]
    21a2:	601a      	str	r2, [r3, #0]
        pxHeapStats->xNumberOfSuccessfulAllocations = xNumberOfSuccessfulAllocations;
    21a4:	4b0b      	ldr	r3, [pc, #44]	; (21d4 <vPortGetHeapStats+0xb0>)
    21a6:	681a      	ldr	r2, [r3, #0]
    21a8:	687b      	ldr	r3, [r7, #4]
    21aa:	615a      	str	r2, [r3, #20]
        pxHeapStats->xNumberOfSuccessfulFrees = xNumberOfSuccessfulFrees;
    21ac:	4b0a      	ldr	r3, [pc, #40]	; (21d8 <vPortGetHeapStats+0xb4>)
    21ae:	681a      	ldr	r2, [r3, #0]
    21b0:	687b      	ldr	r3, [r7, #4]
    21b2:	619a      	str	r2, [r3, #24]
        pxHeapStats->xMinimumEverFreeBytesRemaining = xMinimumEverFreeBytesRemaining;
    21b4:	4b09      	ldr	r3, [pc, #36]	; (21dc <vPortGetHeapStats+0xb8>)
    21b6:	681a      	ldr	r2, [r3, #0]
    21b8:	687b      	ldr	r3, [r7, #4]
    21ba:	611a      	str	r2, [r3, #16]
    }
    taskEXIT_CRITICAL();
    21bc:	f000 f8e6 	bl	238c <vPortExitCritical>
}
    21c0:	bf00      	nop
    21c2:	3718      	adds	r7, #24
    21c4:	46bd      	mov	sp, r7
    21c6:	bd80      	pop	{r7, pc}
    21c8:	200011a8 	andcs	r1, r0, r8, lsr #3
    21cc:	200011b0 			; <UNDEFINED> instruction: 0x200011b0
    21d0:	200011b4 			; <UNDEFINED> instruction: 0x200011b4
    21d4:	200011bc 			; <UNDEFINED> instruction: 0x200011bc
    21d8:	200011c0 	andcs	r1, r0, r0, asr #3
    21dc:	200011b8 			; <UNDEFINED> instruction: 0x200011b8

000021e0 <vPortHeapResetState>:
 * Reset the state in this file. This state is normally initialized at start up.
 * This function must be called by the application before restarting the
 * scheduler.
 */
void vPortHeapResetState( void )
{
    21e0:	b480      	push	{r7}
    21e2:	af00      	add	r7, sp, #0
    pxEnd = NULL;
    21e4:	4b09      	ldr	r3, [pc, #36]	; (220c <vPortHeapResetState+0x2c>)
    21e6:	2200      	movs	r2, #0
    21e8:	601a      	str	r2, [r3, #0]

    xFreeBytesRemaining = ( size_t ) 0U;
    21ea:	4b09      	ldr	r3, [pc, #36]	; (2210 <vPortHeapResetState+0x30>)
    21ec:	2200      	movs	r2, #0
    21ee:	601a      	str	r2, [r3, #0]
    xMinimumEverFreeBytesRemaining = ( size_t ) 0U;
    21f0:	4b08      	ldr	r3, [pc, #32]	; (2214 <vPortHeapResetState+0x34>)
    21f2:	2200      	movs	r2, #0
    21f4:	601a      	str	r2, [r3, #0]
    xNumberOfSuccessfulAllocations = ( size_t ) 0U;
    21f6:	4b08      	ldr	r3, [pc, #32]	; (2218 <vPortHeapResetState+0x38>)
    21f8:	2200      	movs	r2, #0
    21fa:	601a      	str	r2, [r3, #0]
    xNumberOfSuccessfulFrees = ( size_t ) 0U;
    21fc:	4b07      	ldr	r3, [pc, #28]	; (221c <vPortHeapResetState+0x3c>)
    21fe:	2200      	movs	r2, #0
    2200:	601a      	str	r2, [r3, #0]
}
    2202:	bf00      	nop
    2204:	46bd      	mov	sp, r7
    2206:	bc80      	pop	{r7}
    2208:	4770      	bx	lr
    220a:	bf00      	nop
    220c:	200011b0 			; <UNDEFINED> instruction: 0x200011b0
    2210:	200011b4 			; <UNDEFINED> instruction: 0x200011b4
    2214:	200011b8 			; <UNDEFINED> instruction: 0x200011b8
    2218:	200011bc 			; <UNDEFINED> instruction: 0x200011bc
    221c:	200011c0 	andcs	r1, r0, r0, asr #3

00002220 <pxPortInitialiseStack>:
 * See header file for description.
 */
StackType_t * pxPortInitialiseStack( StackType_t * pxTopOfStack,
                                     TaskFunction_t pxCode,
                                     void * pvParameters )
{
    2220:	b480      	push	{r7}
    2222:	b085      	sub	sp, #20
    2224:	af00      	add	r7, sp, #0
    2226:	60f8      	str	r0, [r7, #12]
    2228:	60b9      	str	r1, [r7, #8]
    222a:	607a      	str	r2, [r7, #4]
    /* Simulate the stack frame as it would be created by a context switch
     * interrupt. */
    pxTopOfStack--;                                                      /* Offset added to account for the way the MCU uses the stack on entry/exit of interrupts. */
    222c:	68fb      	ldr	r3, [r7, #12]
    222e:	3b04      	subs	r3, #4
    2230:	60fb      	str	r3, [r7, #12]
    *pxTopOfStack = portINITIAL_XPSR;                                    /* xPSR */
    2232:	68fb      	ldr	r3, [r7, #12]
    2234:	f04f 7280 	mov.w	r2, #16777216	; 0x1000000
    2238:	601a      	str	r2, [r3, #0]
    pxTopOfStack--;
    223a:	68fb      	ldr	r3, [r7, #12]
    223c:	3b04      	subs	r3, #4
    223e:	60fb      	str	r3, [r7, #12]
    *pxTopOfStack = ( ( StackType_t ) pxCode ) & portSTART_ADDRESS_MASK; /* PC */
    2240:	68bb      	ldr	r3, [r7, #8]
    2242:	f023 0201 	bic.w	r2, r3, #1
    2246:	68fb      	ldr	r3, [r7, #12]
    2248:	601a      	str	r2, [r3, #0]
    pxTopOfStack--;
    224a:	68fb      	ldr	r3, [r7, #12]
    224c:	3b04      	subs	r3, #4
    224e:	60fb      	str	r3, [r7, #12]
    *pxTopOfStack = ( StackType_t ) portTASK_RETURN_ADDRESS;             /* LR */
    2250:	4a08      	ldr	r2, [pc, #32]	; (2274 <pxPortInitialiseStack+0x54>)
    2252:	68fb      	ldr	r3, [r7, #12]
    2254:	601a      	str	r2, [r3, #0]
    pxTopOfStack -= 5;                                                   /* R12, R3, R2 and R1. */
    2256:	68fb      	ldr	r3, [r7, #12]
    2258:	3b14      	subs	r3, #20
    225a:	60fb      	str	r3, [r7, #12]
    *pxTopOfStack = ( StackType_t ) pvParameters;                        /* R0 */
    225c:	687a      	ldr	r2, [r7, #4]
    225e:	68fb      	ldr	r3, [r7, #12]
    2260:	601a      	str	r2, [r3, #0]
    pxTopOfStack -= 8;                                                   /* R11, R10, R9, R8, R7, R6, R5 and R4. */
    2262:	68fb      	ldr	r3, [r7, #12]
    2264:	3b20      	subs	r3, #32
    2266:	60fb      	str	r3, [r7, #12]

    return pxTopOfStack;
    2268:	68fb      	ldr	r3, [r7, #12]
}
    226a:	4618      	mov	r0, r3
    226c:	3714      	adds	r7, #20
    226e:	46bd      	mov	sp, r7
    2270:	bc80      	pop	{r7}
    2272:	4770      	bx	lr
    2274:	00002279 	andeq	r2, r0, r9, ror r2

00002278 <prvTaskExitError>:
/*-----------------------------------------------------------*/

static void prvTaskExitError( void )
{
    2278:	b480      	push	{r7}
    227a:	b083      	sub	sp, #12
    227c:	af00      	add	r7, sp, #0
    volatile uint32_t ulDummy = 0UL;
    227e:	2300      	movs	r3, #0
    2280:	603b      	str	r3, [r7, #0]
    __asm volatile
    2282:	f04f 0301 	mov.w	r3, #1
    2286:	f383 8811 	msr	BASEPRI, r3
    228a:	f3bf 8f6f 	isb	sy
    228e:	f3bf 8f4f 	dsb	sy
    2292:	607b      	str	r3, [r7, #4]
}
    2294:	bf00      	nop
     * Artificially force an assert() to be triggered if configASSERT() is
     * defined, then stop here so application writers can catch the error. */
    configASSERT( uxCriticalNesting == ~0UL );
    portDISABLE_INTERRUPTS();

    while( ulDummy == 0 )
    2296:	bf00      	nop
    2298:	683b      	ldr	r3, [r7, #0]
    229a:	2b00      	cmp	r3, #0
    229c:	d0fc      	beq.n	2298 <prvTaskExitError+0x20>
         * about code appearing after this function is called - making ulDummy
         * volatile makes the compiler think the function could return and
         * therefore not output an 'unreachable code' warning for code that appears
         * after it. */
    }
}
    229e:	bf00      	nop
    22a0:	bf00      	nop
    22a2:	370c      	adds	r7, #12
    22a4:	46bd      	mov	sp, r7
    22a6:	bc80      	pop	{r7}
    22a8:	4770      	bx	lr

000022aa <vPortSVCHandler>:
/*-----------------------------------------------------------*/

void vPortSVCHandler( void )
{
    __asm volatile (
    22aa:	4b08      	ldr	r3, [pc, #32]	; (22cc <vPortSVCHandler+0x22>)
    22ac:	6819      	ldr	r1, [r3, #0]
    22ae:	6808      	ldr	r0, [r1, #0]
    22b0:	e8b0 0ff0 	ldmia.w	r0!, {r4, r5, r6, r7, r8, r9, sl, fp}
    22b4:	f380 8809 	msr	PSP, r0
    22b8:	f3bf 8f6f 	isb	sy
    22bc:	f04f 0000 	mov.w	r0, #0
    22c0:	f380 8811 	msr	BASEPRI, r0
    22c4:	f04e 0e0d 	orr.w	lr, lr, #13
    22c8:	4770      	bx	lr
    22ca:	00080000 	andeq	r0, r8, r0
    22ce:	bf002000 	svclt	0x00002000

000022d2 <prvPortStartFirstTask>:
}
/*-----------------------------------------------------------*/

static void prvPortStartFirstTask( void )
{
    __asm volatile (
    22d2:	4806      	ldr	r0, [pc, #24]	; (22ec <prvPortStartFirstTask+0x1a>)
    22d4:	6800      	ldr	r0, [r0, #0]
    22d6:	6800      	ldr	r0, [r0, #0]
    22d8:	f380 8808 	msr	MSP, r0
    22dc:	b662      	cpsie	i
    22de:	b661      	cpsie	f
    22e0:	f3bf 8f4f 	dsb	sy
    22e4:	f3bf 8f6f 	isb	sy
    22e8:	df00      	svc	0
    22ea:	bf00      	nop
    22ec:	e000ed08 	and	lr, r0, r8, lsl #26
        " isb                   \n"
        " svc 0                 \n" /* System call to start first task. */
        " nop                   \n"
        " .ltorg                \n"
        );
}
    22f0:	bf00      	nop

000022f2 <xPortStartScheduler>:

/*
 * See header file for description.
 */
BaseType_t xPortStartScheduler( void )
{
    22f2:	b580      	push	{r7, lr}
    22f4:	b082      	sub	sp, #8
    22f6:	af00      	add	r7, sp, #0
     * configCHECK_HANDLER_INSTALLATION to 0 in their FreeRTOSConfig.h. Direct
     * routing, which is validated here when configCHECK_HANDLER_INSTALLATION
     * is 1, should be preferred when possible. */
    #if ( configCHECK_HANDLER_INSTALLATION == 1 )
    {
        const portISR_t * const pxVectorTable = portSCB_VTOR_REG;
    22f8:	4b10      	ldr	r3, [pc, #64]	; (233c <xPortStartScheduler+0x4a>)
    22fa:	681b      	ldr	r3, [r3, #0]
    22fc:	607b      	str	r3, [r7, #4]
    }
    #endif /* configASSERT_DEFINED */

    /* Make PendSV and SysTick the lowest priority interrupts, and make SVCall
     * the highest priority. */
    portNVIC_SHPR3_REG |= portNVIC_PENDSV_PRI;
    22fe:	4b10      	ldr	r3, [pc, #64]	; (2340 <xPortStartScheduler+0x4e>)
    2300:	681b      	ldr	r3, [r3, #0]
    2302:	4a0f      	ldr	r2, [pc, #60]	; (2340 <xPortStartScheduler+0x4e>)
    2304:	f443 037f 	orr.w	r3, r3, #16711680	; 0xff0000
    2308:	6013      	str	r3, [r2, #0]
    portNVIC_SHPR3_REG |= portNVIC_SYSTICK_PRI;
    230a:	4b0d      	ldr	r3, [pc, #52]	; (2340 <xPortStartScheduler+0x4e>)
    230c:	681b      	ldr	r3, [r3, #0]
    230e:	4a0c      	ldr	r2, [pc, #48]	; (2340 <xPortStartScheduler+0x4e>)
    2310:	f043 437f 	orr.w	r3, r3, #4278190080	; 0xff000000
    2314:	6013      	str	r3, [r2, #0]
    portNVIC_SHPR2_REG = 0;
    2316:	4b0b      	ldr	r3, [pc, #44]	; (2344 <xPortStartScheduler+0x52>)
    2318:	2200      	movs	r2, #0
    231a:	601a      	str	r2, [r3, #0]

    /* Start the timer that generates the tick ISR.  Interrupts are disabled
     * here already. */
    vPortSetupTimerInterrupt();
    231c:	f000 f896 	bl	244c <vPortSetupTimerInterrupt>

    /* Initialise the critical nesting count ready for the first task. */
    uxCriticalNesting = 0;
    2320:	4b09      	ldr	r3, [pc, #36]	; (2348 <xPortStartScheduler+0x56>)
    2322:	2200      	movs	r2, #0
    2324:	601a      	str	r2, [r3, #0]

    /* Start the first task. */
    prvPortStartFirstTask();
    2326:	f7ff ffd4 	bl	22d2 <prvPortStartFirstTask>
     * exit error function to prevent compiler warnings about a static function
     * not being called in the case that the application writer overrides this
     * functionality by defining configTASK_RETURN_ADDRESS.  Call
     * vTaskSwitchContext() so link time optimisation does not remove the
     * symbol. */
    vTaskSwitchContext();
    232a:	f7fe fc35 	bl	b98 <vTaskSwitchContext>
    prvTaskExitError();
    232e:	f7ff ffa3 	bl	2278 <prvTaskExitError>

    /* Should not get here! */
    return 0;
    2332:	2300      	movs	r3, #0
}
    2334:	4618      	mov	r0, r3
    2336:	3708      	adds	r7, #8
    2338:	46bd      	mov	sp, r7
    233a:	bd80      	pop	{r7, pc}
    233c:	e000ed08 	and	lr, r0, r8, lsl #26
    2340:	e000ed20 	and	lr, r0, r0, lsr #26
    2344:	e000ed1c 	and	lr, r0, ip, lsl sp
    2348:	20000004 	andcs	r0, r0, r4

0000234c <vPortEndScheduler>:
/*-----------------------------------------------------------*/

void vPortEndScheduler( void )
{
    234c:	b480      	push	{r7}
    234e:	af00      	add	r7, sp, #0
    /* Not implemented in ports where there is nothing to return to.
     * Artificially force an assert. */
    configASSERT( uxCriticalNesting == 1000UL );
}
    2350:	bf00      	nop
    2352:	46bd      	mov	sp, r7
    2354:	bc80      	pop	{r7}
    2356:	4770      	bx	lr

00002358 <vPortEnterCritical>:
/*-----------------------------------------------------------*/

void vPortEnterCritical( void )
{
    2358:	b480      	push	{r7}
    235a:	b083      	sub	sp, #12
    235c:	af00      	add	r7, sp, #0
    __asm volatile
    235e:	f04f 0301 	mov.w	r3, #1
    2362:	f383 8811 	msr	BASEPRI, r3
    2366:	f3bf 8f6f 	isb	sy
    236a:	f3bf 8f4f 	dsb	sy
    236e:	607b      	str	r3, [r7, #4]
}
    2370:	bf00      	nop
    portDISABLE_INTERRUPTS();
    uxCriticalNesting++;
    2372:	4b05      	ldr	r3, [pc, #20]	; (2388 <vPortEnterCritical+0x30>)
    2374:	681b      	ldr	r3, [r3, #0]
    2376:	3301      	adds	r3, #1
    2378:	4a03      	ldr	r2, [pc, #12]	; (2388 <vPortEnterCritical+0x30>)
    237a:	6013      	str	r3, [r2, #0]
     * assert function also uses a critical section. */
    if( uxCriticalNesting == 1 )
    {
        configASSERT( ( portNVIC_INT_CTRL_REG & portVECTACTIVE_MASK ) == 0 );
    }
}
    237c:	bf00      	nop
    237e:	370c      	adds	r7, #12
    2380:	46bd      	mov	sp, r7
    2382:	bc80      	pop	{r7}
    2384:	4770      	bx	lr
    2386:	bf00      	nop
    2388:	20000004 	andcs	r0, r0, r4

0000238c <vPortExitCritical>:
/*-----------------------------------------------------------*/

void vPortExitCritical( void )
{
    238c:	b480      	push	{r7}
    238e:	b083      	sub	sp, #12
    2390:	af00      	add	r7, sp, #0
    configASSERT( uxCriticalNesting );
    uxCriticalNesting--;
    2392:	4b0a      	ldr	r3, [pc, #40]	; (23bc <vPortExitCritical+0x30>)
    2394:	681b      	ldr	r3, [r3, #0]
    2396:	3b01      	subs	r3, #1
    2398:	4a08      	ldr	r2, [pc, #32]	; (23bc <vPortExitCritical+0x30>)
    239a:	6013      	str	r3, [r2, #0]

    if( uxCriticalNesting == 0 )
    239c:	4b07      	ldr	r3, [pc, #28]	; (23bc <vPortExitCritical+0x30>)
    239e:	681b      	ldr	r3, [r3, #0]
    23a0:	2b00      	cmp	r3, #0
    23a2:	d105      	bne.n	23b0 <vPortExitCritical+0x24>
    23a4:	2300      	movs	r3, #0
    23a6:	607b      	str	r3, [r7, #4]
    __asm volatile
    23a8:	687b      	ldr	r3, [r7, #4]
    23aa:	f383 8811 	msr	BASEPRI, r3
}
    23ae:	bf00      	nop
    {
        portENABLE_INTERRUPTS();
    }
}
    23b0:	bf00      	nop
    23b2:	370c      	adds	r7, #12
    23b4:	46bd      	mov	sp, r7
    23b6:	bc80      	pop	{r7}
    23b8:	4770      	bx	lr
    23ba:	bf00      	nop
    23bc:	20000004 	andcs	r0, r0, r4

000023c0 <xPortPendSVHandler>:

void xPortPendSVHandler( void )
{
    /* This is a naked function. */

    __asm volatile
    23c0:	f3ef 8009 	mrs	r0, PSP
    23c4:	f3bf 8f6f 	isb	sy
    23c8:	4b0d      	ldr	r3, [pc, #52]	; (2400 <xPortPendSVHandler+0x40>)
    23ca:	681a      	ldr	r2, [r3, #0]
    23cc:	e920 0ff0 	stmdb	r0!, {r4, r5, r6, r7, r8, r9, sl, fp}
    23d0:	6010      	str	r0, [r2, #0]
    23d2:	e92d 4008 	stmdb	sp!, {r3, lr}
    23d6:	f04f 0001 	mov.w	r0, #1
    23da:	f380 8811 	msr	BASEPRI, r0
    23de:	f7fe fbdb 	bl	b98 <vTaskSwitchContext>
    23e2:	f04f 0000 	mov.w	r0, #0
    23e6:	f380 8811 	msr	BASEPRI, r0
    23ea:	e8bd 4008 	ldmia.w	sp!, {r3, lr}
    23ee:	6819      	ldr	r1, [r3, #0]
    23f0:	6808      	ldr	r0, [r1, #0]
    23f2:	e8b0 0ff0 	ldmia.w	r0!, {r4, r5, r6, r7, r8, r9, sl, fp}
    23f6:	f380 8809 	msr	PSP, r0
    23fa:	f3bf 8f6f 	isb	sy
    23fe:	4770      	bx	lr
    2400:	20000008 	andcs	r0, r0, r8
        "   bx r14                              \n"
        "                                       \n"
        "   .ltorg                              \n"
        ::"i" ( configMAX_SYSCALL_INTERRUPT_PRIORITY )
    );
}
    2404:	bf00      	nop

00002406 <xPortSysTickHandler>:
/*-----------------------------------------------------------*/

void xPortSysTickHandler( void )
{
    2406:	b580      	push	{r7, lr}
    2408:	b082      	sub	sp, #8
    240a:	af00      	add	r7, sp, #0
    __asm volatile
    240c:	f04f 0301 	mov.w	r3, #1
    2410:	f383 8811 	msr	BASEPRI, r3
    2414:	f3bf 8f6f 	isb	sy
    2418:	f3bf 8f4f 	dsb	sy
    241c:	607b      	str	r3, [r7, #4]
}
    241e:	bf00      	nop
     * known. */
    portDISABLE_INTERRUPTS();
    traceISR_ENTER();
    {
        /* Increment the RTOS tick. */
        if( xTaskIncrementTick() != pdFALSE )
    2420:	f7fe fab2 	bl	988 <xTaskIncrementTick>
    2424:	4603      	mov	r3, r0
    2426:	2b00      	cmp	r3, #0
    2428:	d003      	beq.n	2432 <xPortSysTickHandler+0x2c>
        {
            traceISR_EXIT_TO_SCHEDULER();

            /* A context switch is required.  Context switching is performed in
             * the PendSV interrupt.  Pend the PendSV interrupt. */
            portNVIC_INT_CTRL_REG = portNVIC_PENDSVSET_BIT;
    242a:	4b07      	ldr	r3, [pc, #28]	; (2448 <xPortSysTickHandler+0x42>)
    242c:	f04f 5280 	mov.w	r2, #268435456	; 0x10000000
    2430:	601a      	str	r2, [r3, #0]
    2432:	2300      	movs	r3, #0
    2434:	603b      	str	r3, [r7, #0]
    __asm volatile
    2436:	683b      	ldr	r3, [r7, #0]
    2438:	f383 8811 	msr	BASEPRI, r3
}
    243c:	bf00      	nop
        {
            traceISR_EXIT();
        }
    }
    portENABLE_INTERRUPTS();
}
    243e:	bf00      	nop
    2440:	3708      	adds	r7, #8
    2442:	46bd      	mov	sp, r7
    2444:	bd80      	pop	{r7, pc}
    2446:	bf00      	nop
    2448:	e000ed04 	and	lr, r0, r4, lsl #26

0000244c <vPortSetupTimerInterrupt>:
/*
 * Setup the systick timer to generate the tick interrupts at the required
 * frequency.
 */
__attribute__( ( weak ) ) void vPortSetupTimerInterrupt( void )
{
    244c:	b480      	push	{r7}
    244e:	af00      	add	r7, sp, #0
        ulStoppedTimerCompensation = portMISSED_COUNTS_FACTOR / ( configCPU_CLOCK_HZ / configSYSTICK_CLOCK_HZ );
    }
    #endif /* configUSE_TICKLESS_IDLE */

    /* Stop and clear the SysTick. */
    portNVIC_SYSTICK_CTRL_REG = 0UL;
    2450:	4b07      	ldr	r3, [pc, #28]	; (2470 <vPortSetupTimerInterrupt+0x24>)
    2452:	2200      	movs	r2, #0
    2454:	601a      	str	r2, [r3, #0]
    portNVIC_SYSTICK_CURRENT_VALUE_REG = 0UL;
    2456:	4b07      	ldr	r3, [pc, #28]	; (2474 <vPortSetupTimerInterrupt+0x28>)
    2458:	2200      	movs	r2, #0
    245a:	601a      	str	r2, [r3, #0]

    /* Configure SysTick to interrupt at the requested rate. */
    portNVIC_SYSTICK_LOAD_REG = ( configSYSTICK_CLOCK_HZ / configTICK_RATE_HZ ) - 1UL;
    245c:	4b06      	ldr	r3, [pc, #24]	; (2478 <vPortSetupTimerInterrupt+0x2c>)
    245e:	4a07      	ldr	r2, [pc, #28]	; (247c <vPortSetupTimerInterrupt+0x30>)
    2460:	601a      	str	r2, [r3, #0]
    portNVIC_SYSTICK_CTRL_REG = ( portNVIC_SYSTICK_CLK_BIT_CONFIG | portNVIC_SYSTICK_INT_BIT | portNVIC_SYSTICK_ENABLE_BIT );
    2462:	4b03      	ldr	r3, [pc, #12]	; (2470 <vPortSetupTimerInterrupt+0x24>)
    2464:	2207      	movs	r2, #7
    2466:	601a      	str	r2, [r3, #0]
}
    2468:	bf00      	nop
    246a:	46bd      	mov	sp, r7
    246c:	bc80      	pop	{r7}
    246e:	4770      	bx	lr
    2470:	e000e010 	and	lr, r0, r0, lsl r0
    2474:	e000e018 	and	lr, r0, r8, lsl r0
    2478:	e000e014 	and	lr, r0, r4, lsl r0
    247c:	000c34ff 	strdeq	r3, [ip], -pc	; <UNPREDICTABLE>
    2480:	00003154 	andeq	r3, r0, r4, asr r1
    2484:	00003254 	andeq	r3, r0, r4, asr r2
    2488:	454c4449 	strbmi	r4, [ip, #-1097]	; 0xfffffbb7
    248c:	00000000 	andeq	r0, r0, r0

00002490 <xHeapStructSize>:
    2490:	00000008 	andeq	r0, r0, r8

Disassembly of section .data:

20000000 <uxTopUsedPriority>:
20000000:	0000000e 	andeq	r0, r0, lr

20000004 <uxCriticalNesting>:
static UBaseType_t uxCriticalNesting = 0xaaaaaaaa;
20000004:	aaaaaaaa 	bge	1eaaaab4 <_etext+0x1eaa8620>

Disassembly of section .bss:

20000008 <pxCurrentTCB>:
    portDONT_DISCARD PRIVILEGED_DATA TCB_t * volatile pxCurrentTCB = NULL;
20000008:	00000000 	andeq	r0, r0, r0

2000000c <pxReadyTasksLists>:
	...

20000138 <xDelayedTaskList1>:
	...

2000014c <xDelayedTaskList2>:
	...

20000160 <pxDelayedTaskList>:
PRIVILEGED_DATA STATIC List_t * volatile pxDelayedTaskList;              /**< Points to the delayed task list currently being used. */
20000160:	00000000 	andeq	r0, r0, r0

20000164 <pxOverflowDelayedTaskList>:
PRIVILEGED_DATA STATIC List_t * volatile pxOverflowDelayedTaskList;      /**< Points to the delayed task list currently being used to hold tasks that have overflowed the current tick count. */
20000164:	00000000 	andeq	r0, r0, r0

20000168 <xPendingReadyList>:
	...

2000017c <uxCurrentNumberOfTasks>:
PRIVILEGED_DATA STATIC volatile UBaseType_t uxCurrentNumberOfTasks = ( UBaseType_t ) 0U;
2000017c:	00000000 	andeq	r0, r0, r0

20000180 <xTickCount>:
PRIVILEGED_DATA STATIC volatile TickType_t xTickCount = ( TickType_t ) configINITIAL_TICK_COUNT;
20000180:	00000000 	andeq	r0, r0, r0

20000184 <uxTopReadyPriority>:
PRIVILEGED_DATA STATIC volatile UBaseType_t uxTopReadyPriority = tskIDLE_PRIORITY;
20000184:	00000000 	andeq	r0, r0, r0

20000188 <xSchedulerRunning>:
PRIVILEGED_DATA STATIC volatile BaseType_t xSchedulerRunning = pdFALSE;
20000188:	00000000 	andeq	r0, r0, r0

2000018c <xPendedTicks>:
PRIVILEGED_DATA STATIC volatile TickType_t xPendedTicks = ( TickType_t ) 0U;
2000018c:	00000000 	andeq	r0, r0, r0

20000190 <xYieldPendings>:
PRIVILEGED_DATA STATIC volatile BaseType_t xYieldPendings[ configNUMBER_OF_CORES ] = { pdFALSE };
20000190:	00000000 	andeq	r0, r0, r0

20000194 <xNumOfOverflows>:
PRIVILEGED_DATA STATIC volatile BaseType_t xNumOfOverflows = ( BaseType_t ) 0;
20000194:	00000000 	andeq	r0, r0, r0

20000198 <uxTaskNumber>:
PRIVILEGED_DATA STATIC UBaseType_t uxTaskNumber = ( UBaseType_t ) 0U;
20000198:	00000000 	andeq	r0, r0, r0

2000019c <xNextTaskUnblockTime>:
PRIVILEGED_DATA STATIC volatile TickType_t xNextTaskUnblockTime = ( TickType_t ) 0U; /* Initialised to portMAX_DELAY before the scheduler starts. */
2000019c:	00000000 	andeq	r0, r0, r0

200001a0 <xIdleTaskHandles>:
PRIVILEGED_DATA STATIC TaskHandle_t xIdleTaskHandles[ configNUMBER_OF_CORES ];       /**< Holds the handles of the idle tasks.  The idle tasks are created automatically when the scheduler is started. */
200001a0:	00000000 	andeq	r0, r0, r0

200001a4 <uxSchedulerSuspended>:
PRIVILEGED_DATA STATIC volatile UBaseType_t uxSchedulerSuspended = ( UBaseType_t ) 0U;
200001a4:	00000000 	andeq	r0, r0, r0

200001a8 <ucHeap>:
	...

200011a8 <xStart>:
	...

200011b0 <pxEnd>:
PRIVILEGED_DATA static BlockLink_t * pxEnd = NULL;
200011b0:	00000000 	andeq	r0, r0, r0

200011b4 <xFreeBytesRemaining>:
PRIVILEGED_DATA static size_t xFreeBytesRemaining = ( size_t ) 0U;
200011b4:	00000000 	andeq	r0, r0, r0

200011b8 <xMinimumEverFreeBytesRemaining>:
PRIVILEGED_DATA static size_t xMinimumEverFreeBytesRemaining = ( size_t ) 0U;
200011b8:	00000000 	andeq	r0, r0, r0

200011bc <xNumberOfSuccessfulAllocations>:
PRIVILEGED_DATA static size_t xNumberOfSuccessfulAllocations = ( size_t ) 0U;
200011bc:	00000000 	andeq	r0, r0, r0

200011c0 <xNumberOfSuccessfulFrees>:
PRIVILEGED_DATA static size_t xNumberOfSuccessfulFrees = ( size_t ) 0U;
200011c0:	00000000 	andeq	r0, r0, r0

Disassembly of section .ARM.attributes:

00000000 <.ARM.attributes>:
   0:	00002e41 	andeq	r2, r0, r1, asr #28
   4:	61656100 	cmnvs	r5, r0, lsl #2
   8:	01006962 	tsteq	r0, r2, ror #18
   c:	00000024 	andeq	r0, r0, r4, lsr #32
  10:	726f4305 	rsbvc	r4, pc, #335544320	; 0x14000000
  14:	2d786574 	cfldr64cs	mvdx6, [r8, #-464]!	; 0xfffffe30
  18:	0600334d 	streq	r3, [r0], -sp, asr #6
  1c:	094d070a 	stmdbeq	sp, {r1, r3, r8, r9, sl}^
  20:	14041202 	strne	r1, [r4], #-514	; 0xfffffdfe
  24:	17011501 	strne	r1, [r1, -r1, lsl #10]
  28:	1a011803 	bne	4603c <_etext+0x43ba8>
  2c:	Address 0x000000000000002c is out of bounds.


Disassembly of section .comment:

00000000 <.comment>:
   0:	3a434347 	bcc	10d0d24 <_etext+0x10ce890>
   4:	35312820 	ldrcc	r2, [r1, #-2080]!	; 0xfffff7e0
   8:	2e30313a 	mrccs	1, 1, r3, cr0, cr10, {1}
   c:	30322d33 	eorscc	r2, r2, r3, lsr sp
  10:	302e3132 	eorcc	r3, lr, r2, lsr r1
  14:	29342d37 	ldmdbcs	r4!, {r0, r1, r2, r4, r5, r8, sl, fp, sp}
  18:	2e303120 	rsfcssp	f3, f0, f0
  1c:	20312e33 	eorscs	r2, r1, r3, lsr lr
  20:	31323032 	teqcc	r2, r2, lsr r0
  24:	31323630 	teqcc	r2, r0, lsr r6
  28:	65722820 	ldrbvs	r2, [r2, #-2080]!	; 0xfffff7e0
  2c:	7361656c 	cmnvc	r1, #108, 10	; 0x1b000000
  30:	Address 0x0000000000000030 is out of bounds.


Disassembly of section .debug_line:

00000000 <.debug_line>:
       0:	00000034 	andeq	r0, r0, r4, lsr r0
       4:	001d0003 	andseq	r0, sp, r3
       8:	01020000 	mrseq	r0, (UNDEF: 2)
       c:	000d0efb 	strdeq	r0, [sp], -fp
      10:	01010101 	tsteq	r1, r1, lsl #2
      14:	01000000 	mrseq	r0, (UNDEF: 0)
      18:	00010000 	andeq	r0, r1, r0
      1c:	746f6f62 	strbtvc	r6, [pc], #-3938	; 24 <_stext+0x24>
      20:	0000532e 	andeq	r5, r0, lr, lsr #6
      24:	00000000 	andeq	r0, r0, r0
      28:	01d00205 	bicseq	r0, r0, r5, lsl #4
      2c:	18030000 	stmdane	r3, {}	; <UNPREDICTABLE>
      30:	02262101 	eoreq	r2, r6, #1073741824	; 0x40000000
      34:	01010001 	tsteq	r1, r1
      38:	000000ec 	andeq	r0, r0, ip, ror #1
      3c:	008b0003 	addeq	r0, fp, r3
      40:	01020000 	mrseq	r0, (UNDEF: 2)
      44:	000d0efb 	strdeq	r0, [sp], -fp
      48:	01010101 	tsteq	r1, r1, lsl #2
      4c:	01000000 	mrseq	r0, (UNDEF: 0)
      50:	2f010000 	svccs	0x00010000
      54:	2f727375 	svccs	0x00727375
      58:	2f62696c 	svccs	0x0062696c
      5c:	2f636367 	svccs	0x00636367
      60:	2d6d7261 	sfmcs	f7, 2, [sp, #-388]!	; 0xfffffe7c
      64:	656e6f6e 	strbvs	r6, [lr, #-3950]!	; 0xfffff092
      68:	6261652d 	rsbvs	r6, r1, #188743680	; 0xb400000
      6c:	30312f69 	eorscc	r2, r1, r9, ror #30
      70:	312e332e 			; <UNDEFINED> instruction: 0x312e332e
      74:	636e692f 	cmnvs	lr, #770048	; 0xbc000
      78:	6564756c 	strbvs	r7, [r4, #-1388]!	; 0xfffffa94
      7c:	2f2e2e00 	svccs	0x002e2e00
      80:	65657246 	strbvs	r7, [r5, #-582]!	; 0xfffffdba
      84:	534f5452 	movtpl	r5, #62546	; 0xf452
      88:	72654b2d 	rsbvc	r4, r5, #46080	; 0xb400
      8c:	2f6c656e 	svccs	0x006c656e
      90:	74726f70 	ldrbtvc	r6, [r2], #-3952	; 0xfffff090
      94:	656c6261 	strbvs	r6, [ip, #-609]!	; 0xfffffd9f
      98:	4343472f 	movtmi	r4, #14127	; 0x372f
      9c:	4d52412f 	ldfmie	f4, [r2, #-188]	; 0xffffff44
      a0:	334d435f 	movtcc	r4, #54111	; 0xd35f
      a4:	74730000 	ldrbtvc	r0, [r3], #-0
      a8:	2e747261 	cdpcs	2, 7, cr7, cr4, cr1, {3}
      ac:	00000063 	andeq	r0, r0, r3, rrx
      b0:	64747300 	ldrbtvs	r7, [r4], #-768	; 0xfffffd00
      b4:	2e746e69 	cdpcs	14, 7, cr6, cr4, cr9, {3}
      b8:	00010068 	andeq	r0, r1, r8, rrx
      bc:	726f7000 	rsbvc	r7, pc, #0
      c0:	63616d74 	cmnvs	r1, #116, 26	; 0x1d00
      c4:	682e6f72 	stmdavs	lr!, {r1, r4, r5, r6, r8, r9, sl, fp, sp, lr}
      c8:	00000200 	andeq	r0, r0, r0, lsl #4
      cc:	00280500 	eoreq	r0, r8, r0, lsl #10
      d0:	01d80205 	bicseq	r0, r8, r5, lsl #4
      d4:	05150000 	ldreq	r0, [r5, #-0]
      d8:	0a054b12 	beq	152d28 <_etext+0x150894>
      dc:	01040200 	mrseq	r0, R12_usr
      e0:	4d280530 	cfstr32mi	mvfx0, [r8, #-192]!	; 0xffffff40
      e4:	054b1205 	strbeq	r1, [fp, #-517]	; 0xfffffdfb
      e8:	0402000a 	streq	r0, [r2], #-10
      ec:	01053001 	tsteq	r5, r1
      f0:	054a0b03 	strbeq	r0, [sl, #-2819]	; 0xfffff4fd
      f4:	052f3f0f 	streq	r3, [pc, #-3855]!	; fffff1ed <__StackTop+0xdfffd1ed>
      f8:	1605300a 	strne	r3, [r5], -sl
      fc:	3c0d0521 	cfstr32cc	mvfx0, [sp], {33}	; 0x21
     100:	053c1205 	ldreq	r1, [ip, #-517]!	; 0xfffffdfb
     104:	0a052010 	beq	14814c <_etext+0x145cb8>
     108:	4f08051f 	svcmi	0x0008051f
     10c:	052f0a05 	streq	r0, [pc, #-2565]!	; fffff70f <__StackTop+0xdfffd70f>
     110:	1005210d 	andne	r2, r5, sp, lsl #2
     114:	2d0a053c 	cfstr32cs	mvfx0, [sl, #-240]	; 0xffffff10
     118:	bb500f05 	bllt	1403d34 <_etext+0x14018a0>
     11c:	2fbc0505 	svccs	0x00bc0505
     120:	02210105 	eoreq	r0, r1, #1073741825	; 0x40000001
     124:	01010015 	tsteq	r1, r5, lsl r0
     128:	00000059 	andeq	r0, r0, r9, asr r0
     12c:	00260003 	eoreq	r0, r6, r3
     130:	01020000 	mrseq	r0, (UNDEF: 2)
     134:	000d0efb 	strdeq	r0, [sp], -fp
     138:	01010101 	tsteq	r1, r1, lsl #2
     13c:	01000000 	mrseq	r0, (UNDEF: 0)
     140:	00010000 	andeq	r0, r1, r0
     144:	74726f70 	ldrbtvc	r6, [r2], #-3952	; 0xfffff090
     148:	636e7546 	cmnvs	lr, #293601280	; 0x11800000
     14c:	6e6f6974 			; <UNDEFINED> instruction: 0x6e6f6974
     150:	00632e73 	rsbeq	r2, r3, r3, ror lr
     154:	00000000 	andeq	r0, r0, r0
     158:	05000105 	streq	r0, [r0, #-261]	; 0xfffffefb
     15c:	0002a002 	andeq	sl, r2, r2
     160:	14051300 	strne	r1, [r5], #-768	; 0xfffffd00
     164:	2f130567 	svccs	0x00130567
     168:	05300b05 	ldreq	r0, [r0, #-2821]!	; 0xfffff4fb
     16c:	1005220d 	andne	r2, r5, sp, lsl #4
     170:	2f0c053c 	svccs	0x000c053c
     174:	053d0d05 	ldreq	r0, [sp, #-3333]!	; 0xfffff2fb
     178:	0c05380b 	stceq	8, cr3, [r5], {11}
     17c:	21010543 	tstcs	r1, r3, asr #10
     180:	01000502 	tsteq	r0, r2, lsl #10
     184:	000a6401 	andeq	r6, sl, r1, lsl #8
     188:	e7000300 	str	r0, [r0, -r0, lsl #6]
     18c:	02000000 	andeq	r0, r0, #0
     190:	0d0efb01 	vstreq	d15, [lr, #-4]
     194:	01010100 	mrseq	r0, (UNDEF: 17)
     198:	00000001 	andeq	r0, r0, r1
     19c:	01000001 	tsteq	r0, r1
     1a0:	462f2e2e 	strtmi	r2, [pc], -lr, lsr #28
     1a4:	52656572 	rsbpl	r6, r5, #478150656	; 0x1c800000
     1a8:	2d534f54 	ldclcs	15, cr4, [r3, #-336]	; 0xfffffeb0
     1ac:	6e72654b 	cdpvs	5, 7, cr6, cr2, cr11, {2}
     1b0:	2e006c65 	cdpcs	12, 0, cr6, cr0, cr5, {3}
     1b4:	72462f2e 	subvc	r2, r6, #46, 30	; 0xb8
     1b8:	54526565 	ldrbpl	r6, [r2], #-1381	; 0xfffffa9b
     1bc:	4b2d534f 	blmi	b54f00 <_etext+0xb52a6c>
     1c0:	656e7265 	strbvs	r7, [lr, #-613]!	; 0xfffffd9b
     1c4:	6f702f6c 	svcvs	0x00702f6c
     1c8:	62617472 	rsbvs	r7, r1, #1912602624	; 0x72000000
     1cc:	472f656c 	strmi	r6, [pc, -ip, ror #10]!
    b start
     1d0:	412f4343 			; <UNDEFINED> instruction: 0x412f4343
     b .
     1d4:	435f4d52 	cmpmi	pc, #5248	; 0x1480
static void vTask1(void *pvParameters) {
     1d8:	2f00334d 	svccs	0x0000334d
     1dc:	2f727375 	svccs	0x00727375
    volatile int a = 0;
     1e0:	2f62696c 	svccs	0x0062696c
        a++;
     1e4:	2f636367 	svccs	0x00636367
     1e8:	2d6d7261 	sfmcs	f7, 2, [sp, #-388]!	; 0xfffffe7c
static void vTask2(void *pvParameters) {
     1ec:	656e6f6e 	strbvs	r6, [lr, #-3950]!	; 0xfffff092
     1f0:	6261652d 	rsbvs	r6, r1, #188743680	; 0xb400000
    volatile int b = 0;
     1f4:	30312f69 	eorscc	r2, r1, r9, ror #30
        b++;
     1f8:	312e332e 			; <UNDEFINED> instruction: 0x312e332e
     1fc:	636e692f 	cmnvs	lr, #770048	; 0xbc000
{
     200:	6564756c 	strbvs	r7, [r4, #-1388]!	; 0xfffffa94
     204:	2f2e2e00 	svccs	0x002e2e00
    uint32_t *src =&_sidata; //source (flash)
     208:	65657246 	strbvs	r7, [r5, #-582]!	; 0xfffffdba
    uint32_t *dst =&_sdata; //desatination flash (RAM)
     20c:	534f5452 	movtpl	r5, #62546	; 0xf452
        *dst++ = *src++; //copy word and incremtn ptr
     210:	72654b2d 	rsbvc	r4, r5, #46080	; 0xb400
     214:	2f6c656e 	svccs	0x006c656e
     218:	6c636e69 	stclvs	14, cr6, [r3], #-420	; 0xfffffe5c
     21c:	00656475 	rsbeq	r6, r5, r5, ror r4
    while(dst < &_edata){
     220:	73617400 	cmnvc	r1, #0, 8
     224:	632e736b 			; <UNDEFINED> instruction: 0x632e736b
    dst= &_sbss;
     228:	00000100 	andeq	r0, r0, r0, lsl #2
    while(dst < &_ebss){
     22c:	74726f70 	ldrbtvc	r6, [r2], #-3952	; 0xfffff090
        *dst++ = 0;// zero word and increment ptr
     230:	7263616d 	rsbvc	r6, r3, #1073741851	; 0x4000001b
     234:	00682e6f 	rsbeq	r2, r8, pc, ror #28
    while(dst < &_ebss){
     238:	73000002 	movwvc	r0, #2
     23c:	65646474 	strbvs	r6, [r4, #-1140]!	; 0xfffffb8c
    xReturn = xTaskCreate(vTask1, "T1", configMINIMAL_STACK_SIZE, NULL, 1, NULL);
     240:	00682e66 	rsbeq	r2, r8, r6, ror #28
     244:	73000003 	movwvc	r0, #3
     248:	6e696474 	mcrvs	4, 3, r6, cr9, cr4, {3}
     24c:	00682e74 	rsbeq	r2, r8, r4, ror lr
     250:	70000003 	andvc	r0, r0, r3
     254:	646a6f72 	strbtvs	r6, [sl], #-3954	; 0xfffff08e
    xReturn = xTaskCreate(vTask2, "T2", configMINIMAL_STACK_SIZE, NULL, 1, NULL);
     258:	2e736665 	cdpcs	6, 7, cr6, cr3, cr5, {3}
     25c:	00040068 	andeq	r0, r4, r8, rrx
     260:	73696c00 	cmnvc	r9, #0, 24
     264:	00682e74 	rsbeq	r2, r8, r4, ror lr
     268:	74000004 	strvc	r0, [r0], #-4
     26c:	2e6b7361 	cdpcs	3, 6, cr7, cr11, cr1, {3}
    vTaskStartScheduler();
     270:	00040068 	andeq	r0, r4, r8, rrx
    return;
     274:	05050000 	streq	r0, [r5, #-0]
     278:	e0020500 	and	r0, r2, r0, lsl #10
     27c:	03000002 	movweq	r0, #2
     280:	05010ce4 	streq	r0, [r1, #-3300]	; 0xfffff31c
     284:	742c0329 	strtvc	r0, [ip], #-809	; 0xfffffcd7
     288:	05680f05 	strbeq	r0, [r8, #-3845]!	; 0xfffff0fb
     28c:	13054228 	movwne	r4, #21032	; 0x5228
     290:	3e1e054c 	cfmac32cc	mvfx0, mvfx14, mvfx12
     294:	055b2705 	ldrbeq	r2, [fp, #-1797]	; 0xfffff8fb
     298:	1a055015 	bne	1542f4 <_etext+0x151e60>
     29c:	330b054f 	movwcc	r0, #46415	; 0xb54f
{
     2a0:	0a030d05 	beq	c36bc <_etext+0xc1228>
     2a4:	d910053c 	ldmdble	r0, {r2, r3, r4, r5, r8, sl}
     2a8:	03210505 			; <UNDEFINED> instruction: 0x03210505
    unsigned char *ptr = (unsigned char *)dst;
     2ac:	14054a09 	strne	r4, [r5], #-2569	; 0xfffff5f7
    unsigned char val = (unsigned char)value;
     2b0:	ae0b057a 	cfrshl64ge	mvdx11, mvdx10, r0
    while (size >0)
     2b4:	09030d05 	stmdbeq	r3, {r0, r2, r8, sl, fp}
        *ptr++ = val;
     2b8:	3d15053c 	cfldr32cc	mvfx0, [r5, #-240]	; 0xffffff10
     2bc:	41100540 	tstmi	r0, r0, asr #10
        ptr++;
     2c0:	05210505 	streq	r0, [r1, #-1285]!	; 0xfffffafb
     2c4:	4a310301 	bmi	c40ed0 <_etext+0xc3ea3c>
        size--;
     2c8:	21032305 	tstcs	r3, r5, lsl #6
    while (size >0)
     2cc:	2e2c0574 	mcrcs	5, 1, r0, cr12, cr4, {3}
     2d0:	05581605 	ldrbeq	r1, [r8, #-1541]	; 0xfffff9fb
     2d4:	57052f2e 	strpl	r2, [r5, -lr, lsr #30]
     2d8:	2e160520 	cfmul64cs	mvdx0, mvdx6, mvdx0
     2dc:	1c030705 	stcne	7, cr0, [r3], {5}
    {
     2e0:	3e100520 	cfmul64cc	mvdx0, mvdx0, mvdx0
     2e4:	052e0905 	streq	r0, [lr, #-2309]!	; 0xfffff6fb
     2e8:	2705222f 	strcs	r2, [r5, -pc, lsr #4]
     2ec:	6b17054a 	blvs	5c181c <_etext+0x5bf388>
            pxStack = ( StackType_t * ) pvPortMallocStack( ( ( ( size_t ) uxStackDepth ) * sizeof( StackType_t ) ) );
     2f0:	054a0f05 	strbeq	r0, [sl, #-3845]	; 0xfffff0fb
     2f4:	04020053 	streq	r0, [r2], #-83	; 0xffffffad
     2f8:	2e790302 	cdpcs	3, 7, cr0, cr9, cr2, {0}
            if( pxStack != NULL )
     2fc:	02000905 	andeq	r0, r0, #81920	; 0x14000
                pxNewTCB = ( TCB_t * ) pvPortMalloc( sizeof( TCB_t ) );
     300:	053c0104 	ldreq	r0, [ip, #-260]!	; 0xfffffefc
     304:	4a090311 	bmi	240f50 <_etext+0x23eabc>
                if( pxNewTCB != NULL )
     308:	0a033e05 	beq	cfb24 <_etext+0xcd690>
     30c:	03070520 	movweq	r0, #29984	; 0x7520
                    ( void ) memset( ( void * ) pxNewTCB, 0x00, sizeof( TCB_t ) );
     310:	14054a0a 	strne	r4, [r5], #-2570	; 0xfffff5f6
     314:	351a053e 	ldrcc	r0, [sl, #-1342]	; 0xfffffac2
                    pxNewTCB->pxStack = pxStack;
     318:	59430505 	stmdbpl	r3, {r0, r2, r8, sl}^
     31c:	05593f5c 	ldrbeq	r3, [r9, #-3932]	; 0xfffff0a4
                    vPortFreeStack( pxStack );
     320:	00c20326 	sbceq	r0, r2, r6, lsr #6
     324:	6624053c 			; <UNDEFINED> instruction: 0x6624053c
                pxNewTCB = NULL;
     328:	1d030705 	stcne	7, cr0, [r3, #-20]	; 0xffffffec
        if( pxNewTCB != NULL )
     32c:	4018052e 	andsmi	r0, r8, lr, lsr #10
     330:	05420105 	strbeq	r0, [r2, #-261]	; 0xfffffefb
            prvInitialiseNewTask( pxTaskCode, pcName, uxStackDepth, pvParameters, uxPriority, pxCreatedTask, pxNewTCB, NULL );
     334:	09055005 	stmdbeq	r5, {r0, r2, ip, lr}
     338:	3026054d 	eorcc	r0, r6, sp, asr #10
     33c:	053c2405 	ldreq	r2, [ip, #-1029]!	; 0xfffffbfb
     340:	0f05301e 	svceq	0x0005301e
     344:	321e052e 	andscc	r0, lr, #192937984	; 0xb800000
     348:	053e2c05 	ldreq	r2, [lr, #-3077]!	; 0xfffff3fb
     34c:	15052e13 	strne	r2, [r5, #-3603]	; 0xfffff1ed
    }
     350:	03270533 			; <UNDEFINED> instruction: 0x03270533
     354:	13053c0c 	movwne	r3, #23564	; 0x5c0c
    {
     358:	3025052e 	eorcc	r0, r5, lr, lsr #10
     35c:	053c3d05 	ldreq	r3, [ip, #-3333]!	; 0xfffff2fb
     360:	26052e17 			; <UNDEFINED> instruction: 0x26052e17
     364:	03190530 	tsteq	r9, #48, 10	; 0xc000000
        pxNewTCB = prvCreateTask( pxTaskCode, pcName, uxStackDepth, pvParameters, uxPriority, pxCreatedTask );
     368:	0d053c0d 	stceq	12, cr3, [r5, #-52]	; 0xffffffcc
     36c:	05580a03 	ldrbeq	r0, [r8, #-2563]	; 0xfffff5fd
     370:	16410209 	strbne	r0, [r1], -r9, lsl #4
     374:	05301f05 	ldreq	r1, [r0, #-3845]!	; 0xfffff0fb
     378:	0d052e0b 	stceq	14, cr2, [r5, #-44]	; 0xffffffd4
        if( pxNewTCB != NULL )
     37c:	04020032 	streq	r0, [r2], #-50	; 0xffffffce
     380:	05740601 	ldrbeq	r0, [r4, #-1537]!	; 0xfffff9ff
            prvAddNewTaskToReadyList( pxNewTCB );
     384:	05880605 	streq	r0, [r8, #1541]	; 0x605
            xReturn = pdPASS;
     388:	0bc30301 	bleq	ff0c0f94 <__StackTop+0xdf0bef94>
     38c:	10052008 	andne	r2, r5, r8
            xReturn = errCOULD_NOT_ALLOCATE_REQUIRED_MEMORY;
     390:	300a053d 	andcc	r0, sl, sp, lsr r5
        return xReturn;
     394:	05751405 	ldrbeq	r1, [r5, #-1029]!	; 0xfffffbfb
    }
     398:	0505341d 	streq	r3, [r5, #-1053]	; 0xfffffbe3
     39c:	253f052e 	ldrcs	r0, [pc, #-1326]!	; fffffe76 <__StackTop+0xdfffde76>
{
     3a0:	054a2905 	strbeq	r2, [sl, #-2309]	; 0xfffff6fb
     3a4:	0b055a16 	bleq	156c04 <_etext+0x154770>
     3a8:	0187054a 	orreq	r0, r7, sl, asr #10
        pxTopOfStack = &( pxNewTCB->pxStack[ uxStackDepth - ( configSTACK_DEPTH_TYPE ) 1 ] );
     3ac:	02040200 	andeq	r0, r4, #0, 4
     3b0:	052e7903 	streq	r7, [lr, #-2307]!	; 0xfffff6fd
     3b4:	04020005 	streq	r0, [r2], #-5
     3b8:	0d053c01 	stceq	12, cr3, [r5, #-4]
     3bc:	054a0903 	strbeq	r0, [sl, #-2307]	; 0xfffff6fd
        pxTopOfStack = ( StackType_t * ) ( ( ( portPOINTER_SIZE_TYPE ) pxTopOfStack ) & ( ~( ( portPOINTER_SIZE_TYPE ) portBYTE_ALIGNMENT_MASK ) ) );
     3c0:	20090325 	andcs	r0, r9, r5, lsr #6
     3c4:	055b1205 	ldrbeq	r1, [fp, #-517]	; 0xfffffdfb
    if( pcName != NULL )
     3c8:	20052e05 	andcs	r2, r5, r5, lsl #28
        for( x = ( UBaseType_t ) 0; x < ( UBaseType_t ) configMAX_TASK_NAME_LEN; x++ )
     3cc:	03170524 	tsteq	r7, #36, 10	; 0x9000000
     3d0:	052e00ce 	streq	r0, [lr, #-206]!	; 0xffffff32
            pxNewTCB->pcTaskName[ x ] = pcName[ x ];
     3d4:	e40a030b 	str	r0, [sl], #-779	; 0xfffffcf5
     3d8:	02005d05 	andeq	r5, r0, #320	; 0x140
     3dc:	a4030204 	strge	r0, [r3], #-516	; 0xfffffdfc
     3e0:	05053c7f 	streq	r3, [r5, #-3199]	; 0xfffff381
     3e4:	01040200 	mrseq	r0, R12_usr
            if( pcName[ x ] == ( char ) 0x00 )
     3e8:	030d053c 	movweq	r0, #54588	; 0xd53c
     3ec:	054a00de 	strbeq	r0, [sl, #-222]	; 0xffffff22
     3f0:	2017030c 	andscs	r0, r7, ip, lsl #6
        for( x = ( UBaseType_t ) 0; x < ( UBaseType_t ) configMAX_TASK_NAME_LEN; x++ )
     3f4:	b1210105 			; <UNDEFINED> instruction: 0xb1210105
     3f8:	0d030f05 	stceq	15, cr0, [r3, #-20]	; 0xffffffec
     3fc:	0307053c 	movweq	r0, #30012	; 0x753c
                break;
     400:	02043c0f 	andeq	r3, r4, #3840	; 0xf00
        pxNewTCB->pcTaskName[ configMAX_TASK_NAME_LEN - 1U ] = '\0';
     404:	9d030505 	cfstr32ls	mvfx0, [r3, #-20]	; 0xffffffec
     408:	01053c64 	tsteq	r5, r4, ror #24
    if( uxPriority >= ( UBaseType_t ) configMAX_PRIORITIES )
     40c:	05010498 	streq	r0, [r1, #-1176]	; 0xfffffb68
        uxPriority = ( UBaseType_t ) configMAX_PRIORITIES - ( UBaseType_t ) 1U;
     410:	1bf5031e 	blne	ffd41090 <__StackTop+0xdfd3f090>
    pxNewTCB->uxPriority = uxPriority;
     414:	4b1b0520 	blmi	6c189c <_etext+0x6bf408>
     418:	053d1405 	ldreq	r1, [sp, #-1029]!	; 0xfffffbfb
    vListInitialiseItem( &( pxNewTCB->xStateListItem ) );
     41c:	3c130312 	ldccc	3, cr0, [r3], {18}
     420:	17030505 	strne	r0, [r3, -r5, lsl #10]
    vListInitialiseItem( &( pxNewTCB->xEventListItem ) );
     424:	3101052e 	tstcc	r1, lr, lsr #10
     428:	050204cc 	streq	r0, [r2, #-1228]	; 0xfffffb34
     42c:	63d00305 	bicsvs	r0, r0, #335544320	; 0x14000000
    listSET_LIST_ITEM_OWNER( &( pxNewTCB->xStateListItem ), pxNewTCB );
     430:	9801053c 	stmdals	r1, {r2, r3, r4, r5, r8, sl}
    listSET_LIST_ITEM_VALUE( &( pxNewTCB->xEventListItem ), ( TickType_t ) configMAX_PRIORITIES - ( TickType_t ) uxPriority );
     434:	17050104 	strne	r0, [r5, -r4, lsl #2]
     438:	201cc803 	andscs	ip, ip, r3, lsl #16
     43c:	05400505 	strbeq	r0, [r0, #-1285]	; 0xfffffafb
    listSET_LIST_ITEM_OWNER( &( pxNewTCB->xEventListItem ), pxNewTCB );
     440:	056a3101 	strbeq	r3, [sl, #-257]!	; 0xfffffeff
            pxNewTCB->pxTopOfStack = pxPortInitialiseStack( pxTopOfStack, pxTaskCode, pvParameters );
     444:	2e250320 	cdpcs	3, 2, cr0, cr5, cr0, {1}
     448:	053c1e05 	ldreq	r1, [ip, #-3589]!	; 0xfffff1fb
     44c:	01053209 	tsteq	r5, r9, lsl #4
     450:	0100c003 	tsteq	r0, r3
    if( pxCreatedTask != NULL )
     454:	7400c503 	strvc	ip, [r0], #-1283	; 0xfffffafd
     458:	053d0d05 	ldreq	r0, [sp, #-3333]!	; 0xfffff2fb
        *pxCreatedTask = ( TaskHandle_t ) pxNewTCB;
     45c:	09052f10 	stmdbeq	r5, {r4, r8, r9, sl, fp, sp}
}
     460:	052e0d03 	streq	r0, [lr, #-3331]!	; 0xfffff2fd
     464:	2405301e 	strcs	r3, [r5], #-30	; 0xffffffe2
    {
     468:	3c220534 	cfstr32cc	mvfx0, [r2], #-208	; 0xffffff30
     46c:	05312605 	ldreq	r2, [r1, #-1541]!	; 0xfffff9fb
        taskENTER_CRITICAL();
     470:	2c052e0f 	stccs	14, cr2, [r5], {15}
            uxCurrentNumberOfTasks = ( UBaseType_t ) ( uxCurrentNumberOfTasks + 1U );
     474:	2e13053e 	mrccs	5, 0, r0, cr3, cr14, {1}
     478:	05401a05 	strbeq	r1, [r0, #-2565]	; 0xfffff5fb
     47c:	1f052521 	svcne	0x00052521
            if( pxCurrentTCB == NULL )
     480:	2f19052e 	svccs	0x0019052e
     484:	01040200 	mrseq	r0, R12_usr
                pxCurrentTCB = pxNewTCB;
     488:	002e0806 	eoreq	r0, lr, r6, lsl #16
                if( uxCurrentNumberOfTasks == ( UBaseType_t ) 1 )
     48c:	4a030402 	bmi	c149c <_etext+0xbf008>
     490:	03040200 	movweq	r0, #16896	; 0x4200
                    prvInitialiseTaskLists();
     494:	02008306 	andeq	r8, r0, #402653184	; 0x18000000
     498:	00130304 	andseq	r0, r3, r4, lsl #6
                if( xSchedulerRunning == pdFALSE )
     49c:	06010402 	streq	r0, [r1], -r2, lsl #8
     4a0:	02002e08 	andeq	r2, r0, #8, 28	; 0x80
                    if( pxCurrentTCB->uxPriority <= pxNewTCB->uxPriority )
     4a4:	004a0304 	subeq	r0, sl, r4, lsl #6
     4a8:	06030402 	streq	r0, [r3], -r2, lsl #8
     4ac:	00260583 	eoreq	r0, r6, r3, lsl #11
                        pxCurrentTCB = pxNewTCB;
     4b0:	02030402 	andeq	r0, r3, #33554432	; 0x2000000
     4b4:	41051841 	tstmi	r5, r1, asr #16
            uxTaskNumber++;
     4b8:	03040200 	movweq	r0, #16896	; 0x4200
     4bc:	001f052e 	andseq	r0, pc, lr, lsr #10
            prvAddTaskToReadyList( pxNewTCB );
     4c0:	3c030402 	cfstrscc	mvf0, [r3], {2}
     4c4:	05303b05 	ldreq	r3, [r0, #-2821]!	; 0xfffff4fb
     4c8:	586f031c 	stmdapl	pc!, {r2, r3, r4, r8, r9}^	; <UNPREDICTABLE>
     4cc:	052e1a05 	streq	r1, [lr, #-2565]!	; 0xfffff5fb
     4d0:	3c210317 	stccc	3, cr0, [r1], #-92	; 0xffffffa4
     4d4:	05441905 	strbeq	r1, [r4, #-2309]	; 0xfffff6fb
     4d8:	2e0d0324 	cdpcs	3, 0, cr0, cr13, cr4, {1}
     4dc:	053e1b05 	ldreq	r1, [lr, #-2821]!	; 0xfffff4fb
     4e0:	23054025 	movwcs	r4, #20517	; 0x5025
     4e4:	323f053c 	eorscc	r0, pc, #60, 10	; 0xf000000
     4e8:	055f2105 	ldrbeq	r2, [pc, #-261]	; 3eb <prvInitialiseNewTask+0x4d>
     4ec:	2a053d1d 	bcs	14f968 <_etext+0x14d4d4>
     4f0:	4427053e 	strtmi	r0, [r7], #-1342	; 0xfffffac2
     4f4:	054a1705 	strbeq	r1, [sl, #-1797]	; 0xfffff8fb
     4f8:	1d05322d 	sfmne	f3, 4, [r5, #-180]	; 0xffffff4c
     4fc:	03090534 	movweq	r0, #38196	; 0x9534
     500:	0c059e0f 	stceq	14, cr9, [r5], {15}
     504:	21010533 	tstcs	r1, r3, lsr r5
     508:	10055c08 	andne	r5, r5, r8, lsl #24
     50c:	420c0544 	andmi	r0, ip, #68, 10	; 0x11000000
     510:	78210105 	stmdavc	r1!, {r0, r2, r8}
     514:	16031c05 	strne	r1, [r3], -r5, lsl #24
     518:	3011053c 	andscc	r0, r1, ip, lsr r5
     51c:	05420c05 	strbeq	r0, [r2, #-3077]	; 0xfffff3fb
     520:	05782101 	ldrbeq	r2, [r8, #-257]!	; 0xfffffeff
     524:	0105350c 	tsteq	r5, ip, lsl #10
     528:	0d056a2f 	vstreq	s12, [r5, #-188]	; 0xffffff44
     52c:	04020051 	streq	r0, [r2], #-81	; 0xffffffaf
     530:	003c0601 	eorseq	r0, ip, r1, lsl #12
     534:	3c020402 	cfstrscc	mvf0, [r2], {2}
     538:	02000b05 	andeq	r0, r0, #5120	; 0x1400
     53c:	20060404 	andcs	r0, r6, r4, lsl #8
     540:	02000c05 	andeq	r0, r0, #1280	; 0x500
        taskEXIT_CRITICAL();
     544:	05250404 	streq	r0, [r5, #-1028]!	; 0xfffffbfc
        if( xSchedulerRunning != pdFALSE )
     548:	04020001 	streq	r0, [r2], #-1
     54c:	9f032f04 	svcls	0x00032f04
            taskYIELD_ANY_CORE_IF_USING_PREEMPTION( pxNewTCB );
     550:	05058203 	streq	r8, [r5, #-515]	; 0xfffffdfd
     554:	314a0b03 	cmpcc	sl, r3, lsl #22
     558:	05301605 	ldreq	r1, [r0, #-1541]!	; 0xfffff9fb
     55c:	16056805 	strne	r6, [r5], -r5, lsl #16
     560:	400c052f 	andmi	r0, ip, pc, lsr #10
     564:	03210105 			; <UNDEFINED> instruction: 0x03210105
     568:	056600e4 	strbeq	r0, [r6, #-228]!	; 0xffffff1c
    }
     56c:	1e053f10 	mcrne	15, 0, r3, cr5, cr0, {0}
     570:	052e0d03 	streq	r0, [lr, #-3331]!	; 0xfffff2fd
     574:	37052e07 	strcc	r2, [r5, -r7, lsl #28]
     578:	2e1a0540 	cfmac32cs	mvfx0, mvfx10, mvfx0
     57c:	05321405 	ldreq	r1, [r2, #-1029]!	; 0xfffffbfb
     580:	0d053e0b 	stceq	14, cr3, [r5, #-44]	; 0xffffffd4
     584:	031d053e 	tsteq	sp, #260046848	; 0xf800000
     588:	0512080b 	ldreq	r0, [r2, #-2059]	; 0xfffff7f5
     58c:	15052e0b 	strne	r2, [r5, #-3595]	; 0xfffff1f5
{
     590:	3c13054e 	cfldr32cc	mvfx0, [r3], {78}	; 0x4e
     594:	05352a05 	ldreq	r2, [r5, #-2565]!	; 0xfffff5fb
    BaseType_t xReturn = pdPASS;
     598:	1d054b15 	vstrne	d4, [r5, #-84]	; 0xffffffac
    char cIdleName[ configMAX_TASK_NAME_LEN ] = { 0 };
     59c:	05200b03 	streq	r0, [r0, #-2819]!	; 0xfffff4fd
     5a0:	20053c1b 	andcs	r3, r5, fp, lsl ip
     5a4:	3e17052f 	cfmul64cc	mvdx0, mvdx7, mvdx15
    TaskFunction_t pxIdleTaskFunction = NULL;
     5a8:	05512e05 	ldrbeq	r2, [r1, #-3589]	; 0xfffff1fb
    for( xIdleTaskNameIndex = 0U; xIdleTaskNameIndex < ( configMAX_TASK_NAME_LEN - taskRESERVED_TASK_NAME_LENGTH ); xIdleTaskNameIndex++ )
     5ac:	15053d19 	strne	r3, [r5, #-3353]	; 0xfffff2e7
     5b0:	04020028 	streq	r0, [r2], #-40	; 0xffffffd8
        cIdleName[ xIdleTaskNameIndex ] = configIDLE_TASK_NAME[ xIdleTaskNameIndex ];
     5b4:	2e080601 	cfmadd32cs	mvax0, mvfx0, mvfx8, mvfx1
     5b8:	03040200 	movweq	r0, #16896	; 0x4200
     5bc:	0019054a 	andseq	r0, r9, sl, asr #10
     5c0:	06030402 	streq	r0, [r3], -r2, lsl #8
        if( cIdleName[ xIdleTaskNameIndex ] == ( char ) 0x00 )
     5c4:	00170586 	andseq	r0, r7, r6, lsl #11
     5c8:	2e030402 	cdpcs	4, 0, cr0, cr3, cr2, {0}
     5cc:	00301905 	eorseq	r1, r0, r5, lsl #18
    for( xIdleTaskNameIndex = 0U; xIdleTaskNameIndex < ( configMAX_TASK_NAME_LEN - taskRESERVED_TASK_NAME_LENGTH ); xIdleTaskNameIndex++ )
     5d0:	06010402 	streq	r0, [r1], -r2, lsl #8
     5d4:	02002e08 	andeq	r2, r0, #8, 28	; 0x80
     5d8:	054a0304 	strbeq	r0, [sl, #-772]	; 0xfffffcfc
     5dc:	09030615 	stmdbeq	r3, {r0, r2, r4, r9, sl}
    cIdleName[ xIdleTaskNameIndex ] = '\0';
     5e0:	03260582 			; <UNDEFINED> instruction: 0x03260582
     5e4:	01410210 	cmpeq	r1, r0, lsl r2
     5e8:	052e4105 	streq	r4, [lr, #-261]!	; 0xfffffefb
    for( xCoreID = ( BaseType_t ) 0; xCoreID < ( BaseType_t ) configNUMBER_OF_CORES; xCoreID++ )
     5ec:	31053c1f 	tstcc	r5, pc, lsl ip
            pxIdleTaskFunction = &prvIdleTask;
     5f0:	0313053e 	tsteq	r3, #260046848	; 0xf800000
            xReturn = xTaskCreate( pxIdleTaskFunction,
     5f4:	052e7fb9 	streq	r7, [lr, #-4025]!	; 0xfffff047
     5f8:	00e00315 	rsceq	r0, r0, r5, lsl r3
     5fc:	9e130520 	cfmul64ls	mvdx0, mvdx3, mvdx0
     600:	05302505 	ldreq	r2, [r0, #-1285]!	; 0xfffffafb
     604:	2e2f0323 	cdpcs	3, 2, cr0, cr15, cr3, {1}
     608:	052e1305 	streq	r1, [lr, #-773]!	; 0xfffffcfb
     60c:	16053025 	strne	r3, [r5], -r5, lsr #32
     610:	053c2a03 	ldreq	r2, [ip, #-2563]!	; 0xfffff5fd
        if( xReturn != pdPASS )
     614:	580d030c 	stmdapl	sp, {r2, r3, r8, r9}
    for( xCoreID = ( BaseType_t ) 0; xCoreID < ( BaseType_t ) configNUMBER_OF_CORES; xCoreID++ )
     618:	05210105 	streq	r0, [r1, #-261]!	; 0xfffffefb
     61c:	018a0305 	orreq	r0, sl, r5, lsl #6
     620:	22059008 	andcs	r9, r5, #8
     624:	2e0b053f 	mcrcs	5, 0, r0, cr11, cr15, {1}
    return xReturn;
     628:	05322105 	ldreq	r2, [r2, #-261]!	; 0xfffffefb
}
     62c:	00cb0305 	sbceq	r0, fp, r5, lsl #6
     630:	0321053c 			; <UNDEFINED> instruction: 0x0321053c
     634:	05207fb9 	streq	r7, [r0, #-4025]!	; 0xfffff047
     638:	3c2e030d 	stccc	3, cr0, [lr], #-52	; 0xffffffcc
     63c:	09050204 	stmdbeq	r5, {r2, r9}
{
     640:	3c57ff03 	mrrccc	15, 0, pc, r7, cr3	; <UNPREDICTABLE>
     644:	044c1005 	strbeq	r1, [ip], #-5
    xReturn = prvCreateIdleTasks();
     648:	030d0501 	movweq	r0, #54529	; 0xd501
    if( xReturn == pdPASS )
     64c:	002027ff 	strdeq	r2, [r0], -pc	; <UNPREDICTABLE>
     650:	06010402 	streq	r0, [r1], -r2, lsl #8
    __asm volatile
     654:	02005808 	andeq	r5, r0, #8, 16	; 0x80000
     658:	004a0304 	subeq	r0, sl, r4, lsl #6
     65c:	06030402 	streq	r0, [r3], -r2, lsl #8
     660:	0305055e 	movweq	r0, #21854	; 0x555e
}
     664:	01052e13 	tsteq	r5, r3, lsl lr
        xNextTaskUnblockTime = portMAX_DELAY;
     668:	e400ea03 	str	lr, [r0], #-2563	; 0xfffff5fd
     66c:	13032e05 	movwne	r2, #15877	; 0x3e05
        xSchedulerRunning = pdTRUE;
     670:	2e050558 	cfrshl32cs	mvfx5, mvfx8, r0
        xTickCount = ( TickType_t ) configINITIAL_TICK_COUNT;
     674:	4d01055a 	cfstr32mi	mvfx0, [r1, #-360]	; 0xfffffe98
     678:	0305056c 	movweq	r0, #21868	; 0x556c
        ( void ) xPortStartScheduler();
     67c:	086d660c 	stmdaeq	sp!, {r2, r3, r9, sl, sp, lr}^
    ( void ) uxTopUsedPriority;
     680:	4d0105f4 	cfstr32mi	mvfx0, [r1, #-976]	; 0xfffffc30
}
     684:	05742b03 	ldrbeq	r2, [r4, #-2819]!	; 0xfffff4fd
     688:	4a160316 	bmi	5812e8 <_etext+0x57ee54>
     68c:	052e1405 	streq	r1, [lr, #-1029]!	; 0xfffffbfb
     690:	02003005 	andeq	r3, r0, #5
     694:	08060104 	stmdaeq	r6, {r2, r8}
     698:	0402002e 	streq	r0, [r2], #-46	; 0xffffffd2
{
     69c:	1e054a03 	vmlane.f32	s8, s10, s6
     6a0:	03040200 	movweq	r0, #16896	; 0x4200
    __asm volatile
     6a4:	07058406 	streq	r8, [r5, -r6, lsl #8]
     6a8:	03040200 	movweq	r0, #16896	; 0x4200
     6ac:	3009052e 	andcc	r0, r9, lr, lsr #10
     6b0:	01040200 	mrseq	r0, R12_usr
}
     6b4:	002e0806 	eoreq	r0, lr, r6, lsl #16
    xSchedulerRunning = pdFALSE;
     6b8:	4a030402 	bmi	c16c8 <_etext+0xbf234>
    vPortEndScheduler();
     6bc:	03040200 	movweq	r0, #16896	; 0x4200
}
     6c0:	14038306 	strne	r8, [r3], #-774	; 0xfffffcfa
     6c4:	05014202 	streq	r4, [r1, #-514]	; 0xfffffdfe
     6c8:	05b1081b 	ldreq	r0, [r1, #2075]!	; 0x81b
{
     6cc:	0b052e36 	bleq	14bfac <_etext+0x149b18>
        uxSchedulerSuspended = ( UBaseType_t ) ( uxSchedulerSuspended + 1U );
     6d0:	3315053c 	tstcc	r5, #60, 10	; 0xf000000
     6d4:	05322105 	ldreq	r2, [r2, #-261]!	; 0xfffffefb
     6d8:	0c054e15 	stceq	14, cr4, [r5], {21}
}
     6dc:	052e1503 	streq	r1, [lr, #-1283]!	; 0xfffffafd
     6e0:	25082101 	strcs	r2, [r8, #-257]	; 0xfffffeff
     6e4:	0a030505 	beq	c1b00 <_etext+0xbf66c>
{
     6e8:	5f140558 	svcpl	0x00140558
     6ec:	003e0505 	eorseq	r0, lr, r5, lsl #10
    TCB_t * pxTCB = NULL;
     6f0:	06010402 	streq	r0, [r1], -r2, lsl #8
    BaseType_t xAlreadyYielded = pdFALSE;
     6f4:	02002008 	andeq	r2, r0, #8
        taskENTER_CRITICAL();
     6f8:	004a0304 	subeq	r0, sl, r4, lsl #6
            const BaseType_t xCoreID = ( BaseType_t ) portGET_CORE_ID();
     6fc:	06030402 	streq	r0, [r3], -r2, lsl #8
            uxSchedulerSuspended = ( UBaseType_t ) ( uxSchedulerSuspended - 1U );
     700:	00821303 	addeq	r1, r2, r3, lsl #6
     704:	06010402 	streq	r0, [r1], -r2, lsl #8
            if( uxSchedulerSuspended == ( UBaseType_t ) 0U )
     708:	02002e08 	andeq	r2, r0, #8, 28	; 0x80
     70c:	004a0304 	subeq	r0, sl, r4, lsl #6
     710:	06030402 	streq	r0, [r3], -r2, lsl #8
                if( uxCurrentNumberOfTasks > ( UBaseType_t ) 0U )
     714:	001b0583 	andseq	r0, fp, r3, lsl #11
     718:	02030402 	andeq	r0, r3, #33554432	; 0x2000000
                    while( listLIST_IS_EMPTY( &xPendingReadyList ) == pdFALSE )
     71c:	36051641 	strcc	r1, [r5], -r1, asr #12
                        pxTCB = listGET_OWNER_OF_HEAD_ENTRY( ( &xPendingReadyList ) );
     720:	03040200 	movweq	r0, #16896	; 0x4200
     724:	000b052e 	andeq	r0, fp, lr, lsr #10
                        listREMOVE_ITEM( &( pxTCB->xEventListItem ) );
     728:	3c030402 	cfstrscc	mvf0, [r3], {2}
     72c:	05342105 	ldreq	r2, [r4, #-261]!	; 0xfffffefb
     730:	3c120301 	ldccc	3, cr0, [r2], {1}
     734:	4e0505cc 	cfsh32mi	mvfx0, mvfx5, #-20
     738:	05302305 	ldreq	r2, [r0, #-773]!	; 0xfffffcfb
     73c:	05054b24 	streq	r4, [r5, #-2852]	; 0xfffff4dc
     740:	3101054c 	tstcc	r1, ip, asr #10
     744:	4e1f0586 	cdpmi	5, 1, cr0, cr15, cr6, {4}
     748:	054b2005 	strbeq	r2, [fp, #-5]
     74c:	05a34d01 	streq	r4, [r3, #3329]!	; 0xd01
     750:	1a056005 	bne	15876c <_etext+0x1562d8>
     754:	3d440531 	cfstr64cc	mvdx0, [r4, #-196]	; 0xffffff3c
     758:	052e1a05 	streq	r1, [lr, #-2565]!	; 0xfffff5fb
     75c:	3c18032b 	ldccc	3, cr0, [r8], {43}	; 0x2b
     760:	052e1f05 	streq	r1, [lr, #-3845]!	; 0xfffff0fb
                        listREMOVE_ITEM( &( pxTCB->xStateListItem ) );
     764:	5f052e0b 	svcpl	0x00052e0b
     768:	01040200 	mrseq	r0, R12_usr
     76c:	003e052e 	eorseq	r0, lr, lr, lsr #10
     770:	2e010402 	cdpcs	4, 0, cr0, cr1, cr2, {0}
     774:	05431505 	strbeq	r1, [r3, #-1285]	; 0xfffffafb
     778:	21052f1c 	tstcs	r5, ip, lsl pc
     77c:	2e10054c 	cfmac32cs	mvfx0, mvfx0, mvfx12
     780:	053f1c05 	ldreq	r1, [pc, #-3077]!	; fffffb83 <__StackTop+0xdfffdb83>
     784:	1505670d 	strne	r6, [r5, #-1805]	; 0xfffff8f3
     788:	401c053d 	andsmi	r0, ip, sp, lsr r5
     78c:	053d1505 	ldreq	r1, [sp, #-1285]!	; 0xfffffafb
     790:	0c053105 	stfeqs	f3, [r5], {5}
     794:	21010532 	tstcs	r1, r2, lsr r5
     798:	32290594 	eorcc	r0, r9, #148, 10	; 0x25000000
     79c:	033f0105 	teqeq	pc, #1073741825	; 0x40000001
     7a0:	0574018c 	ldrbeq	r0, [r4, #-396]!	; 0xfffffe74
                        prvAddTaskToReadyList( pxTCB );
     7a4:	4a180309 	bmi	6013d0 <_etext+0x5fef3c>
     7a8:	18031105 	stmdane	r3, {r0, r2, r8, ip}
     7ac:	2e0f052e 	cfsh32cs	mvfx0, mvfx15, #30
     7b0:	05301105 	ldreq	r1, [r0, #-261]!	; 0xfffffefb
     7b4:	82660309 	rsbhi	r0, r6, #603979776	; 0x24000000
     7b8:	f2030105 	vrhadd.s8	d0, d3, d5
     7bc:	15056601 	strne	r6, [r5, #-1537]	; 0xfffff9ff
     7c0:	2e05053f 	mcrcs	5, 0, r0, cr5, cr15, {1}
     7c4:	02000905 	andeq	r0, r0, #81920	; 0x14000
     7c8:	05220304 	streq	r0, [r2, #-772]!	; 0xfffffcfc
     7cc:	04020068 	streq	r0, [r2], #-104	; 0xffffff98
     7d0:	05059c03 	streq	r9, [r5, #-3075]	; 0xfffff3fd
     7d4:	01040200 	mrseq	r0, R12_usr
     7d8:	3d3d413c 	ldfccs	f4, [sp, #-240]!	; 0xffffff10
     7dc:	10031705 	andne	r1, r3, r5, lsl #14
     7e0:	3d1f053c 	cfldr32cc	mvfx0, [pc, #-240]	; 6f8 <xTaskResumeAll+0x10>
     7e4:	083d0105 	ldmdaeq	sp!, {r0, r2, r8}
     7e8:	00c80316 	sbceq	r0, r8, r6, lsl r3
     7ec:	02d6032e 	sbcseq	r0, r6, #-1207959552	; 0xb8000000
     7f0:	2f09054a 	svccs	0x0009054a
     7f4:	053c0705 	ldreq	r0, [ip, #-1797]!	; 0xfffff8fb
     7f8:	0105341e 	tsteq	r5, lr, lsl r4
     7fc:	054a0a03 	strbeq	r0, [sl, #-2563]	; 0xfffff5fd
     800:	1e051e20 	cdpne	14, 0, cr1, cr5, cr0, {1}
     804:	3001054a 	andcc	r0, r1, sl, asr #10
     808:	05890905 	streq	r0, [r9, #2309]	; 0x905
     80c:	14054415 	strne	r4, [r5], #-1045	; 0xfffffbeb
     810:	21090540 	tstcs	r9, r0, asr #10
     814:	16030505 	strne	r0, [r3], -r5, lsl #10
     818:	4b160574 	blmi	581df0 <_etext+0x57f95c>
     81c:	05320b05 	ldreq	r0, [r2, #-2821]!	; 0xfffff4fb
     820:	0402002a 	streq	r0, [r2], #-42	; 0xffffffd6
                            if( pxTCB->uxPriority > pxCurrentTCB->uxPriority )
     824:	19053c01 	stmdbne	r5, {r0, sl, fp, ip, sp}
     828:	4410053f 	ldrmi	r0, [r0], #-1343	; 0xfffffac1
     82c:	05210505 	streq	r0, [r1, #-1285]!	; 0xfffffafb
     830:	089f0301 	ldmeq	pc, {r0, r8, r9}	; <UNPREDICTABLE>
                                xYieldPendings[ xCoreID ] = pdTRUE;
     834:	41100582 	tstmi	r0, r2, lsl #11
     838:	052e0e05 	streq	r0, [lr, #-3589]!	; 0xfffff1fb
                    while( listLIST_IS_EMPTY( &xPendingReadyList ) == pdFALSE )
     83c:	0c053205 	sfmeq	f3, 4, [r5], {5}
     840:	21010586 	smlabbcs	r1, r6, r5, r0
     844:	21030505 	tstcs	r3, r5, lsl #10
                    if( pxTCB != NULL )
     848:	68250582 	stmdavs	r5!, {r1, r7, r8, sl}
                        prvResetNextTaskUnblockTime();
     84c:	05361b05 	ldreq	r1, [r6, #-2821]!	; 0xfffff4fb
                        TickType_t xPendedCounts = xPendedTicks; /* Non-volatile copy. */
     850:	0b052e2c 	bleq	14c108 <_etext+0x149c74>
     854:	00480558 	subeq	r0, r8, r8, asr r5
                        if( xPendedCounts > ( TickType_t ) 0U )
     858:	2e010402 	cdpcs	4, 0, cr0, cr1, cr2, {0}
                                if( xTaskIncrementTick() != pdFALSE )
     85c:	05400d05 	strbeq	r0, [r0, #-3333]	; 0xfffff2fb
     860:	25053411 	strcs	r3, [r5, #-1041]	; 0xfffffbef
     864:	2e360531 	mrccs	5, 1, r0, cr6, cr1, {1}
                                    xYieldPendings[ xCoreID ] = pdTRUE;
     868:	05581705 	ldrbeq	r1, [r8, #-1797]	; 0xfffff8fb
     86c:	48053125 	stmdami	r5, {r0, r2, r5, r8, ip, sp}
                                --xPendedCounts;
     870:	5b26052e 	blpl	981d30 <_etext+0x97f89c>
     874:	05351105 	ldreq	r1, [r5, #-261]!	; 0xfffffefb
                            } while( xPendedCounts > ( TickType_t ) 0U );
     878:	15053313 	strne	r3, [r5, #-787]	; 0xfffffced
                            xPendedTicks = 0;
     87c:	511f053f 	tstpl	pc, pc, lsr r5	; <UNPREDICTABLE>
     880:	053f0f05 	ldreq	r0, [pc, #-3845]!	; fffff983 <__StackTop+0xdfffd983>
                    if( xYieldPendings[ xCoreID ] != pdFALSE )
     884:	0402002c 	streq	r0, [r2], #-44	; 0xffffffd4
     888:	11053c01 	tstne	r5, r1, lsl #24
     88c:	8a09053e 	bhi	241d8c <_etext+0x23f8f8>
                            xAlreadyYielded = pdTRUE;
     890:	05312405 	ldreq	r2, [r1, #-1029]!	; 0xfffffbfb
                            taskYIELD_TASK_CORE_IF_USING_PREEMPTION( pxCurrentTCB );
     894:	0f052e16 	svceq	0x00052e16
     898:	3e130568 	cfmsc32cc	mvfx0, mvfx3, mvfx8
     89c:	053e2105 	ldreq	r2, [lr, #-261]!	; 0xfffffefb
     8a0:	21052e46 	tstcs	r5, r6, asr #28
     8a4:	2e510578 	mrccs	5, 2, r0, cr1, cr8, {3}
        taskEXIT_CRITICAL();
     8a8:	052e4605 	streq	r4, [lr, #-1541]!	; 0xfffff9fb
}
     8ac:	3c056019 	stccc	0, cr6, [r5], {25}
     8b0:	5a09052e 	bpl	241d70 <_etext+0x23f8dc>
     8b4:	05321005 	ldreq	r1, [r2, #-5]!
     8b8:	0c032105 	stfeqs	f2, [r3], {5}
     8bc:	752e0582 	strvc	r0, [lr, #-1410]!	; 0xfffffa7e
     8c0:	05361b05 	ldreq	r1, [r6, #-2821]!	; 0xfffff4fb
     8c4:	0b052e2a 	bleq	14c174 <_etext+0x149ce0>
     8c8:	005d0558 	subseq	r0, sp, r8, asr r5
     8cc:	2e010402 	cdpcs	4, 0, cr0, cr1, cr2, {0}
     8d0:	05400d05 	strbeq	r0, [r0, #-3333]	; 0xfffff2fb
     8d4:	25053311 	strcs	r3, [r5, #-785]	; 0xfffffcef
{
     8d8:	2e340531 	mrccs	5, 1, r0, cr4, cr1, {1}
     8dc:	05581705 	ldrbeq	r1, [r8, #-1797]	; 0xfffff8fb
        xTicks = xTickCount;
     8e0:	4d05334a 	stcmi	3, cr3, [r5, #-296]	; 0xfffffed8
    return xTicks;
     8e4:	2e4a0574 	mcrcs	5, 2, r0, cr10, cr4, {3}
}
     8e8:	05692505 	strbeq	r2, [r9, #-1285]!	; 0xfffffafb
     8ec:	26052e48 	strcs	r2, [r5], -r8, asr #28
     8f0:	3511055b 	ldrcc	r0, [r1, #-1371]	; 0xfffffaa5
{
     8f4:	05331305 	ldreq	r1, [r3, #-773]!	; 0xfffffcfb
     8f8:	1f053f15 	svcne	0x00053f15
    uxSavedInterruptStatus = portTICK_TYPE_SET_INTERRUPT_MASK_FROM_ISR();
     8fc:	3f0f0551 	svccc	0x000f0551
        xReturn = xTickCount;
     900:	02002c05 	andeq	r2, r0, #1280	; 0x500
    return xReturn;
     904:	053c0104 	ldreq	r0, [ip, #-260]!	; 0xfffffefc
}
     908:	09053e11 	stmdbeq	r5, {r0, r4, r9, sl, fp, ip, sp}
     90c:	320f058a 	andcc	r0, pc, #578813952	; 0x22800000
     910:	05403505 	strbeq	r3, [r0, #-1285]	; 0xfffffafb
{
     914:	27052e46 	strcs	r2, [r5, -r6, asr #28]
    return uxCurrentNumberOfTasks;
     918:	351d0558 	ldrcc	r0, [sp, #-1368]	; 0xfffffaa8
}
     91c:	052e2c05 	streq	r2, [lr, #-3077]!	; 0xfffff3fb
     920:	1905580f 	stmdbne	r5, {r0, r1, r2, r3, fp, ip, lr}
     924:	42420531 	submi	r0, r2, #205520896	; 0xc400000
{
     928:	05744505 	ldrbeq	r4, [r4, #-1285]!	; 0xfffffafb
     92c:	19052e42 	stmdbne	r5, {r1, r6, r9, sl, fp, sp}
    pxTCB = prvGetTCBFromHandle( xTaskToQuery );
     930:	3c053167 	stfccs	f3, [r5], {103}	; 0x67
     934:	5a09052e 	bpl	241df4 <_etext+0x23f960>
     938:	05321005 	ldreq	r1, [r2, #-5]!
     93c:	0c032105 	stfeqs	f2, [r3], {5}
    return &( pxTCB->pcTaskName[ 0 ] );
     940:	76140590 			; <UNDEFINED> instruction: 0x76140590
}
     944:	05350f05 	ldreq	r0, [r5, #-3845]!	; 0xfffff0fb
     948:	0f053009 	svceq	0x00053009
     94c:	3e470530 	mcrcc	5, 2, r0, cr7, cr0, {1}
     950:	05662f05 	strbeq	r2, [r6, #-3845]!	; 0xfffff0fb
{
     954:	35053123 	strcc	r3, [r5, #-291]	; 0xfffffedd
     958:	680d0568 	stmdavs	sp, {r3, r5, r6, r8, sl}
    vTaskSuspendAll();
     95c:	05f53f05 	ldrbeq	r3, [r5, #3845]!	; 0xf05
    taskENTER_CRITICAL();
     960:	2d05d715 	stccs	7, cr13, [r5, #-84]	; 0xffffffac
        xPendedTicks += xTicksToCatchUp;
     964:	66420523 	strbvs	r0, [r2], -r3, lsr #10
     968:	05751505 	ldrbeq	r1, [r5, #-1285]!	; 0xfffffafb
     96c:	1505233f 	strne	r2, [r5, #-831]	; 0xfffffcc1
    taskEXIT_CRITICAL();
     970:	24170575 	ldrcs	r0, [r7], #-1397	; 0xfffffa8b
    xYieldOccurred = xTaskResumeAll();
     974:	053e4305 	ldreq	r4, [lr, #-773]!	; 0xfffffcfb
     978:	21057c15 	tstcs	r5, r5, lsl ip
}
     97c:	3115051d 	tstcc	r5, sp, lsl r5
     980:	05200f03 	streq	r0, [r0, #-3843]!	; 0xfffff0fd
     984:	1105270f 	tstne	r5, pc, lsl #14
{
     988:	0402003e 	streq	r0, [r2], #-62	; 0xffffffc2
     98c:	2e080601 	cfmadd32cs	mvax0, mvfx0, mvfx8, mvfx1
    BaseType_t xSwitchRequired = pdFALSE;
     990:	03040200 	movweq	r0, #16896	; 0x4200
    if( uxSchedulerSuspended == ( UBaseType_t ) 0U )
     994:	0402004a 	streq	r0, [r2], #-74	; 0xffffffb6
     998:	00830603 	addeq	r0, r3, r3, lsl #12
        const TickType_t xConstTickCount = xTickCount + ( TickType_t ) 1;
     99c:	03030402 	movweq	r0, #13314	; 0x3402
     9a0:	01410217 	cmpeq	r1, r7, lsl r2
        xTickCount = xConstTickCount;
     9a4:	01040200 	mrseq	r0, R12_usr
     9a8:	09057406 	stmdbeq	r5, {r1, r2, sl, ip, sp, lr}
        if( xConstTickCount == ( TickType_t ) 0U )
     9ac:	10058906 	andne	r8, r5, r6, lsl #18
            taskSWITCH_DELAYED_LISTS();
     9b0:	21050532 	tstcs	r5, r2, lsr r5
     9b4:	05c80d03 	strbeq	r0, [r8, #3331]	; 0xd03
     9b8:	0f057714 	svceq	0x00057714
     9bc:	042e1a03 	strteq	r1, [lr], #-2563	; 0xfffff5fd
     9c0:	03050502 	movweq	r0, #21762	; 0x5502
     9c4:	052e4280 	streq	r4, [lr, #-640]!	; 0xfffffd80
     9c8:	ba0c030c 	blt	301600 <_etext+0x2ff16c>
     9cc:	32050104 	andcc	r0, r5, #4, 2
     9d0:	203df903 	eorscs	pc, sp, r3, lsl #18
        if( xConstTickCount >= xNextTaskUnblockTime )
     9d4:	05220f05 	streq	r0, [r2, #-3845]!	; 0xfffff0fb
     9d8:	2f053e47 	svccs	0x00053e47
     9dc:	31230566 			; <UNDEFINED> instruction: 0x31230566
                if( listLIST_IS_EMPTY( pxDelayedTaskList ) != pdFALSE )
     9e0:	05753505 	ldrbeq	r3, [r5, #-1285]!	; 0xfffffafb
     9e4:	3f05680d 	svccc	0x0005680d
                    xNextTaskUnblockTime = portMAX_DELAY;
     9e8:	15051508 	strne	r1, [r5, #-1288]	; 0xfffffaf8
     9ec:	232d05d7 			; <UNDEFINED> instruction: 0x232d05d7
                    break;
     9f0:	05664205 	strbeq	r4, [r6, #-517]!	; 0xfffffdfb
                    pxTCB = listGET_OWNER_OF_HEAD_ENTRY( pxDelayedTaskList );
     9f4:	3f057515 	svccc	0x00057515
     9f8:	75150523 	ldrvc	r0, [r5, #-1315]	; 0xfffffadd
                    xItemValue = listGET_LIST_ITEM_VALUE( &( pxTCB->xStateListItem ) );
     9fc:	05241705 	streq	r1, [r4, #-1797]!	; 0xfffff8fb
     a00:	15054c43 	strne	r4, [r5, #-3139]	; 0xfffff3bd
                    if( xConstTickCount < xItemValue )
     a04:	1d21057c 	cfstr32ne	mvfx0, [r1, #-496]!	; 0xfffffe10
     a08:	03311505 	teqeq	r1, #20971520	; 0x1400000
                        xNextTaskUnblockTime = xItemValue;
     a0c:	0f05200e 	svceq	0x0005200e
                        break;
     a10:	5d2a0527 	cfstr32pl	mvfx0, [sl, #-156]!	; 0xffffff64
                    listREMOVE_ITEM( &( pxTCB->xStateListItem ) );
     a14:	052e1305 	streq	r1, [lr, #-773]!	; 0xfffffcfb
     a18:	02003015 	andeq	r3, r0, #21
     a1c:	08060104 	stmdaeq	r6, {r2, r8}
     a20:	0402002e 	streq	r0, [r2], #-46	; 0xffffffd2
     a24:	02004a03 	andeq	r4, r0, #12288	; 0x3000
     a28:	83060304 	movwhi	r0, #25348	; 0x6304
     a2c:	42021603 	andmi	r1, r2, #3145728	; 0x300000
     a30:	081e0501 	ldmdaeq	lr, {r0, r8, sl}
     a34:	2e3905b1 	mrccs	5, 1, r0, cr9, cr1, {5}
     a38:	053c1705 	ldreq	r1, [ip, #-1797]!	; 0xfffff8fb
     a3c:	3805321b 	stmdacc	r5, {r0, r1, r3, r4, r9, ip, sp}
     a40:	422d053e 	eormi	r0, sp, #260046848	; 0xf800000
     a44:	05050204 	streq	r0, [r5, #-516]	; 0xfffffdfc
     a48:	5841a503 	stmdapl	r1, {r0, r1, r8, sl, sp, pc}^
     a4c:	04400105 	strbeq	r0, [r0], #-261	; 0xfffffefb
                    if( listLIST_ITEM_CONTAINER( &( pxTCB->xEventListItem ) ) != NULL )
     a50:	03100501 	tsteq	r0, #4194304	; 0x400000
     a54:	05203ef5 	streq	r3, [r0, #-3829]!	; 0xfffff10b
                        listREMOVE_ITEM( &( pxTCB->xEventListItem ) );
     a58:	0a032105 	beq	c8e74 <_etext+0xc69e0>
     a5c:	0f052008 	svceq	0x00052008
     a60:	04661c03 	strbteq	r1, [r6], #-3075	; 0xfffff3fd
     a64:	03050502 	movweq	r0, #21762	; 0x5502
     a68:	052e40ce 	streq	r4, [lr, #-206]!	; 0xffffff32
     a6c:	ba0c030c 	blt	3016a4 <_etext+0x2ff210>
     a70:	32050104 	andcc	r0, r5, #4, 2
     a74:	203fab03 	eorscs	sl, pc, r3, lsl #22
     a78:	05222305 	streq	r2, [r2, #-773]!	; 0xfffffcfb
     a7c:	25057535 	strcs	r7, [r5, #-1333]	; 0xfffffacb
     a80:	663a056a 	ldrtvs	r0, [sl], -sl, ror #10
     a84:	057a0f05 	ldrbeq	r0, [sl, #-3845]!	; 0xfffff0fb
     a88:	13055d2a 	movwne	r5, #23850	; 0x5d2a
     a8c:	3015052e 	andscc	r0, r5, lr, lsr #10
     a90:	01040200 	mrseq	r0, R12_usr
     a94:	002e0806 	eoreq	r0, lr, r6, lsl #16
                    prvAddTaskToReadyList( pxTCB );
     a98:	4a030402 	bmi	c1aa8 <_etext+0xbf614>
     a9c:	03040200 	movweq	r0, #16896	; 0x4200
     aa0:	16038306 	strne	r8, [r3], -r6, lsl #6
     aa4:	05014202 	streq	r4, [r1, #-514]	; 0xfffffdfe
     aa8:	05b1081e 	ldreq	r0, [r1, #2078]!	; 0x81e
     aac:	17052e39 	smladxne	r5, r9, lr, r2
     ab0:	321b053c 	andscc	r0, fp, #60, 10	; 0xf000000
     ab4:	053e3805 	ldreq	r3, [lr, #-2053]!	; 0xfffff7fb
     ab8:	0204422d 	andeq	r4, r4, #-805306366	; 0xd0000002
     abc:	9f030505 	svcls	0x00030505
     ac0:	01055840 	tsteq	r5, r0, asr #16
     ac4:	05010440 	streq	r0, [r1, #-1088]	; 0xfffffbc0
     ac8:	3ffa0305 	svccc	0x00fa0305
     acc:	08090320 	stmdaeq	r9, {r5, r8, r9}
     ad0:	03110520 	tsteq	r1, #32, 10	; 0x8000000
     ad4:	0200580a 	andeq	r5, r0, #655360	; 0xa0000
     ad8:	3c060104 	stfccs	f0, [r6], {4}
     adc:	02040200 	andeq	r0, r4, #0, 4
     ae0:	000f053c 	andeq	r0, pc, ip, lsr r5	; <UNPREDICTABLE>
     ae4:	06040402 	streq	r0, [r4], -r2, lsl #8
     ae8:	00090520 	andeq	r0, r9, r0, lsr #10
     aec:	23040402 	movwcs	r0, #17410	; 0x4402
     af0:	02002505 	andeq	r2, r0, #20971520	; 0x1400000
     af4:	05300404 	ldreq	r0, [r0, #-1028]!	; 0xfffffbfc
     af8:	0402000f 	streq	r0, [r2], #-15
     afc:	38056604 	stmdacc	r5, {r2, r9, sl, sp, lr}
     b00:	67190530 			; <UNDEFINED> instruction: 0x67190530
     b04:	31090540 	tstcc	r9, r0, asr #10
     b08:	05321005 	ldreq	r1, [r2, #-5]!
     b0c:	0a032105 	beq	c8f28 <_etext+0xc6a94>
     b10:	03110574 	tsteq	r1, #116, 10	; 0x1d000000
     b14:	0200660a 	andeq	r6, r0, #10485760	; 0xa00000
                            if( pxTCB->uxPriority > pxCurrentTCB->uxPriority )
     b18:	3c060104 	stfccs	f0, [r6], {4}
     b1c:	02040200 	andeq	r0, r4, #0, 4
     b20:	000f053c 	andeq	r0, pc, ip, lsr r5	; <UNPREDICTABLE>
     b24:	06040402 	streq	r0, [r4], -r2, lsl #8
                                xSwitchRequired = pdTRUE;
     b28:	00090520 	andeq	r0, r9, r0, lsr #10
                if( listLIST_IS_EMPTY( pxDelayedTaskList ) != pdFALSE )
     b2c:	23040402 	movwcs	r0, #17410	; 0x4402
                if( listCURRENT_LIST_LENGTH( &( pxReadyTasksLists[ pxCurrentTCB->uxPriority ] ) ) > 1U )
     b30:	02001605 	andeq	r1, r0, #5242880	; 0x500000
     b34:	05320404 	ldreq	r0, [r2, #-1028]!	; 0xfffffbfc
     b38:	04020036 	streq	r0, [r2], #-54	; 0xffffffca
     b3c:	39057504 	stmdbcc	r5, {r2, r8, sl, ip, sp, lr}
     b40:	04040200 	streq	r0, [r4], #-512	; 0xfffffe00
     b44:	00360566 	eorseq	r0, r6, r6, ror #10
                    xSwitchRequired = pdTRUE;
     b48:	2e040402 	cdpcs	4, 0, cr0, cr4, cr2, {0}
                if( xYieldPendings[ 0 ] != pdFALSE )
     b4c:	02000905 	andeq	r0, r0, #81920	; 0x14000
     b50:	05760404 	ldrbeq	r0, [r6, #-1028]!	; 0xfffffbfc
                    xSwitchRequired = pdTRUE;
     b54:	04020010 	streq	r0, [r2], #-16
        xPendedTicks += 1U;
     b58:	05053204 	streq	r3, [r5, #-516]	; 0xfffffdfc
     b5c:	04040200 	streq	r0, [r4], #-512	; 0xfffffe00
     b60:	03010521 	movweq	r0, #5409	; 0x1521
}
     b64:	057401ad 	ldrbeq	r0, [r4, #-429]!	; 0xfffffe53
     b68:	14055a16 	strne	r5, [r5], #-2582	; 0xfffff5ea
     b6c:	26053d3d 			; <UNDEFINED> instruction: 0x26053d3d
     b70:	053c0d03 	ldreq	r0, [ip, #-3331]!	; 0xfffff2fd
     b74:	07052e09 	streq	r2, [r5, -r9, lsl #28]
     b78:	32090558 	andcc	r0, r9, #88, 10	; 0x16000000
     b7c:	3b031505 	blcc	c5f98 <_etext+0xc3b04>
     b80:	4d0905ba 	cfstr32mi	mvfx0, [r9, #-744]	; 0xfffffd18
     b84:	054c0b05 	strbeq	r0, [ip, #-2821]	; 0xfffff4fb
     b88:	0d054e40 	stceq	14, cr4, [r5, #-256]	; 0xffffff00
     b8c:	0301052e 	movweq	r0, #5422	; 0x152e
     b90:	38055819 	stmdacc	r5, {r0, r3, r4, fp, ip, lr}
     b94:	05206d03 	streq	r6, [r0, #-3331]!	; 0xfffff2fd
    {
     b98:	1d052e0d 	stcne	14, cr2, [r5, #-52]	; 0xffffffcc
     b9c:	2e0f055d 	cfrshl32cs	mvfx15, mvfx13, r0
        if( uxSchedulerSuspended != ( UBaseType_t ) 0U )
     ba0:	053e2605 	ldreq	r2, [lr, #-1541]!	; 0xfffff9fb
     ba4:	3c0c0301 	stccc	3, cr0, [ip], {1}
            xYieldPendings[ 0 ] = pdTRUE;
     ba8:	f200f403 	vshl.s8	d15, d3, d0
    }
     bac:	05421605 	strbeq	r1, [r2, #-1541]	; 0xfffff9fb
            xYieldPendings[ 0 ] = pdFALSE;
     bb0:	3c11031c 	ldccc	3, cr0, [r1], {28}
            taskSELECT_HIGHEST_PRIORITY_TASK();
     bb4:	053d1005 	ldreq	r1, [sp, #-5]!
     bb8:	17053d18 	smladne	r5, r8, sp, r3
        __asm volatile ( "clz %0, %1" : "=r" ( ucReturn ) : "r" ( ulBitmap ) : "memory" );
     bbc:	3d12053d 	cfldr32cc	mvfx0, [r2, #-244]	; 0xffffff0c
     bc0:	2e05053e 	mcrcs	5, 0, r0, cr5, cr14, {1}
     bc4:	02002305 	andeq	r2, r0, #335544320	; 0x14000000
     bc8:	05220304 	streq	r0, [r2, #-772]!	; 0xfffffcfc
     bcc:	0402003f 	streq	r0, [r2], #-63	; 0xffffffc1
     bd0:	05055603 	streq	r5, [r5, #-1539]	; 0xfffff9fd
     bd4:	01040200 	mrseq	r0, R12_usr
     bd8:	4115053c 	tstmi	r5, ip, lsr r5
     bdc:	053d1205 	ldreq	r1, [sp, #-517]!	; 0xfffffdfb
     be0:	053e3d1a 	ldreq	r3, [lr, #-3354]!	; 0xfffff2e6
     be4:	3c0b0301 	stccc	3, cr0, [fp], {1}
     be8:	01001b02 	tsteq	r0, r2, lsl #22
     bec:	0001ac01 	andeq	sl, r1, r1, lsl #24
     bf0:	c2000300 	andgt	r0, r0, #0, 6
     bf4:	02000000 	andeq	r0, r0, #0
     bf8:	0d0efb01 	vstreq	d15, [lr, #-4]
     bfc:	01010100 	mrseq	r0, (UNDEF: 17)
     c00:	00000001 	andeq	r0, r0, r1
            portTASK_SWITCH_HOOK( pxCurrentTCB );
     c04:	01000001 	tsteq	r0, r1
    }
     c08:	462f2e2e 	strtmi	r2, [pc], -lr, lsr #28
     c0c:	52656572 	rsbpl	r6, r5, #478150656	; 0x1c800000
     c10:	2d534f54 	ldclcs	15, cr4, [r3, #-336]	; 0xfffffeb0
     c14:	6e72654b 	cdpvs	5, 7, cr6, cr2, cr11, {2}
     c18:	2f006c65 	svccs	0x00006c65
     c1c:	2f727375 	svccs	0x00727375
     c20:	2f62696c 	svccs	0x0062696c
{
     c24:	2f636367 	svccs	0x00636367
     c28:	2d6d7261 	sfmcs	f7, 2, [sp, #-388]!	; 0xfffffe7c
     c2c:	656e6f6e 	strbvs	r6, [lr, #-3950]!	; 0xfffff092
    vListInsert( pxEventList, &( pxCurrentTCB->xEventListItem ) );
     c30:	6261652d 	rsbvs	r6, r1, #188743680	; 0xb400000
     c34:	30312f69 	eorscc	r2, r1, r9, ror #30
     c38:	312e332e 			; <UNDEFINED> instruction: 0x312e332e
    prvAddCurrentTaskToDelayedList( xTicksToWait, pdTRUE );
     c3c:	636e692f 	cmnvs	lr, #770048	; 0xbc000
     c40:	6564756c 	strbvs	r7, [r4, #-1388]!	; 0xfffffa94
}
     c44:	2f2e2e00 	svccs	0x002e2e00
     c48:	65657246 	strbvs	r7, [r5, #-582]!	; 0xfffffdba
     c4c:	534f5452 	movtpl	r5, #62546	; 0xf452
{
     c50:	72654b2d 	rsbvc	r4, r5, #46080	; 0xb400
     c54:	2f6c656e 	svccs	0x006c656e
     c58:	74726f70 	ldrbtvc	r6, [r2], #-3952	; 0xfffff090
    listSET_LIST_ITEM_VALUE( &( pxCurrentTCB->xEventListItem ), xItemValue | taskEVENT_LIST_ITEM_VALUE_IN_USE );
     c5c:	656c6261 	strbvs	r6, [ip, #-609]!	; 0xfffffd9f
     c60:	4343472f 	movtmi	r4, #14127	; 0x372f
     c64:	4d52412f 	ldfmie	f4, [r2, #-188]	; 0xffffff44
    listINSERT_END( pxEventList, &( pxCurrentTCB->xEventListItem ) );
     c68:	334d435f 	movtcc	r4, #54111	; 0xd35f
     c6c:	2f2e2e00 	svccs	0x002e2e00
     c70:	65657246 	strbvs	r7, [r5, #-582]!	; 0xfffffdba
     c74:	534f5452 	movtpl	r5, #62546	; 0xf452
     c78:	72654b2d 	rsbvc	r4, r5, #46080	; 0xb400
     c7c:	2f6c656e 	svccs	0x006c656e
     c80:	6c636e69 	stclvs	14, cr6, [r3], #-420	; 0xfffffe5c
     c84:	00656475 	rsbeq	r6, r5, r5, ror r4
     c88:	73696c00 	cmnvc	r9, #0, 24
     c8c:	00632e74 	rsbeq	r2, r3, r4, ror lr
     c90:	73000001 	movwvc	r0, #1
     c94:	6e696474 	mcrvs	4, 3, r6, cr9, cr4, {3}
     c98:	00682e74 	rsbeq	r2, r8, r4, ror lr
     c9c:	70000002 	andvc	r0, r0, r2
     ca0:	6d74726f 	lfmvs	f7, 2, [r4, #-444]!	; 0xfffffe44
     ca4:	6f726361 	svcvs	0x00726361
     ca8:	0300682e 	movweq	r6, #2094	; 0x82e
    prvAddCurrentTaskToDelayedList( xTicksToWait, pdTRUE );
     cac:	696c0000 	stmdbvs	ip!, {}^	; <UNPREDICTABLE>
     cb0:	682e7473 	stmdavs	lr!, {r0, r1, r4, r5, r6, sl, ip, sp, lr}
}
     cb4:	00000400 	andeq	r0, r0, r0, lsl #8
     cb8:	00010500 	andeq	r0, r1, r0, lsl #10
     cbc:	1bd00205 	blne	ff4014d8 <__StackTop+0xdf3ff4d8>
{
     cc0:	31030000 	mrscc	r0, (UNDEF: 3)
     cc4:	50280501 	eorpl	r0, r8, r1, lsl #10
    pxUnblockedTCB = listGET_OWNER_OF_HEAD_ENTRY( pxEventList );
     cc8:	053c1505 	ldreq	r1, [ip, #-1285]!	; 0xfffffafb
     ccc:	30053421 	andcc	r3, r5, r1, lsr #8
    listREMOVE_ITEM( &( pxUnblockedTCB->xEventListItem ) );
     cd0:	3c1d054e 	cfldr32cc	mvfx0, [sp], {78}	; 0x4e
     cd4:	052f3405 	streq	r3, [pc, #-1029]!	; 8d7 <xTaskResumeAll+0x1ef>
     cd8:	1d053c21 	stcne	12, cr3, [r5, #-132]	; 0xffffff7c
     cdc:	052e0b03 	streq	r0, [lr, #-2819]!	; 0xfffff4fd
     ce0:	055c4401 	ldrbeq	r4, [ip, #-1025]	; 0xfffffbff
     ce4:	01054e19 	tsteq	r5, r9, lsl lr
     ce8:	18055d44 	stmdane	r5, {r2, r6, r8, sl, fp, ip, lr}
     cec:	031b0559 	tsteq	fp, #373293056	; 0x16400000
     cf0:	28053c0d 	stmdacs	r5, {r0, r2, r3, sl, fp, ip, sp}
     cf4:	2e1f053d 	mrccs	5, 0, r0, cr15, cr13, {1}
     cf8:	05330c05 	ldreq	r0, [r3, #-3077]!	; 0xfffff3fb
     cfc:	19052e21 	stmdbne	r5, {r0, r5, r9, sl, fp, sp}
     d00:	3f20052f 	svccc	0x0020052f
     d04:	053e3b05 	ldreq	r3, [lr, #-2821]!	; 0xfffff4fb
     d08:	21052e23 	tstcs	r5, r3, lsr #28
     d0c:	31010520 	tstcc	r1, r0, lsr #10
    if( uxSchedulerSuspended == ( UBaseType_t ) 0U )
     d10:	5a16055d 	bpl	58228c <_etext+0x57fdf8>
     d14:	12030705 	andne	r0, r3, #1310720	; 0x140000
        listREMOVE_ITEM( &( pxUnblockedTCB->xStateListItem ) );
     d18:	4c14053c 	cfldr32mi	mvfx0, [r4], {60}	; 0x3c
     d1c:	1d031905 	vstrne.16	s2, [r3, #-10]	; <UNPREDICTABLE>
     d20:	3c09054a 	cfstr32cc	mvfx0, [r9], {74}	; 0x4a
     d24:	00018305 	andeq	r8, r1, r5, lsl #6
     d28:	20030402 	andcs	r0, r3, r2, lsl #8
     d2c:	02004d05 	andeq	r4, r0, #320	; 0x140
     d30:	053c0104 	ldreq	r0, [ip, #-260]!	; 0xfffffefc
     d34:	04020055 	streq	r0, [r2], #-85	; 0xffffffab
     d38:	09052e01 	stmdbeq	r5, {r0, r9, sl, fp, sp}
     d3c:	01040200 	mrseq	r0, R12_usr
     d40:	03270520 			; <UNDEFINED> instruction: 0x03270520
     d44:	1b053c09 	blne	14fd70 <_etext+0x14d8dc>
     d48:	2f12052e 	svccs	0x0012052e
     d4c:	052e2705 	streq	r2, [lr, #-1797]!	; 0xfffff8fb
     d50:	18052f1f 	stmdane	r5, {r0, r1, r2, r3, r4, r8, r9, sl, fp, sp}
        prvAddTaskToReadyList( pxUnblockedTCB );
     d54:	4020053d 	eormi	r0, r0, sp, lsr r5
     d58:	053e3b05 	ldreq	r3, [lr, #-2821]!	; 0xfffff4fb
     d5c:	21052e23 	tstcs	r5, r3, lsr #28
     d60:	31010520 	tstcc	r1, r0, lsr #10
     d64:	4d14055d 	cfldr32mi	mvfx0, [r4, #-372]	; 0xfffffe8c
     d68:	05401305 	strbeq	r1, [r0, #-773]	; 0xfffffcfb
     d6c:	28052e38 	stmdacs	r5, {r3, r4, r5, r9, sl, fp, sp}
     d70:	2113052e 	tstcs	r3, lr, lsr #10
     d74:	052e3805 	streq	r3, [lr, #-2053]!	; 0xfffff7fb
     d78:	0f052e28 	svceq	0x00052e28
     d7c:	2e070526 	cfsh32cs	mvfx0, mvfx7, #22
     d80:	053e2905 	ldreq	r2, [lr, #-2309]!	; 0xfffff6fb
     d84:	21052e19 	tstcs	r5, r9, lsl lr
     d88:	3d3b0535 	cfldr32cc	mvfx0, [fp, #-212]!	; 0xffffff2c
     d8c:	052e2305 	streq	r2, [lr, #-773]!	; 0xfffffcfb
     d90:	12052021 	andne	r2, r5, #33	; 0x21
     d94:	2f010532 	svccs	0x00010532
     d98:	01000502 	tsteq	r0, r2, lsl #10
     d9c:	00035001 	andeq	r5, r3, r1
     da0:	ae000300 	cdpge	3, 0, cr0, cr0, cr0, {0}
     da4:	02000000 	andeq	r0, r0, #0
     da8:	0d0efb01 	vstreq	d15, [lr, #-4]
     dac:	01010100 	mrseq	r0, (UNDEF: 17)
     db0:	00000001 	andeq	r0, r0, r1
     db4:	01000001 	tsteq	r0, r1
     db8:	462f2e2e 	strtmi	r2, [pc], -lr, lsr #28
     dbc:	52656572 	rsbpl	r6, r5, #478150656	; 0x1c800000
     dc0:	2d534f54 	ldclcs	15, cr4, [r3, #-336]	; 0xfffffeb0
     dc4:	6e72654b 	cdpvs	5, 7, cr6, cr2, cr11, {2}
     dc8:	702f6c65 	eorvc	r6, pc, r5, ror #24
     dcc:	6174726f 	cmnvs	r4, pc, ror #4
     dd0:	2f656c62 	svccs	0x00656c62
     dd4:	4d6d654d 	cfstr64mi	mvdx6, [sp, #-308]!	; 0xfffffecc
        listINSERT_END( &( xPendingReadyList ), &( pxUnblockedTCB->xEventListItem ) );
     dd8:	00676e61 	rsbeq	r6, r7, r1, ror #28
     ddc:	7273752f 	rsbsvc	r7, r3, #197132288	; 0xbc00000
     de0:	62696c2f 	rsbvs	r6, r9, #12032	; 0x2f00
     de4:	6363672f 	cmnvs	r3, #12320768	; 0xbc0000
     de8:	6d72612f 	ldfvse	f6, [r2, #-188]!	; 0xffffff44
     dec:	6e6f6e2d 	cdpvs	14, 6, cr6, cr15, cr13, {1}
     df0:	61652d65 	cmnvs	r5, r5, ror #26
     df4:	312f6962 			; <UNDEFINED> instruction: 0x312f6962
     df8:	2e332e30 	mrccs	14, 1, r2, cr3, cr0, {1}
     dfc:	6e692f31 	mcrvs	15, 3, r2, cr9, cr1, {1}
     e00:	64756c63 	ldrbtvs	r6, [r5], #-3171	; 0xfffff39d
     e04:	2e2e0065 	cdpcs	0, 2, cr0, cr14, cr5, {3}
     e08:	6572462f 	ldrbvs	r4, [r2, #-1583]!	; 0xfffff9d1
     e0c:	4f545265 	svcmi	0x00545265
        if( pxUnblockedTCB->uxPriority > pxCurrentTCB->uxPriority )
     e10:	654b2d53 	strbvs	r2, [fp, #-3411]	; 0xfffff2ad
     e14:	6c656e72 	stclvs	14, cr6, [r5], #-456	; 0xfffffe38
     e18:	636e692f 	cmnvs	lr, #770048	; 0xbc000
     e1c:	6564756c 	strbvs	r7, [r4, #-1388]!	; 0xfffffa94
            xReturn = pdTRUE;
     e20:	65680000 	strbvs	r0, [r8, #-0]!
            xYieldPendings[ 0 ] = pdTRUE;
     e24:	345f7061 	ldrbcc	r7, [pc], #-97	; e2c <xTaskRemoveFromEventList+0x16c>
     e28:	0100632e 	tsteq	r0, lr, lsr #6
            xReturn = pdFALSE;
     e2c:	74730000 	ldrbtvc	r0, [r3], #-0
}
     e30:	66656464 	strbtvs	r6, [r5], -r4, ror #8
     e34:	0200682e 	andeq	r6, r0, #3014656	; 0x2e0000
     e38:	74730000 	ldrbtvc	r0, [r3], #-0
     e3c:	746e6964 	strbtvc	r6, [lr], #-2404	; 0xfffff69c
     e40:	0200682e 	andeq	r6, r0, #3014656	; 0x2e0000
     e44:	6f700000 	svcvs	0x00700000
     e48:	62617472 	rsbvs	r7, r1, #1912602624	; 0x72000000
     e4c:	682e656c 	stmdavs	lr!, {r2, r3, r5, r6, r8, sl, sp, lr}
     e50:	00000300 	andeq	r0, r0, r0, lsl #6
{
     e54:	00010500 	andeq	r0, r1, r0, lsl #10
     e58:	1d300205 	lfmne	f0, 4, [r0, #-20]!	; 0xffffffec
     e5c:	ad030000 	stcge	0, cr0, [r3, #-0]
    listSET_LIST_ITEM_VALUE( pxEventListItem, xItemValue | taskEVENT_LIST_ITEM_VALUE_IN_USE );
     e60:	0c050101 	stfeqs	f0, [r5], {1}
     e64:	0705304e 	streq	r3, [r5, -lr, asr #32]
    pxUnblockedTCB = listGET_LIST_ITEM_OWNER( pxEventListItem );
     e68:	400d0530 	andmi	r0, sp, r0, lsr r5
     e6c:	052e0b05 	streq	r0, [lr, #-2821]!	; 0xfffff4fb
    listREMOVE_ITEM( pxEventListItem );
     e70:	1f053e19 	svcne	0x00053e19
     e74:	3c0f054e 	cfstr32cc	mvfx0, [pc], {78}	; 0x4e
     e78:	05314e05 	ldreq	r4, [r1, #-3589]!	; 0xfffff1fb
     e7c:	15053c29 	strne	r3, [r5, #-3113]	; 0xfffff3d7
     e80:	2e13053e 	mrccs	5, 0, r0, cr3, cr14, {1}
     e84:	5c3e2105 	ldfpls	f2, [lr], #-20	; 0xffffffec
     e88:	0a031905 	beq	c72a4 <_etext+0xc4e10>
     e8c:	3605053c 			; <UNDEFINED> instruction: 0x3605053c
     e90:	05321305 	ldreq	r1, [r2, #-773]!	; 0xfffffcfb
     e94:	0d052e0b 	stceq	14, cr2, [r5, #-44]	; 0xffffffd4
     e98:	2e0b0330 	mcrcs	3, 0, r0, cr11, cr0, {1}
     e9c:	05200b05 	streq	r0, [r0, #-2821]!	; 0xfffff4fb
     ea0:	3605300f 	strcc	r3, [r5], -pc
     ea4:	01040200 	mrseq	r0, R12_usr
     ea8:	0025053c 	eoreq	r0, r5, ip, lsr r5
    listREMOVE_ITEM( &( pxUnblockedTCB->xStateListItem ) );
     eac:	2e010402 	cdpcs	4, 0, cr0, cr1, cr2, {0}
     eb0:	05402105 	strbeq	r2, [r0, #-261]	; 0xfffffefb
     eb4:	16052f19 			; <UNDEFINED> instruction: 0x16052f19
     eb8:	2225053f 	eorcs	r0, r5, #264241152	; 0xfc00000
     ebc:	052f1d05 	streq	r1, [pc, #-3333]!	; 1bf <_stext+0x1bf>
     ec0:	16053921 	strne	r3, [r5], -r1, lsr #18
     ec4:	004a052e 	subeq	r0, sl, lr, lsr #10
     ec8:	3c010402 	cfstrscc	mvf0, [r1], {2}
     ecc:	02003e05 	andeq	r3, r0, #5, 28	; 0x50
     ed0:	052e0104 	streq	r0, [lr, #-260]!	; 0xfffffefc
     ed4:	2e09031d 	mcrcs	3, 0, r0, cr9, cr13, {0}
     ed8:	052e1305 	streq	r1, [lr, #-773]!	; 0xfffffcfb
     edc:	2005403d 	andcs	r4, r5, sp, lsr r0
     ee0:	201e052e 	andscs	r0, lr, lr, lsr #10
     ee4:	05333f05 	ldreq	r3, [r3, #-3845]!	; 0xfffff0fb
    prvAddTaskToReadyList( pxUnblockedTCB );
     ee8:	22052e36 	andcs	r2, r5, #864	; 0x360
     eec:	2e2f0534 	mcrcs	5, 1, r0, cr15, cr4, {1}
     ef0:	052e4105 	streq	r4, [lr, #-261]!	; 0xfffffefb
     ef4:	28052e17 	stmdacs	r5, {r0, r1, r2, r4, r9, sl, fp, sp}
     ef8:	4f3d0534 	svcmi	0x003d0534
     efc:	052e4a05 	streq	r4, [lr, #-2565]!	; 0xfffff5fb
     f00:	2d052e34 	stccs	14, cr2, [r5, #-208]	; 0xffffff30
     f04:	3f4a052f 	svccc	0x004a052f
     f08:	052e3905 	streq	r3, [lr, #-2309]!	; 0xfffff6fb
     f0c:	29052f3a 	stmdbcs	r5, {r1, r3, r4, r5, r8, r9, sl, fp, sp}
     f10:	2e330543 	cdpcs	5, 3, cr0, cr3, cr3, {2}
     f14:	052e2905 	streq	r2, [lr, #-2309]!	; 0xfffff6fb
     f18:	17053e2d 	strne	r3, [r5, -sp, lsr #28]
     f1c:	3038054a 	eorscc	r0, r8, sl, asr #10
     f20:	05512905 	ldrbeq	r2, [r1, #-2309]	; 0xfffff6fb
     f24:	2e054015 	mcrcs	0, 0, r4, cr5, cr5, {0}
     f28:	3d330567 	cfldr32cc	mvfx0, [r3, #-412]!	; 0xfffffe64
     f2c:	16030e05 	strne	r0, [r3], -r5, lsl #28
     f30:	030c0558 	movweq	r0, #50520	; 0xc558
     f34:	01052e10 	tsteq	r5, r0, lsl lr
     f38:	0f05da21 	svceq	0x0005da21
     f3c:	3107054b 	tstcc	r7, fp, asr #10
     f40:	05400d05 	strbeq	r0, [r0, #-3333]	; 0xfffff2fb
     f44:	0d055b10 	vstreq	d5, [r5, #-64]	; 0xffffffc0
     f48:	2e2e0534 	mcrcs	5, 1, r0, cr14, cr4, {1}
     f4c:	054a0b05 	strbeq	r0, [sl, #-2821]	; 0xfffff4fb
     f50:	0f053017 	svceq	0x00053017
     f54:	3211052e 	andscc	r0, r1, #192937984	; 0xb800000
     f58:	05660c03 	strbeq	r0, [r6, #-3075]!	; 0xfffff3fd
     f5c:	29053132 	stmdbcs	r5, {r1, r4, r5, r8, ip, sp}
     f60:	5a15052e 	bpl	542420 <_etext+0x53ff8c>
     f64:	053d2d05 	ldreq	r2, [sp, #-3333]!	; 0xfffff2fb
     f68:	01055a1a 	tsteq	r5, sl, lsl sl
        if( pxUnblockedTCB->uxPriority > pxCurrentTCB->uxPriority )
     f6c:	942e0c03 	strtls	r0, [lr], #-3075	; 0xfffff3fd
     f70:	052f0c05 	streq	r0, [pc, #-3077]!	; 373 <xTaskCreate+0x1b>
     f74:	056a2f01 	strbeq	r2, [sl, #-3841]!	; 0xfffff0ff
            xYieldPendings[ 0 ] = pdTRUE;
     f78:	01052f0c 	tsteq	r5, ip, lsl #30
     f7c:	24056a2f 	strcs	r6, [r5], #-2607	; 0xfffff5d1
}
     f80:	4b01052f 	blmi	42444 <_etext+0x3ffb0>
     f84:	054f3086 	strbeq	r3, [pc, #-134]	; f06 <vTaskRemoveFromUnorderedEventList+0xb2>
     f88:	0905590c 	stmdbeq	r5, {r2, r3, r8, fp, ip, lr}
     f8c:	04020030 	streq	r0, [r2], #-48	; 0xffffffd0
     f90:	003c0601 	eorseq	r0, ip, r1, lsl #12
     f94:	82030402 	andhi	r0, r3, #33554432	; 0x2000000
{
     f98:	04040200 	streq	r0, [r4], #-512	; 0xfffffe00
     f9c:	0007052e 	andeq	r0, r7, lr, lsr #10
    taskENTER_CRITICAL();
     fa0:	06060402 	streq	r0, [r6], -r2, lsl #8
        pxTimeOut->xOverflowCount = xNumOfOverflows;
     fa4:	300e0520 	andcc	r0, lr, r0, lsr #10
     fa8:	05840b05 	streq	r0, [r4, #2821]	; 0xb05
        pxTimeOut->xTimeOnEntering = xTickCount;
     fac:	0c053e16 	stceq	14, cr3, [r5], {22}
     fb0:	21010594 			; <UNDEFINED> instruction: 0x21010594
    taskEXIT_CRITICAL();
     fb4:	3f0c054e 	svccc	0x000c054e
}
     fb8:	053f1405 	ldreq	r1, [pc, #-1029]!	; bbb <vTaskSwitchContext+0x23>
     fbc:	0705301a 	smladeq	r5, sl, r0, r3
     fc0:	3018053c 	andscc	r0, r8, ip, lsr r5
     fc4:	1e054b3d 	vmovne.16	d5[0], r4
{
     fc8:	05660b03 	strbeq	r0, [r6, #-2819]!	; 0xfffff4fd
     fcc:	1705201c 	smladne	r5, ip, r0, r2
    pxTimeOut->xOverflowCount = xNumOfOverflows;
     fd0:	4012052f 	andsmi	r0, r2, pc, lsr #10
     fd4:	054b1505 	strbeq	r1, [fp, #-1285]	; 0xfffffafb
    pxTimeOut->xTimeOnEntering = xTickCount;
     fd8:	053d2012 	ldreq	r2, [sp, #-18]!	; 0xffffffee
     fdc:	0b054b0d 	bleq	153c18 <_etext+0x151784>
}
     fe0:	2f0a0520 	svccs	0x000a0520
     fe4:	052e1705 	streq	r1, [lr, #-1797]!	; 0xfffff8fb
     fe8:	1c052f0a 	stcne	15, cr2, [r5], {10}
     fec:	3216052e 	andscc	r0, r6, #192937984	; 0xb800000
     ff0:	052f4005 	streq	r4, [pc, #-5]!	; ff3 <vTaskInternalSetTimeOutState+0x2b>
{
     ff4:	2205203e 	andcs	r2, r5, #62	; 0x3e
     ff8:	2f27052e 	svccs	0x0027052e
     ffc:	054d3605 	strbeq	r3, [sp, #-1541]	; 0xfffff9fb
    taskENTER_CRITICAL();
    1000:	2b052e24 	blcs	14c898 <_etext+0x14a404>
        const TickType_t xConstTickCount = xTickCount;
    1004:	2e19052f 	cfmul64cs	mvdx0, mvdx9, mvdx15
        const TickType_t xElapsedTime = xConstTickCount - pxTimeOut->xTimeOnEntering;
    1008:	f62f0105 			; <UNDEFINED> instruction: 0xf62f0105
    100c:	05501505 	ldrbeq	r1, [r0, #-1285]	; 0xfffffafb
    1010:	77052e05 	strvc	r2, [r5, -r5, lsl #28]
        if( ( xNumOfOverflows != pxTimeOut->xOverflowCount ) && ( xConstTickCount >= pxTimeOut->xTimeOnEntering ) )
    1014:	03040200 	movweq	r0, #16896	; 0x4200
    1018:	00200520 	eoreq	r0, r0, r0, lsr #10
    101c:	3c010402 	cfstrscc	mvf0, [r1], {2}
    1020:	02000505 	andeq	r0, r0, #20971520	; 0x1400000
    1024:	052e0104 	streq	r0, [lr, #-260]!	; 0xfffffefc
            xReturn = pdTRUE;
    1028:	3c0c0309 	stccc	3, cr0, [ip], {9}
            *pxTicksToWait = ( TickType_t ) 0;
    102c:	05301b05 	ldreq	r1, [r0, #-2821]!	; 0xfffff4fb
    1030:	07052e0f 	streq	r2, [r5, -pc, lsl #28]
        else if( xElapsedTime < *pxTicksToWait )
    1034:	3e20052e 	cfsh64cc	mvdx0, mvdx0, #30
    1038:	052e3205 	streq	r3, [lr, #-517]!	; 0xfffffdfb
    103c:	19052e20 	stmdbne	r5, {r5, r9, sl, fp, sp}
            *pxTicksToWait -= xElapsedTime;
    1040:	0309053d 	movweq	r0, #38205	; 0x953d
    1044:	20052e09 	andcs	r2, r5, r9, lsl #28
    1048:	2e0f0530 	cfmv64hrcs	mvdx15, r0
            vTaskInternalSetTimeOutState( pxTimeOut );
    104c:	052e4005 	streq	r4, [lr, #-5]!
            xReturn = pdFALSE;
    1050:	0d052e07 	stceq	14, cr2, [r5, #-28]	; 0xffffffe4
    1054:	2e460530 	mcrcs	5, 2, r0, cr6, cr0, {1}
            *pxTicksToWait = ( TickType_t ) 0;
    1058:	052e0b05 	streq	r0, [lr, #-2821]!	; 0xfffff4fb
            xReturn = pdTRUE;
    105c:	2c053129 	stfcss	f3, [r5], {41}	; 0x29
    taskEXIT_CRITICAL();
    1060:	2e64052e 	cdpcs	5, 6, cr0, cr4, cr14, {1}
    return xReturn;
    1064:	05202905 	streq	r2, [r0, #-2309]!	; 0xfffff6fb
}
    1068:	68053d30 	stmdavs	r5, {r4, r5, r8, sl, fp, ip, sp}
    106c:	202e052e 	eorcs	r0, lr, lr, lsr #10
    1070:	5d360540 	cfldr32pl	mvfx0, [r6, #-256]!	; 0xffffff00
    1074:	052e2a05 	streq	r2, [lr, #-2565]!	; 0xfffff5fb
{
    1078:	25053507 	strcs	r3, [r5, #-1287]	; 0xfffffaf9
    xYieldPendings[ portGET_CORE_ID() ] = pdTRUE;
    107c:	4201054c 	andmi	r0, r1, #76, 10	; 0x13000000
    1080:	4c0c0594 	cfstr32mi	mvfx0, [ip], {148}	; 0x94
}
    1084:	052e1905 	streq	r1, [lr, #-2309]!	; 0xfffff6fb
    1088:	05052e27 	streq	r2, [r5, #-3623]	; 0xfffff1d9
    108c:	3011053e 	andscc	r0, r1, lr, lsr r5
{
    1090:	05400b05 	strbeq	r0, [r0, #-2821]	; 0xfffff4fb
    1094:	18053e12 	stmdane	r5, {r1, r4, r9, sl, fp, ip, sp}
        prvCheckTasksWaitingTermination();
    1098:	3e1c0524 	cfmul64cc	mvdx0, mvdx12, mvdx4
            if( listCURRENT_LIST_LENGTH( &( pxReadyTasksLists[ tskIDLE_PRIORITY ] ) ) > ( UBaseType_t ) configNUMBER_OF_CORES )
    109c:	052e1305 	streq	r1, [lr, #-773]!	; 0xfffffcfb
    10a0:	1c053e1e 	stcne	14, cr3, [r5], {30}
                taskYIELD();
    10a4:	2e13053f 	mrccs	5, 0, r0, cr3, cr15, {1}
    10a8:	053e1e05 	ldreq	r1, [lr, #-3589]!	; 0xfffff1fb
    10ac:	1c054119 	stfnes	f4, [r5], {25}
    10b0:	053c6e03 	ldreq	r6, [ip, #-3587]!	; 0xfffff1fd
        prvCheckTasksWaitingTermination();
    10b4:	0e052e12 	mcreq	14, 0, r2, cr5, cr2, {0}
    10b8:	053c1603 	ldreq	r1, [ip, #-1539]!	; 0xfffff9fd
    10bc:	32053031 	andcc	r3, r5, #49	; 0x31
{
    10c0:	3d26053d 	cfstr32cc	mvfx0, [r6, #-244]!	; 0xffffff0c
    10c4:	053e0505 	ldreq	r0, [lr, #-1285]!	; 0xfffffafb
    for( uxPriority = ( UBaseType_t ) 0U; uxPriority < ( UBaseType_t ) configMAX_PRIORITIES; uxPriority++ )
    10c8:	35053031 	strcc	r3, [r5, #-49]	; 0xffffffcf
        vListInitialise( &( pxReadyTasksLists[ uxPriority ] ) );
    10cc:	4b2f054b 	blmi	bc2600 <_etext+0xbc016c>
    10d0:	054b3505 	strbeq	r3, [fp, #-1285]	; 0xfffffafb
    10d4:	01054c05 	tsteq	r5, r5, lsl #24
    10d8:	f209032f 	vcgt.s8	d0, d9, d31
    10dc:	052f0b05 	streq	r0, [pc, #-2821]!	; 5df <prvCreateIdleTasks+0x4f>
    for( uxPriority = ( UBaseType_t ) 0U; uxPriority < ( UBaseType_t ) configMAX_PRIORITIES; uxPriority++ )
    10e0:	24053e19 	strcs	r3, [r5], #-3609	; 0xfffff1e7
    10e4:	1e053d3d 	mcrne	13, 0, r3, cr5, cr13, {1}
    10e8:	3d01053d 	cfstr32cc	mvfx0, [r1, #-244]	; 0xffffff0c
    vListInitialise( &xDelayedTaskList1 );
    10ec:	01000f02 	tsteq	r0, r2, lsl #30
    10f0:	0001ea01 	andeq	lr, r1, r1, lsl #20
    vListInitialise( &xDelayedTaskList2 );
    10f4:	b3000300 	movwlt	r0, #768	; 0x300
    vListInitialise( &xPendingReadyList );
    10f8:	02000000 	andeq	r0, r0, #0
    10fc:	0d0efb01 	vstreq	d15, [lr, #-4]
    pxDelayedTaskList = &xDelayedTaskList1;
    1100:	01010100 	mrseq	r0, (UNDEF: 17)
    pxOverflowDelayedTaskList = &xDelayedTaskList2;
    1104:	00000001 	andeq	r0, r0, r1
    1108:	01000001 	tsteq	r0, r1
}
    110c:	462f2e2e 	strtmi	r2, [pc], -lr, lsr #28
    1110:	52656572 	rsbpl	r6, r5, #478150656	; 0x1c800000
    1114:	2d534f54 	ldclcs	15, cr4, [r3, #-336]	; 0xfffffeb0
    1118:	6e72654b 	cdpvs	5, 7, cr6, cr2, cr11, {2}
    111c:	702f6c65 	eorvc	r6, pc, r5, ror #24
    1120:	6174726f 	cmnvs	r4, pc, ror #4
    1124:	2f656c62 	svccs	0x00656c62
    1128:	2f434347 	svccs	0x00434347
{
    112c:	5f4d5241 	svcpl	0x004d5241
}
    1130:	00334d43 	eorseq	r4, r3, r3, asr #26
    1134:	7273752f 	rsbsvc	r7, r3, #197132288	; 0xbc00000
{
    1138:	62696c2f 	rsbvs	r6, r9, #12032	; 0x2f00
    if( listLIST_IS_EMPTY( pxDelayedTaskList ) != pdFALSE )
    113c:	6363672f 	cmnvs	r3, #12320768	; 0xbc0000
    1140:	6d72612f 	ldfvse	f6, [r2, #-188]!	; 0xffffff44
    1144:	6e6f6e2d 	cdpvs	14, 6, cr6, cr15, cr13, {1}
        xNextTaskUnblockTime = portMAX_DELAY;
    1148:	61652d65 	cmnvs	r5, r5, ror #26
    114c:	312f6962 			; <UNDEFINED> instruction: 0x312f6962
        xNextTaskUnblockTime = listGET_ITEM_VALUE_OF_HEAD_ENTRY( pxDelayedTaskList );
    1150:	2e332e30 	mrccs	14, 1, r2, cr3, cr0, {1}
    1154:	6e692f31 	mcrvs	15, 3, r2, cr9, cr1, {1}
    1158:	64756c63 	ldrbtvs	r6, [r5], #-3171	; 0xfffff39d
}
    115c:	2e2e0065 	cdpcs	0, 2, cr0, cr14, cr5, {3}
    1160:	6572462f 	ldrbvs	r4, [r2, #-1583]!	; 0xfffff9d1
    1164:	4f545265 	svcmi	0x00545265
    1168:	654b2d53 	strbvs	r2, [fp, #-3411]	; 0xfffff2ad
        {
    116c:	6c656e72 	stclvs	14, cr6, [r5], #-456	; 0xfffffe38
    1170:	636e692f 	cmnvs	lr, #770048	; 0xbc000
            xReturn = pxCurrentTCB;
    1174:	6564756c 	strbvs	r7, [r4, #-1388]!	; 0xfffffa94
            return xReturn;
    1178:	6f700000 	svcvs	0x00700000
        }
    117c:	632e7472 			; <UNDEFINED> instruction: 0x632e7472
    1180:	00000100 	andeq	r0, r0, r0, lsl #2
    1184:	74726f70 	ldrbtvc	r6, [r2], #-3952	; 0xfffff090
    {
    1188:	7263616d 	rsbvc	r6, r3, #1073741851	; 0x4000001b
    118c:	00682e6f 	rsbeq	r2, r8, pc, ror #28
        TaskHandle_t xReturn = NULL;
    1190:	73000001 	movwvc	r0, #1
        if( taskVALID_CORE_ID( xCoreID ) != pdFALSE )
    1194:	6e696474 	mcrvs	4, 3, r6, cr9, cr4, {3}
    1198:	00682e74 	rsbeq	r2, r8, r4, ror lr
    119c:	70000002 	andvc	r0, r0, r2
                xReturn = pxCurrentTCB;
    11a0:	646a6f72 	strbtvs	r6, [sl], #-3954	; 0xfffff08e
    11a4:	2e736665 	cdpcs	6, 7, cr6, cr3, cr5, {3}
    }
    11a8:	00030068 	andeq	r0, r3, r8, rrx
    11ac:	01050000 	mrseq	r0, (UNDEF: 5)
    11b0:	20020500 	andcs	r0, r2, r0, lsl #10
    11b4:	03000022 	movweq	r0, #34	; 0x22
{
    11b8:	050101b8 	streq	r0, [r1, #-440]	; 0xfffffe48
    11bc:	13056911 	movwne	r6, #22801	; 0x5911
    uxReturn = listGET_LIST_ITEM_VALUE( &( pxCurrentTCB->xEventListItem ) );
    11c0:	4b11053d 	blmi	4426bc <_etext+0x440228>
    11c4:	053d1705 	ldreq	r1, [sp, #-1797]!	; 0xfffff8fb
    listSET_LIST_ITEM_VALUE( &( pxCurrentTCB->xEventListItem ), ( ( TickType_t ) configMAX_PRIORITIES - ( TickType_t ) pxCurrentTCB->uxPriority ) );
    11c8:	13052030 	movwne	r2, #20528	; 0x5030
    11cc:	2f11052e 	svccs	0x0011052e
    11d0:	053d1505 	ldreq	r1, [sp, #-1285]!	; 0xfffffafb
    11d4:	12052013 	andne	r2, r5, #19
}
    11d8:	3d15052f 	cfldr32cc	mvfx0, [r5, #-188]	; 0xffffff44
    11dc:	05201305 	streq	r1, [r0, #-773]!	; 0xfffffcfb
    11e0:	0c052f12 	stceq	15, cr2, [r5], {18}
    11e4:	2101053e 	tstcs	r1, lr, lsr r5
    {
    11e8:	3d170578 	cfldr32cc	mvfx0, [r7, #-480]	; 0xfffffe20
    11ec:	05050204 	streq	r0, [r5, #-516]	; 0xfffffdfc
    11f0:	052e0c03 	streq	r0, [lr, #-3075]!	; 0xfffff3fd
        BaseType_t xAlreadyYielded, xShouldBlock = pdFALSE;
    11f4:	01049801 	tsteq	r4, r1, lsl #16
        if( ( pxCurrentTCB->ulNotifiedValue[ uxIndexToWaitOn ] == 0U ) && ( xTicksToWait > ( TickType_t ) 0 ) )
    11f8:	77030a05 	strvc	r0, [r3, -r5, lsl #20]
    11fc:	00140520 	andseq	r0, r4, r0, lsr #10
    1200:	20010402 	andcs	r0, r1, r2, lsl #8
    1204:	02000a05 	andeq	r0, r0, #20480	; 0x5000
    1208:	05200104 	streq	r0, [r0, #-260]!	; 0xfffffefc
    120c:	2e0a0301 	cdpcs	3, 0, cr0, cr10, cr1, {0}
            vTaskSuspendAll();
    1210:	1305056a 	movwne	r0, #21866	; 0x556a
                taskENTER_CRITICAL();
    1214:	0e030105 	adfeqs	f0, f3, f5
                    if( pxCurrentTCB->ulNotifiedValue[ uxIndexToWaitOn ] == 0U )
    1218:	05242e08 	streq	r2, [r4, #-3592]!	; 0xfffff1f8
    121c:	01051305 	tsteq	r5, r5, lsl #6
    1220:	27e40d03 	strbcs	r0, [r4, r3, lsl #26]!
    1224:	0f033105 	svceq	0x00033105
    1228:	2021053c 	eorcs	r0, r1, ip, lsr r5
                        pxCurrentTCB->ucNotifyState[ uxIndexToWaitOn ] = taskWAITING_NOTIFICATION;
    122c:	ea031805 	b	c7248 <_etext+0xc4db4>
    1230:	05672e00 	strbeq	r2, [r7, #-3584]!	; 0xfffff200
    1234:	18056705 	stmdane	r5, {r0, r2, r8, r9, sl, sp, lr}
                        xShouldBlock = pdTRUE;
    1238:	32050520 	andcc	r0, r5, #32, 10	; 0x8000000
                taskEXIT_CRITICAL();
    123c:	05311705 	ldreq	r1, [r1, #-1797]!	; 0xfffff8fb
                if( xShouldBlock == pdTRUE )
    1240:	2f363f05 	svccs	0x00363f05
    1244:	05310c05 	ldreq	r0, [r1, #-3077]!	; 0xfffff3fb
                    prvAddCurrentTaskToDelayedList( xTicksToWait, pdTRUE );
    1248:	32be2101 	adcscc	r2, lr, #1073741824	; 0x40000000
    124c:	0502044e 	streq	r0, [r2, #-1102]	; 0xfffffbb2
            xAlreadyYielded = xTaskResumeAll();
    1250:	7ead0305 	cdpvc	3, 10, cr0, cr13, cr5, {0}
            if( ( xShouldBlock == pdTRUE ) && ( xAlreadyYielded == pdFALSE ) )
    1254:	9801053c 	stmdals	r1, {r2, r3, r4, r5, r8, sl}
    1258:	16050104 	strne	r0, [r5], -r4, lsl #2
    125c:	2001cd03 	andcs	ip, r1, r3, lsl #26
                taskYIELD_WITHIN_API();
    1260:	0b030105 	bleq	c167c <_etext+0xbf1e8>
    1264:	16058658 			; <UNDEFINED> instruction: 0x16058658
    1268:	5a1b053e 	bpl	6c2768 <_etext+0x6c02d4>
    126c:	042e0705 	strteq	r0, [lr], #-1797	; 0xfffff8fb
        taskENTER_CRITICAL();
    1270:	03050502 	movweq	r0, #21762	; 0x5502
            ulReturn = pxCurrentTCB->ulNotifiedValue[ uxIndexToWaitOn ];
    1274:	054a7eba 	strbeq	r7, [sl, #-3770]	; 0xfffff146
    1278:	01044001 	tsteq	r4, r1
    127c:	2001c603 	andcs	ip, r1, r3, lsl #12
    1280:	15050586 	strne	r0, [r5, #-1414]	; 0xfffffa7a
            if( ulReturn != 0U )
    1284:	1d030105 	stfnes	f0, [r3, #-20]	; 0xffffffec
    1288:	24012202 	strcs	r2, [r1], #-514	; 0xfffffdfe
                if( xClearCountOnExit != pdFALSE )
    128c:	05050204 	streq	r0, [r5, #-516]	; 0xfffffdfc
                    pxCurrentTCB->ulNotifiedValue[ uxIndexToWaitOn ] = ( uint32_t ) 0U;
    1290:	3c7dec03 	ldclcc	12, cr14, [sp], #-12
    1294:	04980105 	ldreq	r0, [r8], #261	; 0x105
    1298:	030d0501 	movweq	r0, #54529	; 0xd501
    129c:	05200295 	streq	r0, [r0, #-661]!	; 0xfffffd6b
    12a0:	0d053c0b 	stceq	12, cr3, [r5, #-44]	; 0xffffffd4
                    pxCurrentTCB->ulNotifiedValue[ uxIndexToWaitOn ] = ulReturn - ( uint32_t ) 1;
    12a4:	20230534 	eorcs	r0, r3, r4, lsr r5
    12a8:	05050204 	streq	r0, [r5, #-516]	; 0xfffffdfc
    12ac:	587dff03 	ldmdapl	sp!, {r0, r1, r8, r9, sl, fp, ip, sp, lr, pc}^
    12b0:	04400105 	strbeq	r0, [r0], #-261	; 0xfffffefb
            pxCurrentTCB->ucNotifyState[ uxIndexToWaitOn ] = taskNOT_WAITING_NOTIFICATION;
    12b4:	02850301 	addeq	r0, r5, #67108864	; 0x4000000
    12b8:	01e50320 	mvneq	r0, r0, lsr #6
    12bc:	03050574 	movweq	r0, #21876	; 0x5574
    12c0:	1f052e0b 	svcne	0x00052e0b
        taskEXIT_CRITICAL();
    12c4:	2f050520 	svccs	0x00050520
    }
    12c8:	05202805 	streq	r2, [r0, #-2053]!	; 0xfffff7fb
    12cc:	1f053105 	svcne	0x00053105
    12d0:	2f050520 	svccs	0x00050520
    12d4:	05201f05 	streq	r1, [r0, #-3845]!	; 0xfffff0fb
    {
    12d8:	0c022f01 	stceq	15, cr2, [r2], {1}
    12dc:	Address 0x00000000000012dc is out of bounds.


Disassembly of section .debug_info:

00000000 <.debug_info>:
       0:	00000022 	andeq	r0, r0, r2, lsr #32
       4:	00000002 	andeq	r0, r0, r2
       8:	01040000 	mrseq	r0, (UNDEF: 4)
       c:	00000000 	andeq	r0, r0, r0
      10:	000001d0 	ldrdeq	r0, [r0], -r0	; <UNPREDICTABLE>
      14:	000001d6 	ldrdeq	r0, [r0], -r6
      18:	00000000 	andeq	r0, r0, r0
      1c:	00000007 	andeq	r0, r0, r7
      20:	00000021 	andeq	r0, r0, r1, lsr #32
      24:	017d8001 	cmneq	sp, r1
      28:	00040000 	andeq	r0, r4, r0
      2c:	00000014 	andeq	r0, r0, r4, lsl r0
      30:	00dd0104 	sbcseq	r0, sp, r4, lsl #2
      34:	460c0000 	strmi	r0, [ip], -r0
      38:	07000000 	streq	r0, [r0, -r0]
      3c:	d8000000 	stmdale	r0, {}	; <UNPREDICTABLE>
      40:	c8000001 	stmdagt	r0, {r0}
      44:	38000000 	stmdacc	r0, {}	; <UNPREDICTABLE>
      48:	02000000 	andeq	r0, r0, #0
      4c:	6e690504 	cdpvs	5, 6, cr0, cr9, cr4, {0}
      50:	25030074 	strcs	r0, [r3, #-116]	; 0xffffff8c
      54:	04000000 	streq	r0, [r0], #-0
      58:	00660704 	rsbeq	r0, r6, r4, lsl #14
      5c:	08040000 	stmdaeq	r4, {}	; <UNPREDICTABLE>
      60:	0000a305 	andeq	sl, r0, r5, lsl #6
      64:	04080400 	streq	r0, [r8], #-1024	; 0xfffffc00
      68:	000000d1 	ldrdeq	r0, [r0], -r1
      6c:	75060104 	strvc	r0, [r6, #-260]	; 0xfffffefc
      70:	04000000 	streq	r0, [r0], #-0
      74:	00be0502 	adcseq	r0, lr, r2, lsl #10
      78:	04040000 	streq	r0, [r4], #-0
      7c:	0000a805 	andeq	sl, r0, r5, lsl #16
      80:	08010400 	stmdaeq	r1, {sl}
      84:	00000073 	andeq	r0, r0, r3, ror r0
      88:	89070204 	stmdbhi	r7, {r2, r9}
      8c:	05000000 	streq	r0, [r0, #-0]
      90:	000000c8 	andeq	r0, r0, r8, asr #1
      94:	75193402 	ldrvc	r3, [r9, #-1026]	; 0xfffffbfe
      98:	04000000 	streq	r0, [r0], #-0
      9c:	00610704 	rsbeq	r0, r1, r4, lsl #14
      a0:	08040000 	stmdaeq	r4, {}	; <UNPREDICTABLE>
      a4:	00005c07 	andeq	r5, r0, r7, lsl #24
      a8:	05040600 	streq	r0, [r4, #-1536]	; 0xfffffa00
      ac:	000005d6 	ldrdeq	r0, [r0], -r6
      b0:	541a3b03 	ldrpl	r3, [sl], #-2819	; 0xfffff4fd
      b4:	04000000 	streq	r0, [r0], #-0
      b8:	007c0801 	rsbseq	r0, ip, r1, lsl #16
      bc:	2d070000 	stccs	0, cr0, [r7, #-0]
      c0:	01000000 	mrseq	r0, (UNDEF: 0)
      c4:	00691111 	rsbeq	r1, r9, r1, lsl r1
      c8:	9c070000 	stcls	0, cr0, [r7], {-0}
      cc:	01000000 	mrseq	r0, (UNDEF: 0)
      d0:	00691112 	rsbeq	r1, r9, r2, lsl r1
      d4:	81070000 	mrshi	r0, (UNDEF: 7)
      d8:	01000000 	mrseq	r0, (UNDEF: 0)
      dc:	00691113 	rsbeq	r1, r9, r3, lsl r1
      e0:	34070000 	strcc	r0, [r7], #-0
      e4:	01000000 	mrseq	r0, (UNDEF: 0)
      e8:	00691114 	rsbeq	r1, r9, r4, lsl r1
      ec:	3a070000 	bcc	1c00f4 <_etext+0x1bdc60>
      f0:	01000000 	mrseq	r0, (UNDEF: 0)
      f4:	00691115 	rsbeq	r1, r9, r5, lsl r1
      f8:	40080000 	andmi	r0, r8, r0
      fc:	01000000 	mrseq	r0, (UNDEF: 0)
     100:	02000617 	andeq	r0, r0, #24117248	; 0x1700000
     104:	00a00000 	adceq	r0, r0, r0
     108:	9c010000 	stcls	0, cr0, [r1], {-0}
     10c:	00000118 	andeq	r0, r0, r8, lsl r1
     110:	0006cf09 	andeq	ip, r6, r9, lsl #30
     114:	10190100 	andsne	r0, r9, r0, lsl #2
     118:	00000085 	andeq	r0, r0, r5, lsl #1
     11c:	0a6c9102 	beq	1b2452c <_etext+0x1b22098>
     120:	00637273 	rsbeq	r7, r3, r3, ror r2
     124:	180f1b01 	stmdane	pc, {r0, r8, r9, fp, ip}	; <UNPREDICTABLE>
     128:	02000001 	andeq	r0, r0, #1
     12c:	640a7491 	strvs	r7, [sl], #-1169	; 0xfffffb6f
     130:	01007473 	tsteq	r0, r3, ror r4
     134:	01180f1c 	tsteq	r8, ip, lsl pc
     138:	91020000 	mrsls	r0, (UNDEF: 2)
     13c:	040b0070 	streq	r0, [fp], #-112	; 0xffffff90
     140:	00000069 	andeq	r0, r0, r9, rrx
     144:	0000550c 	andeq	r5, r0, ip, lsl #10
     148:	0d0a0100 	stfeqs	f0, [sl, #-0]
     14c:	000001ec 	andeq	r0, r0, ip, ror #3
     150:	00000014 	andeq	r0, r0, r4, lsl r0
     154:	01519c01 	cmpeq	r1, r1, lsl #24
     158:	b10d0000 	mrslt	r0, (UNDEF: 13)
     15c:	01000000 	mrseq	r0, (UNDEF: 0)
     160:	00831a0a 	addeq	r1, r3, sl, lsl #20
     164:	91020000 	mrsls	r0, (UNDEF: 2)
     168:	00620a6c 	rsbeq	r0, r2, ip, ror #20
     16c:	2c120b01 			; <UNDEFINED> instruction: 0x2c120b01
     170:	02000000 	andeq	r0, r0, #0
     174:	0e007491 	mcreq	4, 0, r7, cr0, cr1, {4}
     178:	0000004e 	andeq	r0, r0, lr, asr #32
     17c:	d80d0401 	stmdale	sp, {r0, sl}
     180:	14000001 	strne	r0, [r0], #-1
     184:	01000000 	mrseq	r0, (UNDEF: 0)
     188:	00b10d9c 	umlalseq	r0, r1, ip, sp
     18c:	04010000 	streq	r0, [r1], #-0
     190:	0000831a 	andeq	r8, r0, sl, lsl r3
     194:	6c910200 	lfmvs	f0, 4, [r1], {0}
     198:	0100610a 	tsteq	r0, sl, lsl #2
     19c:	002c1205 	eoreq	r1, ip, r5, lsl #4
     1a0:	91020000 	mrsls	r0, (UNDEF: 2)
     1a4:	a5000074 	strge	r0, [r0, #-116]	; 0xffffff8c
     1a8:	04000000 	streq	r0, [r0], #-0
     1ac:	0000f600 	andeq	pc, r0, r0, lsl #12
     1b0:	dd010400 	cfstrsle	mvf0, [r1, #-0]
     1b4:	0c000000 	stceq	0, cr0, [r0], {-0}
     1b8:	0000013a 	andeq	r0, r0, sl, lsr r1
     1bc:	00000007 	andeq	r0, r0, r7
     1c0:	000002a0 	andeq	r0, r0, r0, lsr #5
     1c4:	0000003e 	andeq	r0, r0, lr, lsr r0
     1c8:	00000128 	andeq	r0, r0, r8, lsr #2
     1cc:	00015502 	andeq	r5, r1, r2, lsl #10
    b start
     1d0:	07010100 	streq	r0, [r1, -r0, lsl #2]
     b .
     1d4:	0000008b 	andeq	r0, r0, fp, lsl #1
static void vTask1(void *pvParameters) {
     1d8:	000002a0 	andeq	r0, r0, r0, lsr #5
     1dc:	0000003e 	andeq	r0, r0, lr, lsr r0
    volatile int a = 0;
     1e0:	008b9c01 	addeq	r9, fp, r1, lsl #24
        a++;
     1e4:	64030000 	strvs	r0, [r3], #-0
     1e8:	01007473 	tsteq	r0, r3, ror r4
static void vTask2(void *pvParameters) {
     1ec:	008b1401 	addeq	r1, fp, r1, lsl #8
     1f0:	91020000 	mrsls	r0, (UNDEF: 2)
    volatile int b = 0;
     1f4:	014a046c 	cmpeq	sl, ip, ror #8
        b++;
     1f8:	01010000 	mrseq	r0, (UNDEF: 1)
     1fc:	00008d1d 	andeq	r8, r0, sp, lsl sp
{
     200:	68910200 	ldmvs	r1, {r9}
     204:	00015004 	andeq	r5, r1, r4
    uint32_t *src =&_sidata; //source (flash)
     208:	31010100 	mrscc	r0, (UNDEF: 17)
    uint32_t *dst =&_sdata; //desatination flash (RAM)
     20c:	00000094 	muleq	r0, r4, r0
        *dst++ = *src++; //copy word and incremtn ptr
     210:	05649102 	strbeq	r9, [r4, #-258]!	; 0xfffffefe
     214:	00727470 	rsbseq	r7, r2, r0, ror r4
     218:	9b140301 	blls	500e24 <_etext+0x4fe990>
     21c:	02000000 	andeq	r0, r0, #0
    while(dst < &_edata){
     220:	76057491 			; <UNDEFINED> instruction: 0x76057491
     224:	01006c61 	tsteq	r0, r1, ror #24
    dst= &_sbss;
     228:	00a11304 	adceq	r1, r1, r4, lsl #6
    while(dst < &_ebss){
     22c:	91020000 	mrsls	r0, (UNDEF: 2)
        *dst++ = 0;// zero word and increment ptr
     230:	04060073 	streq	r0, [r6], #-115	; 0xffffff8d
     234:	69050407 	stmdbvs	r5, {r0, r1, r2, sl}
    while(dst < &_ebss){
     238:	0800746e 	stmdaeq	r0, {r1, r2, r3, r5, r6, sl, ip, sp, lr}
     23c:	00660704 	rsbeq	r0, r6, r4, lsl #14
    xReturn = xTaskCreate(vTask1, "T1", configMINIMAL_STACK_SIZE, NULL, 1, NULL);
     240:	04090000 	streq	r0, [r9], #-0
     244:	000000a1 	andeq	r0, r0, r1, lsr #1
     248:	73080108 	movwvc	r0, #33032	; 0x8108
     24c:	00000000 	andeq	r0, r0, r0
     250:	00001624 	andeq	r1, r0, r4, lsr #12
     254:	01810004 	orreq	r0, r1, r4
    xReturn = xTaskCreate(vTask2, "T2", configMINIMAL_STACK_SIZE, NULL, 1, NULL);
     258:	01040000 	mrseq	r0, (UNDEF: 4)
     25c:	000000dd 	ldrdeq	r0, [r0], -sp
     260:	00078f0c 	andeq	r8, r7, ip, lsl #30
     264:	00000700 	andeq	r0, r0, r0, lsl #14
     268:	0002e000 	andeq	lr, r2, r0
     26c:	0018f000 	andseq	pc, r8, r0
    vTaskStartScheduler();
     270:	00018500 	andeq	r8, r1, r0, lsl #10
    return;
     274:	04c60200 	strbeq	r0, [r6], #512	; 0x200
     278:	d1030000 	mrsle	r0, (UNDEF: 3)
     27c:	00003117 	andeq	r3, r0, r7, lsl r1
     280:	07040300 	streq	r0, [r4, -r0, lsl #6]
     284:	00000066 	andeq	r0, r0, r6, rrx
     288:	69050404 	stmdbvs	r5, {r2, sl}
     28c:	0300746e 	movweq	r7, #1134	; 0x46e
     290:	00a30508 	adceq	r0, r3, r8, lsl #10
     294:	08030000 	stmdaeq	r3, {}	; <UNPREDICTABLE>
     298:	0000d104 	andeq	sp, r0, r4, lsl #2
     29c:	06010300 	streq	r0, [r1], -r0, lsl #6
{
     2a0:	00000075 	andeq	r0, r0, r5, ror r0
     2a4:	73080103 	movwvc	r0, #33027	; 0x8103
     2a8:	03000000 	movweq	r0, #0
    unsigned char *ptr = (unsigned char *)dst;
     2ac:	00be0502 	adcseq	r0, lr, r2, lsl #10
    unsigned char val = (unsigned char)value;
     2b0:	02030000 	andeq	r0, r3, #0
    while (size >0)
     2b4:	00008907 	andeq	r8, r0, r7, lsl #18
        *ptr++ = val;
     2b8:	05040300 	streq	r0, [r4, #-768]	; 0xfffffd00
     2bc:	000000a8 	andeq	r0, r0, r8, lsr #1
        ptr++;
     2c0:	61070403 	tstvs	r7, r3, lsl #8
     2c4:	03000000 	movweq	r0, #0
        size--;
     2c8:	005c0708 	subseq	r0, ip, r8, lsl #14
    while (size >0)
     2cc:	04050000 	streq	r0, [r5], #-0
     2d0:	00007e06 	andeq	r7, r0, r6, lsl #28
     2d4:	8b040700 	blhi	101edc <_etext+0xffa48>
     2d8:	03000000 	movweq	r0, #0
     2dc:	007c0801 	rsbseq	r0, ip, r1, lsl #16
    {
     2e0:	8b060000 	blhi	1802e8 <_etext+0x17de54>
     2e4:	07000000 	streq	r0, [r0, -r0]
     2e8:	00009204 	andeq	r9, r0, r4, lsl #4
     2ec:	00970600 	addseq	r0, r7, r0, lsl #12
            pxStack = ( StackType_t * ) pvPortMallocStack( ( ( ( size_t ) uxStackDepth ) * sizeof( StackType_t ) ) );
     2f0:	59020000 	stmdbpl	r2, {}	; <UNPREDICTABLE>
     2f4:	04000006 	streq	r0, [r0], #-6
     2f8:	0054182e 	subseq	r1, r4, lr, lsr #16
            if( pxStack != NULL )
     2fc:	a2080000 	andge	r0, r8, #0
                pxNewTCB = ( TCB_t * ) pvPortMalloc( sizeof( TCB_t ) );
     300:	02000000 	andeq	r0, r0, #0
     304:	000000c8 	andeq	r0, r0, r8, asr #1
                if( pxNewTCB != NULL )
     308:	70193404 	andsvc	r3, r9, r4, lsl #8
     30c:	08000000 	stmdaeq	r0, {}	; <UNPREDICTABLE>
                    ( void ) memset( ( void * ) pxNewTCB, 0x00, sizeof( TCB_t ) );
     310:	000000b3 	strheq	r0, [r0], -r3
     314:	00075202 	andeq	r5, r7, r2, lsl #4
                    pxNewTCB->pxStack = pxStack;
     318:	11240500 			; <UNDEFINED> instruction: 0x11240500
     31c:	000000d0 	ldrdeq	r0, [r0], -r0	; <UNPREDICTABLE>
                    vPortFreeStack( pxStack );
     320:	00d60407 	sbcseq	r0, r6, r7, lsl #8
     324:	e1090000 	mrs	r0, (UNDEF: 9)
                pxNewTCB = NULL;
     328:	0a000000 	beq	330 <prvCreateTask+0x50>
        if( pxNewTCB != NULL )
     32c:	0000007e 	andeq	r0, r0, lr, ror r0
     330:	02400200 	subeq	r0, r0, #0, 4
            prvInitialiseNewTask( pxTaskCode, pcName, uxStackDepth, pvParameters, uxPriority, pxCreatedTask, pxNewTCB, NULL );
     334:	3a020000 	bcc	8033c <_etext+0x7dea8>
     338:	0000b31a 	andeq	fp, r0, sl, lsl r3
     33c:	00e10800 	rsceq	r0, r1, r0, lsl #16
     340:	e1060000 	mrs	r0, (UNDEF: 6)
     344:	02000000 	andeq	r0, r0, #0
     348:	000005d6 	ldrdeq	r0, [r0], -r6
     34c:	691a3b02 	ldmdbvs	sl, {r1, r8, r9, fp, ip, sp}
    }
     350:	08000000 	stmdaeq	r0, {}	; <UNPREDICTABLE>
     354:	000000f7 	strdeq	r0, [r0], -r7
    {
     358:	0000f706 	andeq	pc, r0, r6, lsl #14
     35c:	05d50200 	ldrbeq	r0, [r5, #512]	; 0x200
     360:	3c020000 	stccc	0, cr0, [r2], {-0}
     364:	0000701a 	andeq	r7, r0, sl, lsl r0
        pxNewTCB = prvCreateTask( pxTaskCode, pcName, uxStackDepth, pvParameters, uxPriority, pxCreatedTask );
     368:	010d0800 	tsteq	sp, r0, lsl #16
     36c:	19060000 	stmdbne	r6, {}	; <UNPREDICTABLE>
     370:	02000001 	andeq	r0, r0, #1
     374:	00000842 	andeq	r0, r0, r2, asr #16
     378:	b31a4202 	tstlt	sl, #536870912	; 0x20000000
        if( pxNewTCB != NULL )
     37c:	08000000 	stmdaeq	r0, {}	; <UNPREDICTABLE>
     380:	00000123 	andeq	r0, r0, r3, lsr #2
            prvAddNewTaskToReadyList( pxNewTCB );
     384:	00012306 	andeq	r2, r1, r6, lsl #6
            xReturn = pdPASS;
     388:	02720b00 	rsbseq	r0, r2, #0, 22
     38c:	06140000 	ldreq	r0, [r4], -r0
            xReturn = errCOULD_NOT_ALLOCATE_REQUIRED_MEMORY;
     390:	01880890 			; <UNDEFINED> instruction: 0x01880890
        return xReturn;
     394:	e10c0000 	mrs	r0, (UNDEF: 12)
    }
     398:	06000008 	streq	r0, [r0], -r8
     39c:	01232493 			; <UNDEFINED> instruction: 0x01232493
{
     3a0:	0c000000 	stceq	0, cr0, [r0], {-0}
     3a4:	00000761 	andeq	r0, r0, r1, ror #14
     3a8:	882d9406 	stmdahi	sp!, {r1, r2, sl, ip, pc}
        pxTopOfStack = &( pxNewTCB->pxStack[ uxStackDepth - ( configSTACK_DEPTH_TYPE ) 1 ] );
     3ac:	04000001 	streq	r0, [r0], #-1
     3b0:	0004670c 	andeq	r6, r4, ip, lsl #14
     3b4:	2d950600 	ldccs	6, cr0, [r5]
     3b8:	00000188 	andeq	r0, r0, r8, lsl #3
     3bc:	0a420c08 	beq	10833e4 <_etext+0x1080f50>
        pxTopOfStack = ( StackType_t * ) ( ( ( portPOINTER_SIZE_TYPE ) pxTopOfStack ) & ( ~( ( portPOINTER_SIZE_TYPE ) portBYTE_ALIGNMENT_MASK ) ) );
     3c0:	96060000 	strls	r0, [r6], -r0
     3c4:	00007e0c 	andeq	r7, r0, ip, lsl #28
    if( pcName != NULL )
     3c8:	9c0c0c00 	stcls	12, cr0, [ip], {-0}
        for( x = ( UBaseType_t ) 0; x < ( UBaseType_t ) configMAX_TASK_NAME_LEN; x++ )
     3cc:	06000008 	streq	r0, [r0], -r8
     3d0:	01c32897 			; <UNDEFINED> instruction: 0x01c32897
            pxNewTCB->pcTaskName[ x ] = pcName[ x ];
     3d4:	00100000 	andseq	r0, r0, r0
     3d8:	01390407 	teqeq	r9, r7, lsl #8
     3dc:	f30b0000 	vhadd.u8	d0, d11, d0
     3e0:	14000004 	strne	r0, [r0], #-4
     3e4:	c310ac06 	tstgt	r0, #1536	; 0x600
            if( pcName[ x ] == ( char ) 0x00 )
     3e8:	0c000001 	stceq	0, cr0, [r0], {1}
     3ec:	0000016f 	andeq	r0, r0, pc, ror #2
     3f0:	0d25af06 	stceq	15, cr10, [r5, #-24]!	; 0xffffffe8
        for( x = ( UBaseType_t ) 0; x < ( UBaseType_t ) configMAX_TASK_NAME_LEN; x++ )
     3f4:	00000001 	andeq	r0, r0, r1
     3f8:	0002380c 	andeq	r3, r2, ip, lsl #16
     3fc:	26b00600 	ldrtcs	r0, [r0], r0, lsl #12
                break;
     400:	00000216 	andeq	r0, r0, r6, lsl r2
        pxNewTCB->pcTaskName[ configMAX_TASK_NAME_LEN - 1U ] = '\0';
     404:	06040c04 	streq	r0, [r4], -r4, lsl #24
     408:	b1060000 	mrslt	r0, (UNDEF: 6)
    if( uxPriority >= ( UBaseType_t ) configMAX_PRIORITIES )
     40c:	00020a14 	andeq	r0, r2, r4, lsl sl
        uxPriority = ( UBaseType_t ) configMAX_PRIORITIES - ( UBaseType_t ) 1U;
     410:	07000800 	streq	r0, [r0, -r0, lsl #16]
    pxNewTCB->uxPriority = uxPriority;
     414:	00018e04 	andeq	r8, r1, r4, lsl #28
     418:	06290200 	strteq	r0, [r9], -r0, lsl #4
    vListInitialiseItem( &( pxNewTCB->xStateListItem ) );
     41c:	9a060000 	bls	180424 <_etext+0x17df90>
     420:	0001391b 	andeq	r3, r1, fp, lsl r9
    vListInitialiseItem( &( pxNewTCB->xEventListItem ) );
     424:	04d80b00 	ldrbeq	r0, [r8], #2816	; 0xb00
     428:	060c0000 	streq	r0, [ip], -r0
     42c:	020a0c9d 	andeq	r0, sl, #40192	; 0x9d00
    listSET_LIST_ITEM_OWNER( &( pxNewTCB->xStateListItem ), pxNewTCB );
     430:	e10c0000 	mrs	r0, (UNDEF: 12)
    listSET_LIST_ITEM_VALUE( &( pxNewTCB->xEventListItem ), ( TickType_t ) configMAX_PRIORITIES - ( TickType_t ) uxPriority );
     434:	06000008 	streq	r0, [r0], -r8
     438:	012328a0 			; <UNDEFINED> instruction: 0x012328a0
     43c:	0c000000 	stceq	0, cr0, [r0], {-0}
    listSET_LIST_ITEM_OWNER( &( pxNewTCB->xEventListItem ), pxNewTCB );
     440:	00000761 	andeq	r0, r0, r1, ror #14
            pxNewTCB->pxTopOfStack = pxPortInitialiseStack( pxTopOfStack, pxTaskCode, pvParameters );
     444:	8831a106 	ldmdahi	r1!, {r1, r2, r8, sp, pc}
     448:	04000001 	streq	r0, [r0], #-1
     44c:	0004670c 	andeq	r6, r4, ip, lsl #14
     450:	31a20600 			; <UNDEFINED> instruction: 0x31a20600
    if( pxCreatedTask != NULL )
     454:	00000188 	andeq	r0, r0, r8, lsl #3
     458:	25020008 	strcs	r0, [r2, #-8]
        *pxCreatedTask = ( TaskHandle_t ) pxNewTCB;
     45c:	06000006 	streq	r0, [r0], -r6
}
     460:	01d524a4 	bicseq	r2, r5, r4, lsr #9
     464:	04070000 	streq	r0, [r7], #-0
    {
     468:	000001c9 	andeq	r0, r0, r9, asr #3
     46c:	00021606 	andeq	r1, r2, r6, lsl #12
        taskENTER_CRITICAL();
     470:	082e0200 	stmdaeq	lr!, {r9}
            uxCurrentNumberOfTasks = ( UBaseType_t ) ( uxCurrentNumberOfTasks + 1U );
     474:	b3060000 	movwlt	r0, #24576	; 0x6000
     478:	00018e03 	andeq	r8, r1, r3, lsl #28
     47c:	02210600 	eoreq	r0, r1, #0, 12
            if( pxCurrentTCB == NULL )
     480:	f0020000 			; <UNDEFINED> instruction: 0xf0020000
     484:	07000007 	streq	r0, [r0, -r7]
                pxCurrentTCB = pxNewTCB;
     488:	023e2e63 	eorseq	r2, lr, #1584	; 0x630
                if( uxCurrentNumberOfTasks == ( UBaseType_t ) 1 )
     48c:	04070000 	streq	r0, [r7], #-0
     490:	00000244 	andeq	r0, r0, r4, asr #4
                    prvInitialiseTaskLists();
     494:	0001960d 	andeq	r9, r1, sp, lsl #12
     498:	79014c00 	stmdbvc	r1, {sl, fp, lr}
                if( xSchedulerRunning == pdFALSE )
     49c:	02c31001 	sbceq	r1, r3, #1
     4a0:	540e0000 	strpl	r0, [lr], #-0
                    if( pxCurrentTCB->uxPriority <= pxNewTCB->uxPriority )
     4a4:	0100000b 	tsteq	r0, fp
     4a8:	7c1c017b 	ldfvcs	f0, [ip], {123}	; 0x7b
     4ac:	00000003 	andeq	r0, r0, r3
                        pxCurrentTCB = pxNewTCB;
     4b0:	000b0d0e 	andeq	r0, fp, lr, lsl #26
     4b4:	01850100 	orreq	r0, r5, r0, lsl #2
            uxTaskNumber++;
     4b8:	0001c910 	andeq	ip, r1, r0, lsl r9
     4bc:	750e0400 	strvc	r0, [lr, #-1024]	; 0xfffffc00
            prvAddTaskToReadyList( pxNewTCB );
     4c0:	0100000a 	tsteq	r0, sl
     4c4:	c9100186 	ldmdbgt	r0, {r1, r2, r7, r8}
     4c8:	18000001 	stmdane	r0, {r0}
     4cc:	00017f0e 	andeq	r7, r1, lr, lsl #30
     4d0:	01870100 	orreq	r0, r7, r0, lsl #2
     4d4:	00010d11 	andeq	r0, r1, r1, lsl sp
     4d8:	1d0e2c00 	stcne	12, cr2, [lr, #-0]
     4dc:	01000009 	tsteq	r0, r9
     4e0:	76130188 	ldrvc	r0, [r3], -r8, lsl #3
     4e4:	30000003 	andcc	r0, r0, r3
     4e8:	0001640e 	andeq	r6, r1, lr, lsl #8
     4ec:	018d0100 	orreq	r0, sp, r0, lsl #2
     4f0:	0003820a 	andeq	r8, r3, sl, lsl #4
     4f4:	630e3400 	movwvs	r3, #58368	; 0xe400
     4f8:	01000005 	tsteq	r0, r5
     4fc:	a21b01b6 	andsge	r0, fp, #-2147483603	; 0x8000002d
     500:	44000003 	strmi	r0, [r0], #-3
     504:	00038e0e 	andeq	r8, r3, lr, lsl #28
     508:	01b70100 			; <UNDEFINED> instruction: 0x01b70100
     50c:	0003b71a 	andeq	fp, r3, sl, lsl r7
     510:	0f004800 	svceq	0x00004800
     514:	00540107 	subseq	r0, r4, r7, lsl #2
     518:	79070000 	stmdbvc	r7, {}	; <UNPREDICTABLE>
     51c:	0002f001 	andeq	pc, r2, r1
     520:	01ef1000 	mvneq	r1, r0
     524:	10000000 	andne	r0, r0, r0
     528:	00000861 	andeq	r0, r0, r1, ror #16
     52c:	04cd1001 	strbeq	r1, [sp], #1
     530:	10020000 	andne	r0, r2, r0
     534:	000003fd 	strdeq	r0, [r0], -sp
     538:	05ae1003 	streq	r1, [lr, #3]!
     53c:	00040000 	andeq	r0, r4, r0
     540:	0004b802 	andeq	fp, r4, r2, lsl #16
        taskEXIT_CRITICAL();
     544:	037f0700 	cmneq	pc, #0, 14
        if( xSchedulerRunning != pdFALSE )
     548:	000002c3 	andeq	r0, r0, r3, asr #5
     54c:	00024c0b 	andeq	r4, r2, fp, lsl #24
            taskYIELD_ANY_CORE_IF_USING_PREEMPTION( pxNewTCB );
     550:	84070800 	strhi	r0, [r7], #-2048	; 0xfffff800
     554:	00032410 	andeq	r2, r3, r0, lsl r4
     558:	03230c00 			; <UNDEFINED> instruction: 0x03230c00
     55c:	86070000 	strhi	r0, [r7], -r0
     560:	0000f710 	andeq	pc, r0, r0, lsl r7	; <UNPREDICTABLE>
     564:	420c0000 	andmi	r0, ip, #0
     568:	07000007 	streq	r0, [r0, -r7]
    }
     56c:	01231087 	smlawbeq	r3, r7, r0, r1
     570:	00040000 	andeq	r0, r4, r0
     574:	0007bc02 	andeq	fp, r7, r2, lsl #24
     578:	03880700 	orreq	r0, r8, #0, 14
     57c:	000002fc 	strdeq	r0, [r0], -ip
     580:	00086a0b 	andeq	r6, r8, fp, lsl #20
     584:	8d070c00 	stchi	12, cr0, [r7, #-0]
     588:	00036510 	andeq	r6, r3, r0, lsl r5
     58c:	09d50c00 	ldmibeq	r5, {sl, fp}^
{
     590:	8f070000 	svchi	0x00070000
     594:	00007e0c 	andeq	r7, r0, ip, lsl #28
    BaseType_t xReturn = pdPASS;
     598:	160c0000 	strne	r0, [ip], -r0
    char cIdleName[ configMAX_TASK_NAME_LEN ] = { 0 };
     59c:	07000007 	streq	r0, [r0, -r7]
     5a0:	00b30e90 	umlalseq	r0, r3, r0, lr
     5a4:	0c040000 	stceq	0, cr0, [r4], {-0}
    TaskFunction_t pxIdleTaskFunction = NULL;
     5a8:	00000354 	andeq	r0, r0, r4, asr r3
    for( xIdleTaskNameIndex = 0U; xIdleTaskNameIndex < ( configMAX_TASK_NAME_LEN - taskRESERVED_TASK_NAME_LENGTH ); xIdleTaskNameIndex++ )
     5ac:	b30e9107 	movwlt	r9, #57607	; 0xe107
     5b0:	08000000 	stmdaeq	r0, {}	; <UNPREDICTABLE>
        cIdleName[ xIdleTaskNameIndex ] = configIDLE_TASK_NAME[ xIdleTaskNameIndex ];
     5b4:	06970200 	ldreq	r0, [r7], r0, lsl #4
     5b8:	92070000 	andls	r0, r7, #0
     5bc:	00033003 	andeq	r3, r3, r3
     5c0:	03650600 	cmneq	r5, #0, 12
        if( cIdleName[ xIdleTaskNameIndex ] == ( char ) 0x00 )
     5c4:	04070000 	streq	r0, [r7], #-0
     5c8:	000000e1 	andeq	r0, r0, r1, ror #1
     5cc:	00ed0407 	rsceq	r0, sp, r7, lsl #8
    for( xIdleTaskNameIndex = 0U; xIdleTaskNameIndex < ( configMAX_TASK_NAME_LEN - taskRESERVED_TASK_NAME_LENGTH ); xIdleTaskNameIndex++ )
     5d0:	8b110000 	blhi	4405d8 <_etext+0x43e144>
     5d4:	92000000 	andls	r0, r0, #0
     5d8:	12000003 	andne	r0, r0, #3
     5dc:	00000031 	andeq	r0, r0, r1, lsr r0
    cIdleName[ xIdleTaskNameIndex ] = '\0';
     5e0:	bf11000f 	svclt	0x0011000f
     5e4:	a2000000 	andge	r0, r0, #0
     5e8:	12000003 	andne	r0, r0, #3
    for( xCoreID = ( BaseType_t ) 0; xCoreID < ( BaseType_t ) configNUMBER_OF_CORES; xCoreID++ )
     5ec:	00000031 	andeq	r0, r0, r1, lsr r0
            pxIdleTaskFunction = &prvIdleTask;
     5f0:	92080000 	andls	r0, r8, #0
            xReturn = xTaskCreate( pxIdleTaskFunction,
     5f4:	11000003 	tstne	r0, r3
     5f8:	000000ae 	andeq	r0, r0, lr, lsr #1
     5fc:	000003b7 			; <UNDEFINED> instruction: 0x000003b7
     600:	00003112 	andeq	r3, r0, r2, lsl r1
     604:	08000000 	stmdaeq	r0, {}	; <UNPREDICTABLE>
     608:	000003a7 	andeq	r0, r0, r7, lsr #7
     60c:	00037013 	andeq	r7, r3, r3, lsl r0
     610:	01c70100 	biceq	r0, r7, r0, lsl #2
        if( xReturn != pdPASS )
     614:	00024403 	andeq	r4, r2, r3, lsl #8
    for( xCoreID = ( BaseType_t ) 0; xCoreID < ( BaseType_t ) configNUMBER_OF_CORES; xCoreID++ )
     618:	0a3c1300 	beq	f05220 <_etext+0xf02d8c>
     61c:	cb010000 	blgt	40624 <_etext+0x3e190>
     620:	03bc1001 			; <UNDEFINED> instruction: 0x03bc1001
     624:	a8140000 	ldmdage	r4, {}	; <UNPREDICTABLE>
    return xReturn;
     628:	01000008 	tsteq	r0, r8
}
     62c:	ef3701d1 	svc	0x003701d1
     630:	05000003 	streq	r0, [r0, #-3]
     634:	00000803 	andeq	r0, r0, r3, lsl #16
     638:	c9040720 	stmdbgt	r4, {r5, r8, r9, sl}
     63c:	08000003 	stmdaeq	r0, {r0, r1}
{
     640:	000003e9 	andeq	r0, r0, r9, ror #7
     644:	00022111 	andeq	r2, r2, r1, lsl r1
    xReturn = prvCreateIdleTasks();
     648:	00040400 	andeq	r0, r4, r0, lsl #8
    if( xReturn == pdPASS )
     64c:	00311200 	eorseq	r1, r1, r0, lsl #4
     650:	000e0000 	andeq	r0, lr, r0
    __asm volatile
     654:	00027d15 	andeq	r7, r2, r5, lsl sp
     658:	01de0100 	bicseq	r0, lr, r0, lsl #2
     65c:	0003f41f 	andeq	pc, r3, pc, lsl r4	; <UNPREDICTABLE>
     660:	0c030500 	cfstr32eq	mvfx0, [r3], {-0}
}
     664:	15200000 	strne	r0, [r0, #-0]!
        xNextTaskUnblockTime = portMAX_DELAY;
     668:	000002ff 	strdeq	r0, [r0], -pc	; <UNPREDICTABLE>
     66c:	1f01df01 	svcne	0x0001df01
        xSchedulerRunning = pdTRUE;
     670:	00000221 	andeq	r0, r0, r1, lsr #4
        xTickCount = ( TickType_t ) configINITIAL_TICK_COUNT;
     674:	01380305 	teqeq	r8, r5, lsl #6
     678:	11152000 	tstne	r5, r0
        ( void ) xPortStartScheduler();
     67c:	01000003 	tsteq	r0, r3
    ( void ) uxTopUsedPriority;
     680:	211f01e0 	tstcs	pc, r0, ror #3
}
     684:	05000002 	streq	r0, [r0, #-2]
     688:	00014c03 	andeq	r4, r1, r3, lsl #24
     68c:	08fb1520 	ldmeq	fp!, {r5, r8, sl, ip}^
     690:	e1010000 	mrs	r0, (UNDEF: 1)
     694:	04562a01 	ldrbeq	r2, [r6], #-2561	; 0xfffff5ff
     698:	03050000 	movweq	r0, #20480	; 0x5000
{
     69c:	20000160 	andcs	r0, r0, r0, ror #2
     6a0:	02210407 	eoreq	r0, r1, #117440512	; 0x7000000
    __asm volatile
     6a4:	50080000 	andpl	r0, r8, r0
     6a8:	06000004 	streq	r0, [r0], -r4
     6ac:	00000450 	andeq	r0, r0, r0, asr r4
     6b0:	00052215 	andeq	r2, r5, r5, lsl r2
}
     6b4:	01e20100 	mvneq	r0, r0, lsl #2
    xSchedulerRunning = pdFALSE;
     6b8:	0004562a 	andeq	r5, r4, sl, lsr #12
    vPortEndScheduler();
     6bc:	64030500 	strvs	r0, [r3], #-1280	; 0xfffffb00
}
     6c0:	15200001 	strne	r0, [r0, #-1]!
     6c4:	00000455 	andeq	r0, r0, r5, asr r4
     6c8:	1f01e301 	svcne	0x0001e301
{
     6cc:	00000221 	andeq	r0, r0, r1, lsr #4
        uxSchedulerSuspended = ( UBaseType_t ) ( uxSchedulerSuspended + 1U );
     6d0:	01680305 	cmneq	r8, r5, lsl #6
     6d4:	ea152000 	b	5486dc <_etext+0x546248>
     6d8:	0100000a 	tsteq	r0, sl
}
     6dc:	192d01f9 	pushne	{r0, r3, r4, r5, r6, r7, r8}
     6e0:	05000001 	streq	r0, [r0, #-1]
     6e4:	00017c03 	andeq	r7, r1, r3, lsl #24
{
     6e8:	04e81520 	strbteq	r1, [r8], #1312	; 0x520
     6ec:	fa010000 	blx	406f4 <_etext+0x3e260>
    TCB_t * pxTCB = NULL;
     6f0:	012f2c01 			; <UNDEFINED> instruction: 0x012f2c01
    BaseType_t xAlreadyYielded = pdFALSE;
     6f4:	03050000 	movweq	r0, #20480	; 0x5000
        taskENTER_CRITICAL();
     6f8:	20000180 	andcs	r0, r0, r0, lsl #3
            const BaseType_t xCoreID = ( BaseType_t ) portGET_CORE_ID();
     6fc:	0001f915 	andeq	pc, r1, r5, lsl r9	; <UNPREDICTABLE>
            uxSchedulerSuspended = ( UBaseType_t ) ( uxSchedulerSuspended - 1U );
     700:	01fb0100 	mvnseq	r0, r0, lsl #2
     704:	0001192d 	andeq	r1, r1, sp, lsr #18
            if( uxSchedulerSuspended == ( UBaseType_t ) 0U )
     708:	84030500 	strhi	r0, [r3], #-1280	; 0xfffffb00
     70c:	15200001 	strne	r0, [r0, #-1]!
     710:	00000226 	andeq	r0, r0, r6, lsr #4
                if( uxCurrentNumberOfTasks > ( UBaseType_t ) 0U )
     714:	2c01fc01 	stccs	12, cr15, [r1], {1}
     718:	00000103 	andeq	r0, r0, r3, lsl #2
                    while( listLIST_IS_EMPTY( &xPendingReadyList ) == pdFALSE )
     71c:	01880305 	orreq	r0, r8, r5, lsl #6
                        pxTCB = listGET_OWNER_OF_HEAD_ENTRY( ( &xPendingReadyList ) );
     720:	84152000 	ldrhi	r2, [r5], #-0
     724:	0100000a 	tsteq	r0, sl
                        listREMOVE_ITEM( &( pxTCB->xEventListItem ) );
     728:	2f2c01fd 	svccs	0x002c01fd
     72c:	05000001 	streq	r0, [r0, #-1]
     730:	00018c03 	andeq	r8, r1, r3, lsl #24
     734:	01031120 	tsteq	r3, r0, lsr #2
     738:	04f50000 	ldrbteq	r0, [r5], #0
     73c:	31120000 	tstcc	r2, r0
     740:	00000000 	andeq	r0, r0, r0
     744:	04e50800 	strbteq	r0, [r5], #2048	; 0x800
     748:	d4150000 	ldrle	r0, [r5], #-0
     74c:	01000002 	tsteq	r0, r2
     750:	f52c01fe 			; <UNDEFINED> instruction: 0xf52c01fe
     754:	05000004 	streq	r0, [r0, #-4]
     758:	00019003 	andeq	r9, r1, r3
     75c:	088c1520 	stmeq	ip, {r5, r8, sl, ip}
     760:	ff010000 			; <UNDEFINED> instruction: 0xff010000
                        listREMOVE_ITEM( &( pxTCB->xStateListItem ) );
     764:	01032c01 	tsteq	r3, r1, lsl #24
     768:	03050000 	movweq	r0, #20480	; 0x5000
     76c:	20000194 	mulcs	r0, r4, r1
     770:	0007e315 	andeq	lr, r7, r5, lsl r3
     774:	02000100 	andeq	r0, r0, #0, 2
     778:	00010d24 	andeq	r0, r1, r4, lsr #26
     77c:	98030500 	stmdals	r3, {r8, sl}
     780:	15200001 	strne	r0, [r0, #-1]!
     784:	000006a6 	andeq	r0, r0, r6, lsr #13
     788:	2c020101 	stfcss	f0, [r2], {1}
     78c:	0000012f 	andeq	r0, r0, pc, lsr #2
     790:	019c0305 	orrseq	r0, ip, r5, lsl #6
     794:	32112000 	andscc	r2, r1, #0
     798:	56000002 	strpl	r0, [r0], -r2
     79c:	12000005 	andne	r0, r0, #5
     7a0:	00000031 	andeq	r0, r0, r1, lsr r0
                        prvAddTaskToReadyList( pxTCB );
     7a4:	52150000 	andspl	r0, r5, #0
     7a8:	01000005 	tsteq	r0, r5
     7ac:	46250202 	strtmi	r0, [r5], -r2, lsl #4
     7b0:	05000005 	streq	r0, [r0, #-5]
     7b4:	0001a003 	andeq	sl, r1, r3
     7b8:	04891520 	streq	r1, [r9], #1312	; 0x520
     7bc:	07010000 	streq	r0, [r1, -r0]
     7c0:	011e2302 	tsteq	lr, r2, lsl #6
     7c4:	03050000 	movweq	r0, #20480	; 0x5000
     7c8:	20000000 	andcs	r0, r0, r0
     7cc:	000b3f15 	andeq	r3, fp, r5, lsl pc
     7d0:	02150100 	andseq	r0, r5, #0, 2
     7d4:	0001192d 	andeq	r1, r1, sp, lsr #18
     7d8:	a4030500 	strge	r0, [r3], #-1280	; 0xfffffb00
     7dc:	16200001 	strtne	r0, [r0], -r1
     7e0:	00000472 	andeq	r0, r0, r2, ror r4
     7e4:	0622d401 	strteq	sp, [r2], -r1, lsl #8
     7e8:	00001b3c 	andeq	r1, r0, ip, lsr fp
     7ec:	00000094 	muleq	r0, r4, r0
     7f0:	05b79c01 	ldreq	r9, [r7, #3073]!	; 0xc01
     7f4:	5c150000 	ldcpl	0, cr0, [r5], {-0}
     7f8:	01000001 	tsteq	r0, r1
     7fc:	f71022d6 			; <UNDEFINED> instruction: 0xf71022d6
     800:	02000000 	andeq	r0, r0, #0
     804:	17007491 			; <UNDEFINED> instruction: 0x17007491
     808:	00000aaa 	andeq	r0, r0, sl, lsr #21
     80c:	0d21ed01 	stceq	13, cr14, [r1, #-4]!
     810:	00001a90 	muleq	r0, r0, sl
     814:	000000ac 	andeq	r0, r0, ip, lsr #1
     818:	062f9c01 	strteq	r9, [pc], -r1, lsl #24
     81c:	21180000 	tstcs	r8, r0
     820:	0100000a 	tsteq	r0, sl
                            if( pxTCB->uxPriority > pxCurrentTCB->uxPriority )
     824:	233821ed 	teqcs	r8, #1073741883	; 0x4000003b
     828:	02000001 	andeq	r0, r0, #1
     82c:	bf186491 	svclt	0x00186491
     830:	01000009 	tsteq	r0, r9
                                xYieldPendings[ xCoreID ] = pdTRUE;
     834:	083e21ee 	ldmdaeq	lr!, {r1, r2, r3, r5, r6, r7, r8, sp}
     838:	02000001 	andeq	r0, r0, #1
                    while( listLIST_IS_EMPTY( &xPendingReadyList ) == pdFALSE )
     83c:	01156091 			; <UNDEFINED> instruction: 0x01156091
     840:	0100000b 	tsteq	r0, fp
     844:	231021f0 	tstcs	r0, #240, 2	; 0x3c
                    if( pxTCB != NULL )
     848:	02000001 	andeq	r0, r0, #1
                        prvResetNextTaskUnblockTime();
     84c:	0b156891 	bleq	55aa98 <_etext+0x558604>
                        TickType_t xPendedCounts = xPendedTicks; /* Non-volatile copy. */
     850:	01000005 	tsteq	r0, r5
     854:	341621f1 	ldrcc	r2, [r6], #-497	; 0xfffffe0f
                        if( xPendedCounts > ( TickType_t ) 0U )
     858:	02000001 	andeq	r0, r0, #1
                                if( xTaskIncrementTick() != pdFALSE )
     85c:	0c157491 	cfldrseq	mvf7, [r5], {145}	; 0x91
     860:	01000002 	tsteq	r0, r2
     864:	5b1421f2 	blpl	509034 <_etext+0x506ba0>
                                    xYieldPendings[ xCoreID ] = pdTRUE;
     868:	02000004 	andeq	r0, r0, #4
     86c:	bd157091 	ldclt	0, cr7, [r5, #-580]	; 0xfffffdbc
                                --xPendedCounts;
     870:	0100000b 	tsteq	r0, fp
     874:	5b1421f3 	blpl	509048 <_etext+0x506bb4>
                            } while( xPendedCounts > ( TickType_t ) 0U );
     878:	02000004 	andeq	r0, r0, #4
                            xPendedTicks = 0;
     87c:	19006c91 	stmdbne	r0, {r0, r4, r7, sl, fp, sp, lr}
     880:	000006e0 	andeq	r0, r0, r0, ror #13
                    if( xYieldPendings[ xCoreID ] != pdFALSE )
     884:	0e212601 	cfmadda32eq	mvax0, mvax2, mvfx1, mvfx1
     888:	000000b3 	strheq	r0, [r0], -r3
     88c:	00001a30 	andeq	r1, r0, r0, lsr sl
                            xAlreadyYielded = pdTRUE;
     890:	00000060 	andeq	r0, r0, r0, rrx
                            taskYIELD_TASK_CORE_IF_USING_PREEMPTION( pxCurrentTCB );
     894:	069b9c01 	ldreq	r9, [fp], r1, lsl #24
     898:	5b180000 	blpl	6008a0 <_etext+0x5fe40c>
     89c:	01000008 	tsteq	r0, r8
     8a0:	323a2126 	eorscc	r2, sl, #-2147483639	; 0x80000009
     8a4:	02000002 	andeq	r0, r0, #2
        taskEXIT_CRITICAL();
     8a8:	61186c91 			; <UNDEFINED> instruction: 0x61186c91
}
     8ac:	01000003 	tsteq	r0, r3
     8b0:	0d392127 	ldfeqs	f2, [r9, #-156]!	; 0xffffff64
     8b4:	02000001 	andeq	r0, r0, #1
     8b8:	56186891 			; <UNDEFINED> instruction: 0x56186891
     8bc:	01000002 	tsteq	r0, r2
     8c0:	b3362128 	teqlt	r6, #40, 2
     8c4:	02000000 	andeq	r0, r0, #0
     8c8:	1c156491 	cfldrsne	mvf6, [r5], {145}	; 0x91
     8cc:	0100000b 	tsteq	r0, fp
     8d0:	e911212a 	ldmdb	r1, {r1, r3, r5, r8, sp}
     8d4:	02000003 	andeq	r0, r0, #3
{
     8d8:	d7157491 			; <UNDEFINED> instruction: 0xd7157491
     8dc:	01000006 	tsteq	r0, r6
        xTicks = xTickCount;
     8e0:	b312212b 	tstlt	r2, #-1073741814	; 0xc000000a
    return xTicks;
     8e4:	02000000 	andeq	r0, r0, #0
}
     8e8:	19007091 	stmdbne	r0, {r0, r4, r7, ip, sp, lr}
     8ec:	00000b22 	andeq	r0, r0, r2, lsr #22
     8f0:	1020ff01 	eorne	pc, r0, r1, lsl #30
{
     8f4:	000000f7 	strdeq	r0, [r0], -r7
     8f8:	000019d8 	ldrdeq	r1, [r0], -r8
    uxSavedInterruptStatus = portTICK_TYPE_SET_INTERRUPT_MASK_FROM_ISR();
     8fc:	00000058 	andeq	r0, r0, r8, asr r0
        xReturn = xTickCount;
     900:	06f79c01 	ldrbteq	r9, [r7], r1, lsl #24
    return xReturn;
     904:	5b180000 	blpl	60090c <_etext+0x5fe478>
}
     908:	01000008 	tsteq	r0, r8
     90c:	323b20ff 	eorscc	r2, fp, #255	; 0xff
     910:	02000002 	andeq	r0, r0, #2
{
     914:	61186c91 			; <UNDEFINED> instruction: 0x61186c91
    return uxCurrentNumberOfTasks;
     918:	01000003 	tsteq	r0, r3
}
     91c:	0d3a2100 	ldfeqs	f2, [sl, #-0]
     920:	02000001 	andeq	r0, r0, #1
     924:	1c156891 	ldcne	8, cr6, [r5], {145}	; 0x91
{
     928:	0100000b 	tsteq	r0, fp
     92c:	e9112102 	ldmdb	r1, {r1, r8, sp}
    pxTCB = prvGetTCBFromHandle( xTaskToQuery );
     930:	02000003 	andeq	r0, r0, #3
     934:	cf157091 	svcgt	0x00157091
     938:	01000006 	tsteq	r0, r6
     93c:	f7142103 			; <UNDEFINED> instruction: 0xf7142103
    return &( pxTCB->pcTaskName[ 0 ] );
     940:	02000000 	andeq	r0, r0, #0
}
     944:	16007491 			; <UNDEFINED> instruction: 0x16007491
     948:	000009e3 	andeq	r0, r0, r3, ror #19
     94c:	0a207b01 	beq	81f558 <_etext+0x81d0c4>
     950:	0000181c 	andeq	r1, r0, ip, lsl r8
{
     954:	000001bc 			; <UNDEFINED> instruction: 0x000001bc
     958:	08099c01 	stmdaeq	r9, {r0, sl, fp, ip, pc}
    vTaskSuspendAll();
     95c:	4d180000 	ldcmi	0, cr0, [r8, #-0]
    taskENTER_CRITICAL();
     960:	01000008 	tsteq	r0, r8
        xPendedTicks += xTicksToCatchUp;
     964:	3236207b 	eorscc	r2, r6, #123	; 0x7b
     968:	02000002 	andeq	r0, r0, #2
     96c:	7f184c91 	svcvc	0x00184c91
    taskEXIT_CRITICAL();
     970:	0100000b 	tsteq	r0, fp
    xYieldOccurred = xTaskResumeAll();
     974:	0d35207c 	ldceq	0, cr2, [r5, #-496]!	; 0xfffffe10
     978:	02000001 	andeq	r0, r0, #1
}
     97c:	d5184891 	ldrle	r4, [r8, #-2193]	; 0xfffff76f
     980:	01000001 	tsteq	r0, r1
     984:	0936207d 	ldmdbeq	r6!, {r0, r2, r3, r4, r5, r6, sp}
{
     988:	02000008 	andeq	r0, r0, #8
     98c:	1c154491 	cfldrsne	mvf4, [r5], {145}	; 0x91
    BaseType_t xSwitchRequired = pdFALSE;
     990:	0100000b 	tsteq	r0, fp
    if( uxSchedulerSuspended == ( UBaseType_t ) 0U )
     994:	e911207f 	ldmdb	r1, {r0, r1, r2, r3, r4, r5, r6, sp}
     998:	02000003 	andeq	r0, r0, #3
        const TickType_t xConstTickCount = xTickCount + ( TickType_t ) 1;
     99c:	8f157491 	svchi	0x00157491
     9a0:	01000002 	tsteq	r0, r2
        xTickCount = xConstTickCount;
     9a4:	a2112080 	andsge	r2, r1, #128	; 0x80
     9a8:	02000000 	andeq	r0, r0, #0
        if( xConstTickCount == ( TickType_t ) 0U )
     9ac:	77156f91 			; <UNDEFINED> instruction: 0x77156f91
            taskSWITCH_DELAYED_LISTS();
     9b0:	01000003 	tsteq	r0, r3
     9b4:	0d152081 	ldceq	0, cr2, [r5, #-516]	; 0xfffffdfc
     9b8:	02000001 	andeq	r0, r0, #1
     9bc:	8e1a7091 	mrchi	0, 0, r7, cr10, cr1, {4}
     9c0:	3e000018 	mcrcc	0, 0, r0, cr0, cr8, {0}
     9c4:	8c000000 	stchi	0, cr0, [r0], {-0}
     9c8:	15000007 	strne	r0, [r0, #-7]
     9cc:	00000b78 	andeq	r0, r0, r8, ror fp
     9d0:	1520b301 	strne	fp, [r0, #-769]!	; 0xfffffcff
        if( xConstTickCount >= xNextTaskUnblockTime )
     9d4:	0000045b 	andeq	r0, r0, fp, asr r4
     9d8:	00649102 	rsbeq	r9, r4, r2, lsl #2
     9dc:	0018de1a 	andseq	sp, r8, sl, lsl lr
                if( listLIST_IS_EMPTY( pxDelayedTaskList ) != pdFALSE )
     9e0:	00007000 	andeq	r7, r0, r0
     9e4:	0007aa00 	andeq	sl, r7, r0, lsl #20
                    xNextTaskUnblockTime = portMAX_DELAY;
     9e8:	02381500 	eorseq	r1, r8, #0, 10
     9ec:	b4010000 	strlt	r0, [r1], #-0
                    break;
     9f0:	021c1520 	andseq	r1, ip, #32, 10	; 0x8000000
                    pxTCB = listGET_OWNER_OF_HEAD_ENTRY( pxDelayedTaskList );
     9f4:	91020000 	mrsls	r0, (UNDEF: 2)
     9f8:	501a0060 	andspl	r0, sl, r0, rrx
                    xItemValue = listGET_LIST_ITEM_VALUE( &( pxTCB->xStateListItem ) );
     9fc:	38000019 	stmdacc	r0, {r0, r3, r4}
     a00:	c8000000 	stmdagt	r0, {}	; <UNPREDICTABLE>
                    if( xConstTickCount < xItemValue )
     a04:	15000007 	strne	r0, [r0, #-7]
     a08:	00000238 	andeq	r0, r0, r8, lsr r2
                        xNextTaskUnblockTime = xItemValue;
     a0c:	1520ca01 	strne	ip, [r0, #-2561]!	; 0xfffff5ff
                        break;
     a10:	0000021c 	andeq	r0, r0, ip, lsl r2
                    listREMOVE_ITEM( &( pxTCB->xStateListItem ) );
     a14:	00689102 	rsbeq	r9, r8, r2, lsl #2
     a18:	0015bd1b 	andseq	fp, r5, fp, lsl sp
     a1c:	00182c00 	andseq	r2, r8, r0, lsl #24
     a20:	00001a00 	andeq	r1, r0, r0, lsl #20
     a24:	209f0100 	addscs	r0, pc, r0, lsl #2
     a28:	0007ee32 	andeq	lr, r7, r2, lsr lr
     a2c:	15ce1c00 	strbne	r1, [lr, #3072]	; 0xc00
     a30:	91020000 	mrsls	r0, (UNDEF: 2)
     a34:	15da1c5c 	ldrbne	r1, [sl, #3164]	; 0xc5c
     a38:	91020000 	mrsls	r0, (UNDEF: 2)
     a3c:	a31d0058 	tstge	sp, #88	; 0x58
     a40:	ac000015 	stcge	0, cr0, [r0], {21}
     a44:	08000019 	stmdaeq	r0, {r0, r3, r4}
     a48:	01000000 	mrseq	r0, (UNDEF: 0)
     a4c:	1e0920f5 	mcrne	0, 0, r2, cr9, cr5, {7}
                    if( listLIST_ITEM_CONTAINER( &( pxTCB->xEventListItem ) ) != NULL )
     a50:	000015b0 			; <UNDEFINED> instruction: 0x000015b0
     a54:	00549102 	subseq	r9, r4, r2, lsl #2
                        listREMOVE_ITEM( &( pxTCB->xEventListItem ) );
     a58:	f7040700 			; <UNDEFINED> instruction: 0xf7040700
     a5c:	1f000000 	svcne	0x00000000
     a60:	000002ba 			; <UNDEFINED> instruction: 0x000002ba
     a64:	101fc501 	andsne	ip, pc, r1, lsl #10
     a68:	000000f7 	strdeq	r0, [r0], -r7
     a6c:	000015d0 	ldrdeq	r1, [r0], -r0
     a70:	0000024c 	andeq	r0, r0, ip, asr #4
     a74:	09659c01 	stmdbeq	r5!, {r0, sl, fp, ip, pc}^
     a78:	4d180000 	ldcmi	0, cr0, [r8, #-0]
     a7c:	01000008 	tsteq	r0, r8
     a80:	32381fc5 	eorscc	r1, r8, #788	; 0x314
     a84:	02000002 	andeq	r0, r0, #2
     a88:	7f184c91 	svcvc	0x00184c91
     a8c:	0100000b 	tsteq	r0, fp
     a90:	0d371fc6 	ldceq	15, cr1, [r7, #-792]!	; 0xfffffce8
     a94:	02000001 	andeq	r0, r0, #1
                    prvAddTaskToReadyList( pxTCB );
     a98:	25184891 	ldrcs	r4, [r8, #-2193]	; 0xfffff76f
     a9c:	01000009 	tsteq	r0, r9
     aa0:	b3341fc7 	teqlt	r4, #796	; 0x31c
     aa4:	02000000 	andeq	r0, r0, #0
     aa8:	fd184491 	ldc2	4, cr4, [r8, #-580]	; 0xfffffdbc
     aac:	01000007 	tsteq	r0, r7
     ab0:	f0391fc8 			; <UNDEFINED> instruction: 0xf0391fc8
     ab4:	02000002 	andeq	r0, r0, #2
     ab8:	68184391 	ldmdavs	r8, {r0, r4, r7, r8, r9, lr}
     abc:	01000007 	tsteq	r0, r7
     ac0:	65361fc9 	ldrvs	r1, [r6, #-4041]!	; 0xfffff037
     ac4:	02000009 	andeq	r0, r0, #9
     ac8:	d5180091 	ldrle	r0, [r8, #-145]	; 0xffffff6f
     acc:	01000001 	tsteq	r0, r1
     ad0:	09381fca 	ldmdbeq	r8!, {r1, r3, r6, r7, r8, r9, sl, fp, ip}
     ad4:	02000008 	andeq	r0, r0, #8
     ad8:	1c150491 	cfldrsne	mvf0, [r5], {145}	; 0x91
     adc:	0100000b 	tsteq	r0, fp
     ae0:	e9111fcc 	ldmdb	r1, {r2, r3, r6, r7, r8, r9, sl, fp, ip}
     ae4:	02000003 	andeq	r0, r0, #3
     ae8:	8f157091 	svchi	0x00157091
     aec:	01000002 	tsteq	r0, r2
     af0:	a2111fcd 	andsge	r1, r1, #820	; 0x334
     af4:	02000000 	andeq	r0, r0, #0
     af8:	cf156b91 	svcgt	0x00156b91
     afc:	01000006 	tsteq	r0, r6
     b00:	f7141fce 			; <UNDEFINED> instruction: 0xf7141fce
     b04:	02000000 	andeq	r0, r0, #0
     b08:	77157491 			; <UNDEFINED> instruction: 0x77157491
     b0c:	01000003 	tsteq	r0, r3
     b10:	0d151fcf 	ldceq	15, cr1, [r5, #-828]	; 0xfffffcc4
     b14:	02000001 	andeq	r0, r0, #1
                            if( pxTCB->uxPriority > pxCurrentTCB->uxPriority )
     b18:	d01a6c91 	mulsle	sl, r1, ip
     b1c:	3e000016 	mcrcc	0, 0, r0, cr0, cr6, {0}
     b20:	e8000000 	stmda	r0, {}	; <UNPREDICTABLE>
     b24:	15000008 	strne	r0, [r0, #-8]
                                xSwitchRequired = pdTRUE;
     b28:	00000b78 	andeq	r0, r0, r8, ror fp
                if( listLIST_IS_EMPTY( pxDelayedTaskList ) != pdFALSE )
     b2c:	15202d01 	strne	r2, [r0, #-3329]!	; 0xfffff2ff
                if( listCURRENT_LIST_LENGTH( &( pxReadyTasksLists[ pxCurrentTCB->uxPriority ] ) ) > 1U )
     b30:	0000045b 	andeq	r0, r0, fp, asr r4
     b34:	00609102 	rsbeq	r9, r0, r2, lsl #2
     b38:	0017201a 	andseq	r2, r7, sl, lsl r0
     b3c:	00007000 	andeq	r7, r0, r0
     b40:	00090600 	andeq	r0, r9, r0, lsl #12
     b44:	02381500 	eorseq	r1, r8, #0, 10
                    xSwitchRequired = pdTRUE;
     b48:	2e010000 	cdpcs	0, 0, cr0, cr1, cr0, {0}
                if( xYieldPendings[ 0 ] != pdFALSE )
     b4c:	021c1520 	andseq	r1, ip, #32, 10	; 0x8000000
     b50:	91020000 	mrsls	r0, (UNDEF: 2)
                    xSwitchRequired = pdTRUE;
     b54:	921a005c 	andsls	r0, sl, #92	; 0x5c
        xPendedTicks += 1U;
     b58:	38000017 	stmdacc	r0, {r0, r1, r2, r4}
     b5c:	24000000 	strcs	r0, [r0], #-0
     b60:	15000009 	strne	r0, [r0, #-9]
}
     b64:	00000238 	andeq	r0, r0, r8, lsr r2
     b68:	15204401 	strne	r4, [r0, #-1025]!	; 0xfffffbff
     b6c:	0000021c 	andeq	r0, r0, ip, lsl r2
     b70:	00649102 	rsbeq	r9, r4, r2, lsl #2
     b74:	0015bd1b 	andseq	fp, r5, fp, lsl sp
     b78:	0015e600 	andseq	lr, r5, r0, lsl #12
     b7c:	00001a00 	andeq	r1, r0, r0, lsl #20
     b80:	1fed0100 	svcne	0x00ed0100
     b84:	00094a32 	andeq	r4, r9, r2, lsr sl
     b88:	15ce1c00 	strbne	r1, [lr, #3072]	; 0xc00
     b8c:	91020000 	mrsls	r0, (UNDEF: 2)
     b90:	15da1c58 	ldrbne	r1, [sl, #3160]	; 0xc58
     b94:	91020000 	mrsls	r0, (UNDEF: 2)
    {
     b98:	a31d0054 	tstge	sp, #84	; 0x54
     b9c:	ee000015 	mcr	0, 0, r0, cr0, cr5, {0}
        if( uxSchedulerSuspended != ( UBaseType_t ) 0U )
     ba0:	08000017 	stmdaeq	r0, {r0, r1, r2, r4}
     ba4:	01000000 	mrseq	r0, (UNDEF: 0)
            xYieldPendings[ 0 ] = pdTRUE;
     ba8:	1e09206f 	cdpne	0, 0, cr2, cr9, cr15, {3}
    }
     bac:	000015b0 			; <UNDEFINED> instruction: 0x000015b0
            xYieldPendings[ 0 ] = pdFALSE;
     bb0:	00509102 	subseq	r9, r0, r2, lsl #2
            taskSELECT_HIGHEST_PRIORITY_TASK();
     bb4:	b3040700 	movwlt	r0, #18176	; 0x4700
     bb8:	19000000 	stmdbne	r0, {}	; <UNPREDICTABLE>
        __asm volatile ( "clz %0, %1" : "=r" ( ucReturn ) : "r" ( ulBitmap ) : "memory" );
     bbc:	000003ae 	andeq	r0, r0, lr, lsr #7
     bc0:	101f4d01 	andsne	r4, pc, r1, lsl #26
     bc4:	000000f7 	strdeq	r0, [r0], -r7
     bc8:	000013fc 	strdeq	r1, [r0], -ip
     bcc:	000001d4 	ldrdeq	r0, [r0], -r4
     bd0:	0a3f9c01 	beq	fe7bdc <_etext+0xfe5748>
     bd4:	4d180000 	ldcmi	0, cr0, [r8, #-0]
     bd8:	01000008 	tsteq	r0, r8
     bdc:	32311f4d 	eorscc	r1, r1, #308	; 0x134
     be0:	02000002 	andeq	r0, r0, #2
     be4:	7f185c91 	svcvc	0x00185c91
     be8:	0100000b 	tsteq	r0, fp
     bec:	0d301f4e 	ldceq	15, cr1, [r0, #-312]!	; 0xfffffec8
     bf0:	02000001 	andeq	r0, r0, #1
     bf4:	25185891 	ldrcs	r5, [r8, #-2193]	; 0xfffff76f
     bf8:	01000009 	tsteq	r0, r9
     bfc:	b32d1f4f 			; <UNDEFINED> instruction: 0xb32d1f4f
     c00:	02000000 	andeq	r0, r0, #0
            portTASK_SWITCH_HOOK( pxCurrentTCB );
     c04:	fd185491 	ldc2	4, cr5, [r8, #-580]	; 0xfffffdbc
    }
     c08:	01000007 	tsteq	r0, r7
     c0c:	f0321f50 			; <UNDEFINED> instruction: 0xf0321f50
     c10:	02000002 	andeq	r0, r0, #2
     c14:	68185391 	ldmdavs	r8, {r0, r4, r7, r8, r9, ip, lr}
     c18:	01000007 	tsteq	r0, r7
     c1c:	652f1f51 	strvs	r1, [pc, #-3921]!	; fffffcd3 <__StackTop+0xdfffdcd3>
     c20:	02000009 	andeq	r0, r0, #9
{
     c24:	1c150091 	ldcne	0, cr0, [r5], {145}	; 0x91
     c28:	0100000b 	tsteq	r0, fp
     c2c:	e9111f53 	ldmdb	r1, {r0, r1, r4, r6, r8, r9, sl, fp, ip}
    vListInsert( pxEventList, &( pxCurrentTCB->xEventListItem ) );
     c30:	02000003 	andeq	r0, r0, #3
     c34:	cf157091 	svcgt	0x00157091
     c38:	01000006 	tsteq	r0, r6
    prvAddCurrentTaskToDelayedList( xTicksToWait, pdTRUE );
     c3c:	f7141f54 			; <UNDEFINED> instruction: 0xf7141f54
     c40:	02000000 	andeq	r0, r0, #0
}
     c44:	8f157491 	svchi	0x00157491
     c48:	01000002 	tsteq	r0, r2
     c4c:	a2111f55 	andsge	r1, r1, #340	; 0x154
{
     c50:	02000000 	andeq	r0, r0, #0
     c54:	d21a6f91 	andsle	r6, sl, #580	; 0x244
     c58:	3e000014 	mcrcc	0, 0, r0, cr0, cr4, {0}
    listSET_LIST_ITEM_VALUE( &( pxCurrentTCB->xEventListItem ), xItemValue | taskEVENT_LIST_ITEM_VALUE_IN_USE );
     c5c:	24000000 	strcs	r0, [r0], #-0
     c60:	1500000a 	strne	r0, [r0, #-10]
     c64:	00000b78 	andeq	r0, r0, r8, ror fp
    listINSERT_END( pxEventList, &( pxCurrentTCB->xEventListItem ) );
     c68:	111f9a01 	tstne	pc, r1, lsl #20
     c6c:	0000045b 	andeq	r0, r0, fp, asr r4
     c70:	00689102 	rsbeq	r9, r8, r2, lsl #2
     c74:	00152220 	andseq	r2, r5, r0, lsr #4
     c78:	00007000 	andeq	r7, r0, r0
     c7c:	02381500 	eorseq	r1, r8, #0, 10
     c80:	9b010000 	blls	40c88 <_etext+0x3e7f4>
     c84:	021c111f 	andseq	r1, ip, #-1073741817	; 0xc0000007
     c88:	91020000 	mrsls	r0, (UNDEF: 2)
     c8c:	19000064 	stmdbne	r0, {r2, r5, r6}
     c90:	000005e1 	andeq	r0, r0, r1, ror #11
     c94:	101edb01 	andsne	sp, lr, r1, lsl #22
     c98:	000000f7 	strdeq	r0, [r0], -r7
     c9c:	000012d8 	ldrdeq	r1, [r0], -r8
     ca0:	00000124 	andeq	r0, r0, r4, lsr #2
     ca4:	0adb9c01 	beq	ff6e7cb0 <__StackTop+0xdf6e5cb0>
     ca8:	d3180000 	tstle	r8, #0
    prvAddCurrentTaskToDelayedList( xTicksToWait, pdTRUE );
     cac:	0100000b 	tsteq	r0, fp
     cb0:	0d341edb 	ldceq	14, cr1, [r4, #-876]!	; 0xfffffc94
}
     cb4:	02000001 	andeq	r0, r0, #1
     cb8:	2d186491 	cfldrscs	mvf6, [r8, #-580]	; 0xfffffdbc
     cbc:	01000004 	tsteq	r0, r4
{
     cc0:	b3311edc 	teqlt	r1, #220, 28	; 0xdc0
     cc4:	02000000 	andeq	r0, r0, #0
    pxUnblockedTCB = listGET_OWNER_OF_HEAD_ENTRY( pxEventList );
     cc8:	aa186091 	bge	618f14 <_etext+0x616a80>
     ccc:	01000001 	tsteq	r0, r1
    listREMOVE_ITEM( &( pxUnblockedTCB->xEventListItem ) );
     cd0:	b3311edd 	teqlt	r1, #3536	; 0xdd0
     cd4:	02000000 	andeq	r0, r0, #0
     cd8:	5e185c91 	mrcpl	12, 0, r5, cr8, cr1, {4}
     cdc:	01000009 	tsteq	r0, r9
     ce0:	65331ede 	ldrvs	r1, [r3, #-3806]!	; 0xfffff122
     ce4:	02000009 	andeq	r0, r0, #9
     ce8:	21185891 			; <UNDEFINED> instruction: 0x21185891
     cec:	0100000a 	tsteq	r0, sl
     cf0:	23331edf 	teqcs	r3, #3568	; 0xdf0
     cf4:	02000001 	andeq	r0, r0, #1
     cf8:	cf150091 	svcgt	0x00150091
     cfc:	01000006 	tsteq	r0, r6
     d00:	f7141ee1 			; <UNDEFINED> instruction: 0xf7141ee1
     d04:	02000000 	andeq	r0, r0, #0
     d08:	4a157491 	bmi	55df54 <_etext+0x55bac0>
     d0c:	0100000a 	tsteq	r0, sl
    if( uxSchedulerSuspended == ( UBaseType_t ) 0U )
     d10:	f71d1ee1 			; <UNDEFINED> instruction: 0xf71d1ee1
     d14:	02000000 	andeq	r0, r0, #0
        listREMOVE_ITEM( &( pxUnblockedTCB->xStateListItem ) );
     d18:	b5156c91 	ldrlt	r6, [r5, #-3217]	; 0xfffff36f
     d1c:	01000008 	tsteq	r0, r8
     d20:	f72e1ee1 			; <UNDEFINED> instruction: 0xf72e1ee1
     d24:	02000000 	andeq	r0, r0, #0
     d28:	19007091 	stmdbne	r0, {r0, r4, r7, ip, sp, lr}
     d2c:	0000060d 	andeq	r0, r0, sp, lsl #12
     d30:	0e1e7501 	cfmul32eq	mvfx7, mvfx14, mvfx1
     d34:	000000b3 	strheq	r0, [r0], -r3
     d38:	000011e8 	andeq	r1, r0, r8, ror #3
     d3c:	000000f0 	strdeq	r0, [r0], -r0	; <UNPREDICTABLE>
     d40:	0b579c01 	bleq	15e7d4c <_etext+0x15e58b8>
     d44:	d3180000 	tstle	r8, #0
     d48:	0100000b 	tsteq	r0, fp
     d4c:	0d331e75 	ldceq	14, cr1, [r3, #-468]!	; 0xfffffe2c
     d50:	02000001 	andeq	r0, r0, #1
        prvAddTaskToReadyList( pxUnblockedTCB );
     d54:	d0186491 	mulsle	r8, r1, r4
     d58:	01000003 	tsteq	r0, r3
     d5c:	f7321e76 			; <UNDEFINED> instruction: 0xf7321e76
     d60:	02000000 	andeq	r0, r0, #0
     d64:	21186091 			; <UNDEFINED> instruction: 0x21186091
     d68:	0100000a 	tsteq	r0, sl
     d6c:	23321e77 	teqcs	r2, #1904	; 0x770
     d70:	02000001 	andeq	r0, r0, #1
     d74:	d7155c91 			; <UNDEFINED> instruction: 0xd7155c91
     d78:	01000006 	tsteq	r0, r6
     d7c:	b3121e79 	tstlt	r2, #1936	; 0x790
     d80:	02000000 	andeq	r0, r0, #0
     d84:	4a156c91 	bmi	55bfd0 <_etext+0x559b3c>
     d88:	0100000a 	tsteq	r0, sl
     d8c:	f7141e7a 			; <UNDEFINED> instruction: 0xf7141e7a
     d90:	02000000 	andeq	r0, r0, #0
     d94:	b5157091 	ldrlt	r7, [r5, #-145]	; 0xffffff6f
     d98:	01000008 	tsteq	r0, r8
     d9c:	f7251e7a 			; <UNDEFINED> instruction: 0xf7251e7a
     da0:	02000000 	andeq	r0, r0, #0
     da4:	1f007491 	svcne	0x00007491
     da8:	00000814 	andeq	r0, r0, r4, lsl r8
     dac:	0c1e4801 	ldceq	8, cr4, [lr], {1}
     db0:	00000123 	andeq	r0, r0, r3, lsr #2
     db4:	000011b8 			; <UNDEFINED> instruction: 0x000011b8
     db8:	00000030 	andeq	r0, r0, r0, lsr r0
     dbc:	0b839c01 	bleq	fe0e7dc8 <__StackTop+0xde0e5dc8>
     dc0:	ce150000 	cdpgt	0, 1, cr0, cr5, cr0, {0}
     dc4:	01000006 	tsteq	r0, r6
     dc8:	23101e4a 	tstcs	r0, #1184	; 0x4a0
     dcc:	02000001 	andeq	r0, r0, #1
     dd0:	1f007491 	svcne	0x00007491
     dd4:	00000ac9 	andeq	r0, r0, r9, asr #21
        listINSERT_END( &( xPendingReadyList ), &( pxUnblockedTCB->xEventListItem ) );
     dd8:	121a1801 	andsne	r1, sl, #65536	; 0x10000
     ddc:	00000232 	andeq	r0, r0, r2, lsr r2
     de0:	00001188 	andeq	r1, r0, r8, lsl #3
     de4:	00000030 	andeq	r0, r0, r0, lsr r0
     de8:	0bbf9c01 	bleq	fefe7df4 <__StackTop+0xdefe5df4>
     dec:	5c180000 	ldcpl	0, cr0, [r8], {-0}
     df0:	01000001 	tsteq	r0, r1
     df4:	f73f1a18 			; <UNDEFINED> instruction: 0xf73f1a18
     df8:	02000000 	andeq	r0, r0, #0
     dfc:	cf156c91 	svcgt	0x00156c91
     e00:	01000006 	tsteq	r0, r6
     e04:	32161a1a 	andscc	r1, r6, #106496	; 0x1a000
     e08:	02000002 	andeq	r0, r0, #2
     e0c:	1f007491 	svcne	0x00007491
        if( pxUnblockedTCB->uxPriority > pxCurrentTCB->uxPriority )
     e10:	00000a5a 	andeq	r0, r0, sl, asr sl
     e14:	1619f501 	ldrne	pc, [r9], -r1, lsl #10
     e18:	00000232 	andeq	r0, r0, r2, lsr r2
     e1c:	0000116c 	andeq	r1, r0, ip, ror #2
            xReturn = pdTRUE;
     e20:	0000001c 	andeq	r0, r0, ip, lsl r0
            xYieldPendings[ 0 ] = pdTRUE;
     e24:	0beb9c01 	bleq	ffae7e30 <__StackTop+0xdfae5e30>
     e28:	cf150000 	svcgt	0x00150000
            xReturn = pdFALSE;
     e2c:	01000006 	tsteq	r0, r6
}
     e30:	321a19f7 	andscc	r1, sl, #4046848	; 0x3dc000
     e34:	02000002 	andeq	r0, r0, #2
     e38:	21007491 			; <UNDEFINED> instruction: 0x21007491
     e3c:	00000726 	andeq	r0, r0, r6, lsr #14
     e40:	0d19dd01 	ldceq	13, cr13, [r9, #-4]
     e44:	00001138 	andeq	r1, r0, r8, lsr r1
     e48:	00000034 	andeq	r0, r0, r4, lsr r0
     e4c:	9d219c01 	stcls	12, cr9, [r1, #-4]!
     e50:	0100000b 	tsteq	r0, fp
{
     e54:	2c0d183f 	stccs	8, cr1, [sp], {63}	; 0x3f
     e58:	0c000011 	stceq	0, cr0, [r0], {17}
     e5c:	01000000 	mrseq	r0, (UNDEF: 0)
    listSET_LIST_ITEM_VALUE( pxEventListItem, xItemValue | taskEVENT_LIST_ITEM_VALUE_IN_USE );
     e60:	0b61179c 	bleq	1846cd8 <_etext+0x1844844>
     e64:	1f010000 	svcne	0x00010000
    pxUnblockedTCB = listGET_LIST_ITEM_OWNER( pxEventListItem );
     e68:	10c00d18 	sbcne	r0, r0, r8, lsl sp
     e6c:	006c0000 	rsbeq	r0, ip, r0
    listREMOVE_ITEM( pxEventListItem );
     e70:	9c010000 	stcls	0, cr0, [r1], {-0}
     e74:	00000c39 	andeq	r0, r0, r9, lsr ip
     e78:	00017f15 	andeq	r7, r1, r5, lsl pc
     e7c:	18210100 	stmdane	r1!, {r8}
     e80:	00010d11 	andeq	r0, r1, r1, lsl sp
     e84:	74910200 	ldrvc	r0, [r1], #512	; 0x200
     e88:	05f81700 	ldrbeq	r1, [r8, #1792]!	; 0x700
     e8c:	14010000 	strne	r0, [r1], #-0
     e90:	10900817 	addsne	r0, r0, r7, lsl r8
     e94:	00300000 	eorseq	r0, r0, r0
     e98:	9c010000 	stcls	0, cr0, [r1], {-0}
     e9c:	00000c61 	andeq	r0, r0, r1, ror #24
     ea0:	0000b118 	andeq	fp, r0, r8, lsl r1
     ea4:	17140100 	ldrne	r0, [r4, -r0, lsl #2]
     ea8:	00007e08 	andeq	r7, r0, r8, lsl #28
    listREMOVE_ITEM( &( pxUnblockedTCB->xStateListItem ) );
     eac:	74910200 	ldrvc	r0, [r1], #512	; 0x200
     eb0:	09732200 	ldmdbeq	r3!, {r9, sp}^
     eb4:	82010000 	andhi	r0, r1, #0
     eb8:	10780616 	rsbsne	r0, r8, r6, lsl r6
     ebc:	00180000 	andseq	r0, r8, r0
     ec0:	9c010000 	stcls	0, cr0, [r1], {-0}
     ec4:	00092d19 	andeq	r2, r9, r9, lsl sp
     ec8:	163d0100 	ldrtne	r0, [sp], -r0, lsl #2
     ecc:	0000f70c 	andeq	pc, r0, ip, lsl #14
     ed0:	000ff400 	andeq	pc, pc, r0, lsl #8
     ed4:	00008400 	andeq	r8, r0, r0, lsl #8
     ed8:	ea9c0100 	b	fe7012e0 <__StackTop+0xde6ff2e0>
     edc:	1800000c 	stmdane	r0, {r2, r3}
     ee0:	00000785 	andeq	r0, r0, r5, lsl #15
     ee4:	34163d01 	ldrcc	r3, [r6], #-3329	; 0xfffff2ff
    prvAddTaskToReadyList( pxUnblockedTCB );
     ee8:	00000cf0 	strdeq	r0, [r0], -r0	; <UNPREDICTABLE>
     eec:	18649102 	stmdane	r4!, {r1, r8, ip, pc}^
     ef0:	00000a20 	andeq	r0, r0, r0, lsr #20
     ef4:	35163e01 	ldrcc	r3, [r6, #-3585]	; 0xfffff1ff
     ef8:	00000cfb 	strdeq	r0, [r0], -fp
     efc:	15609102 	strbne	r9, [r0, #-258]!	; 0xfffffefe
     f00:	000006cf 	andeq	r0, r0, pc, asr #13
     f04:	10164001 	andsne	r4, r6, r1
     f08:	000000f7 	strdeq	r0, [r0], -r7
     f0c:	20749102 	rsbscs	r9, r4, r2, lsl #2
     f10:	00001002 	andeq	r1, r0, r2
     f14:	0000005e 	andeq	r0, r0, lr, asr r0
     f18:	00050b15 	andeq	r0, r5, r5, lsl fp
     f1c:	164a0100 	strbne	r0, [sl], -r0, lsl #2
     f20:	0001341a 	andeq	r3, r1, sl, lsl r4
     f24:	70910200 	addsvc	r0, r1, r0, lsl #4
     f28:	0003f015 	andeq	pc, r3, r5, lsl r0	; <UNPREDICTABLE>
     f2c:	164b0100 	strbne	r0, [fp], -r0, lsl #2
     f30:	0001341a 	andeq	r3, r1, sl, lsl r4
     f34:	6c910200 	lfmvs	f0, 4, [r1], {0}
     f38:	04070000 	streq	r0, [r7], #-0
     f3c:	00000324 	andeq	r0, r0, r4, lsr #6
     f40:	000cea06 	andeq	lr, ip, r6, lsl #20
     f44:	23040700 	movwcs	r0, #18176	; 0x4700
     f48:	06000001 	streq	r0, [r0], -r1
     f4c:	00000cf5 	strdeq	r0, [r0], -r5
     f50:	0007c616 	andeq	ip, r7, r6, lsl r6
     f54:	16310100 	ldrtne	r0, [r1], -r0, lsl #2
     f58:	000fc806 	andeq	ip, pc, r6, lsl #16
     f5c:	00002c00 	andeq	r2, r0, r0, lsl #24
     f60:	289c0100 	ldmcs	ip, {r8}
     f64:	1800000d 	stmdane	r0, {r0, r2, r3}
     f68:	00000785 	andeq	r0, r0, r5, lsl #15
        if( pxUnblockedTCB->uxPriority > pxCurrentTCB->uxPriority )
     f6c:	36163101 	ldrcc	r3, [r6], -r1, lsl #2
     f70:	00000cf0 	strdeq	r0, [r0], -r0	; <UNPREDICTABLE>
     f74:	00749102 	rsbseq	r9, r4, r2, lsl #2
            xYieldPendings[ 0 ] = pdTRUE;
     f78:	0002a523 	andeq	sl, r2, r3, lsr #10
     f7c:	16210100 	strtne	r0, [r1], -r0, lsl #2
}
     f80:	000f9806 	andeq	r9, pc, r6, lsl #16
     f84:	00003000 	andeq	r3, r0, r0
     f88:	509c0100 	addspl	r0, ip, r0, lsl #2
     f8c:	1800000d 	stmdane	r0, {r0, r2, r3}
     f90:	00000785 	andeq	r0, r0, r5, lsl #15
     f94:	2e162101 	mufcss	f2, f6, f1
{
     f98:	00000cf0 	strdeq	r0, [r0], -r0	; <UNPREDICTABLE>
     f9c:	00749102 	rsbseq	r9, r4, r2, lsl #2
    taskENTER_CRITICAL();
     fa0:	00057316 	andeq	r7, r5, r6, lsl r3
        pxTimeOut->xOverflowCount = xNumOfOverflows;
     fa4:	15d90100 	ldrbne	r0, [r9, #256]	; 0x100
     fa8:	000e5406 	andeq	r5, lr, r6, lsl #8
        pxTimeOut->xTimeOnEntering = xTickCount;
     fac:	00014400 	andeq	r4, r1, r0, lsl #8
     fb0:	ee9c0100 	fmle	f0, f4, f0
    taskEXIT_CRITICAL();
     fb4:	1800000d 	stmdane	r0, {r0, r2, r3}
}
     fb8:	00000a74 	andeq	r0, r0, r4, ror sl
     fbc:	3615d901 	ldrcc	sp, [r5], -r1, lsl #18
     fc0:	00000216 	andeq	r0, r0, r6, lsl r2
     fc4:	18649102 	stmdane	r4!, {r1, r8, ip, pc}^
{
     fc8:	000008e1 	andeq	r0, r0, r1, ror #17
     fcc:	3a15da01 	bcc	5777d8 <_etext+0x575344>
    pxTimeOut->xOverflowCount = xNumOfOverflows;
     fd0:	00000134 	andeq	r0, r0, r4, lsr r1
     fd4:	15609102 	strbne	r9, [r0, #-258]!	; 0xfffffefe
    pxTimeOut->xTimeOnEntering = xTickCount;
     fd8:	000003c1 	andeq	r0, r0, r1, asr #7
     fdc:	0d15dc01 	ldceq	12, cr13, [r5, #-4]
}
     fe0:	000003e9 	andeq	r0, r0, r9, ror #7
     fe4:	1a749102 	bne	1d253f4 <_etext+0x1d22f60>
     fe8:	00000e6e 	andeq	r0, r0, lr, ror #28
     fec:	0000003c 	andeq	r0, r0, ip, lsr r0
     ff0:	00000db5 			; <UNDEFINED> instruction: 0x00000db5
{
     ff4:	000b7815 	andeq	r7, fp, r5, lsl r8
     ff8:	15ee0100 	strbne	r0, [lr, #256]!	; 0x100
     ffc:	00045b05 	andeq	r5, r4, r5, lsl #22
    taskENTER_CRITICAL();
    1000:	70910200 	addsvc	r0, r1, r0, lsl #4
        const TickType_t xConstTickCount = xTickCount;
    1004:	0eaa1a00 	vfmaeq.f32	s2, s20, s0
        const TickType_t xElapsedTime = xConstTickCount - pxTimeOut->xTimeOnEntering;
    1008:	003e0000 	eorseq	r0, lr, r0
    100c:	0dd30000 	ldcleq	0, cr0, [r3]
    1010:	78150000 	ldmdavc	r5, {}	; <UNPREDICTABLE>
        if( ( xNumOfOverflows != pxTimeOut->xOverflowCount ) && ( xConstTickCount >= pxTimeOut->xTimeOnEntering ) )
    1014:	0100000b 	tsteq	r0, fp
    1018:	5b051601 	blpl	146824 <_etext+0x144390>
    101c:	02000004 	andeq	r0, r0, #4
    1020:	20006c91 	mulcs	r0, r1, ip
    1024:	00000efa 	strdeq	r0, [r0], -sl
            xReturn = pdTRUE;
    1028:	00000070 	andeq	r0, r0, r0, ror r0
            *pxTicksToWait = ( TickType_t ) 0;
    102c:	00023815 	andeq	r3, r2, r5, lsl r8
    1030:	16020100 	strne	r0, [r2], -r0, lsl #2
        else if( xElapsedTime < *pxTicksToWait )
    1034:	00021c05 	andeq	r1, r2, r5, lsl #24
    1038:	68910200 	ldmvs	r1, {r9}
    103c:	951f0000 	ldrls	r0, [pc, #-0]	; 1044 <xTaskCheckForTimeOut+0x50>
            *pxTicksToWait -= xElapsedTime;
    1040:	01000005 	tsteq	r0, r5
    1044:	f70c157c 			; <UNDEFINED> instruction: 0xf70c157c
    1048:	c0000000 	andgt	r0, r0, r0
            vTaskInternalSetTimeOutState( pxTimeOut );
    104c:	9400000c 	strls	r0, [r0], #-12
            xReturn = pdFALSE;
    1050:	01000001 	tsteq	r0, r1
    1054:	000eae9c 	muleq	lr, ip, lr
            *pxTicksToWait = ( TickType_t ) 0;
    1058:	021a1800 	andseq	r1, sl, #0, 16
            xReturn = pdTRUE;
    105c:	7c010000 	stcvc	0, cr0, [r1], {-0}
    taskEXIT_CRITICAL();
    1060:	0eb43b15 	vmoveq.32	r3, d4[1]
    return xReturn;
    1064:	91020000 	mrsls	r0, (UNDEF: 2)
}
    1068:	03c1155c 	biceq	r1, r1, #92, 10	; 0x17000000
    106c:	7e010000 	cdpvc	0, 0, cr0, cr1, cr0, {0}
    1070:	03e90d15 	mvneq	r0, #1344	; 0x540
    1074:	91020000 	mrsls	r0, (UNDEF: 2)
{
    1078:	06cf1570 			; <UNDEFINED> instruction: 0x06cf1570
    xYieldPendings[ portGET_CORE_ID() ] = pdTRUE;
    107c:	7f010000 	svcvc	0x00010000
    1080:	00f71015 	rscseq	r1, r7, r5, lsl r0
}
    1084:	91020000 	mrsls	r0, (UNDEF: 2)
    1088:	0cd01a74 	vldmiaeq	r0, {s3-s118}
    108c:	003e0000 	eorseq	r0, lr, r0
{
    1090:	0e570000 	cdpeq	0, 5, cr0, cr7, cr0, {0}
    1094:	78150000 	ldmdavc	r5, {}	; <UNPREDICTABLE>
        prvCheckTasksWaitingTermination();
    1098:	0100000b 	tsteq	r0, fp
            if( listCURRENT_LIST_LENGTH( &( pxReadyTasksLists[ tskIDLE_PRIORITY ] ) ) > ( UBaseType_t ) configNUMBER_OF_CORES )
    109c:	5b051595 	blpl	1466f8 <_etext+0x144264>
    10a0:	02000004 	andeq	r0, r0, #4
                taskYIELD();
    10a4:	1a006c91 	bne	1c2f0 <_etext+0x19e5c>
    10a8:	00000d16 	andeq	r0, r0, r6, lsl sp
    10ac:	0000003e 	andeq	r0, r0, lr, lsr r0
    10b0:	00000e75 	andeq	r0, r0, r5, ror lr
        prvCheckTasksWaitingTermination();
    10b4:	000b7815 	andeq	r7, fp, r5, lsl r8
    10b8:	15990100 	ldrne	r0, [r9, #256]	; 0x100
    10bc:	00045b09 	andeq	r5, r4, r9, lsl #22
{
    10c0:	64910200 	ldrvs	r0, [r1], #512	; 0x200
    10c4:	0d661a00 	vstmdbeq	r6!, {s3-s2}
    for( uxPriority = ( UBaseType_t ) 0U; uxPriority < ( UBaseType_t ) configMAX_PRIORITIES; uxPriority++ )
    10c8:	00700000 	rsbseq	r0, r0, r0
        vListInitialise( &( pxReadyTasksLists[ uxPriority ] ) );
    10cc:	0e930000 	cdpeq	0, 9, cr0, cr3, cr0, {0}
    10d0:	38150000 	ldmdacc	r5, {}	; <UNPREDICTABLE>
    10d4:	01000002 	tsteq	r0, r2
    10d8:	1c09159a 	cfstr32ne	mvfx1, [r9], {154}	; 0x9a
    10dc:	02000002 	andeq	r0, r0, #2
    for( uxPriority = ( UBaseType_t ) 0U; uxPriority < ( UBaseType_t ) configMAX_PRIORITIES; uxPriority++ )
    10e0:	20006091 	mulcs	r0, r1, r0
    10e4:	00000dd8 	ldrdeq	r0, [r0], -r8
    10e8:	00000038 	andeq	r0, r0, r8, lsr r0
    vListInitialise( &xDelayedTaskList1 );
    10ec:	00023815 	andeq	r3, r2, r5, lsl r8
    10f0:	15ae0100 	strne	r0, [lr, #256]!	; 0x100
    vListInitialise( &xDelayedTaskList2 );
    10f4:	00021c09 	andeq	r1, r2, r9, lsl #24
    vListInitialise( &xPendingReadyList );
    10f8:	68910200 	ldmvs	r1, {r9}
    10fc:	04070000 	streq	r0, [r7], #-0
    pxDelayedTaskList = &xDelayedTaskList1;
    1100:	0000022d 	andeq	r0, r0, sp, lsr #4
    pxOverflowDelayedTaskList = &xDelayedTaskList2;
    1104:	000eae06 	andeq	sl, lr, r6, lsl #28
    1108:	0a012300 	beq	49d10 <_etext+0x4787c>
}
    110c:	37010000 	strcc	r0, [r1, -r0]
    1110:	0c500615 	mrrceq	6, 1, r0, r0, cr5	; <UNPREDICTABLE>
    1114:	00700000 	rsbseq	r0, r0, r0
    1118:	9c010000 	stcls	0, cr0, [r1], {-0}
    111c:	00000f1b 	andeq	r0, r0, fp, lsl pc
    1120:	00021a18 	andeq	r1, r2, r8, lsl sl
    1124:	15370100 	ldrne	r0, [r7, #-256]!	; 0xffffff00
    1128:	0004502f 	andeq	r5, r4, pc, lsr #32
{
    112c:	6c910200 	lfmvs	f0, 4, [r1], {0}
}
    1130:	0008e118 	andeq	lr, r8, r8, lsl r1
    1134:	15380100 	ldrne	r0, [r8, #-256]!	; 0xffffff00
{
    1138:	00013437 	andeq	r3, r1, r7, lsr r4
    if( listLIST_IS_EMPTY( pxDelayedTaskList ) != pdFALSE )
    113c:	68910200 	ldmvs	r1, {r9}
    1140:	000a2118 	andeq	r2, sl, r8, lsl r1
    1144:	15390100 	ldrne	r0, [r9, #-256]!	; 0xffffff00
        xNextTaskUnblockTime = portMAX_DELAY;
    1148:	00013437 	andeq	r3, r1, r7, lsr r4
    114c:	64910200 	ldrvs	r0, [r1], #512	; 0x200
        xNextTaskUnblockTime = listGET_ITEM_VALUE_OF_HEAD_ENTRY( pxDelayedTaskList );
    1150:	000c6820 	andeq	r6, ip, r0, lsr #16
    1154:	00004200 	andeq	r4, r0, r0, lsl #4
    1158:	02381500 	eorseq	r1, r8, #0, 10
}
    115c:	4d010000 	stcmi	0, cr0, [r1, #-0]
    1160:	021c0515 	andseq	r0, ip, #88080384	; 0x5400000
    1164:	91020000 	mrsls	r0, (UNDEF: 2)
    1168:	23000074 	movwcs	r0, #116	; 0x74
        {
    116c:	0000053c 	andeq	r0, r0, ip, lsr r5
    1170:	06151a01 	ldreq	r1, [r5], -r1, lsl #20
            xReturn = pxCurrentTCB;
    1174:	00000c24 	andeq	r0, r0, r4, lsr #24
            return xReturn;
    1178:	0000002c 	andeq	r0, r0, ip, lsr #32
        }
    117c:	0f539c01 	svceq	0x00539c01
    1180:	1a180000 	bne	601188 <_etext+0x5fecf4>
    1184:	01000002 	tsteq	r0, r2
    {
    1188:	5b2c151a 	blpl	b065f8 <_etext+0xb04164>
    118c:	02000004 	andeq	r0, r0, #4
        TaskHandle_t xReturn = NULL;
    1190:	21187491 			; <UNDEFINED> instruction: 0x21187491
        if( taskVALID_CORE_ID( xCoreID ) != pdFALSE )
    1194:	0100000a 	tsteq	r0, sl
    1198:	342e151b 	strtcc	r1, [lr], #-1307	; 0xfffffae5
    119c:	02000001 	andeq	r0, r0, #1
                xReturn = pxCurrentTCB;
    11a0:	16007091 			; <UNDEFINED> instruction: 0x16007091
    11a4:	00000879 	andeq	r0, r0, r9, ror r8
    }
    11a8:	0a145f01 	beq	518db4 <_etext+0x516920>
    11ac:	00000b98 	muleq	r0, r8, fp
    11b0:	0000008c 	andeq	r0, r0, ip, lsl #1
    11b4:	0fc59c01 	svceq	0x00c59c01
{
    11b8:	b4200000 	strtlt	r0, [r0], #-0
    11bc:	4e00000b 	cdpmi	0, 0, cr0, cr0, cr11, {0}
    uxReturn = listGET_LIST_ITEM_VALUE( &( pxCurrentTCB->xEventListItem ) );
    11c0:	15000000 	strne	r0, [r0, #-0]
    11c4:	00000a2e 	andeq	r0, r0, lr, lsr #20
    listSET_LIST_ITEM_VALUE( &( pxCurrentTCB->xEventListItem ), ( ( TickType_t ) configMAX_PRIORITIES - ( TickType_t ) pxCurrentTCB->uxPriority ) );
    11c8:	0d149901 	vldreq.16	s18, [r4, #-2]	; <UNPREDICTABLE>
    11cc:	0000010d 	andeq	r0, r0, sp, lsl #2
    11d0:	1a749102 	bne	1d255e0 <_etext+0x1d2314c>
    11d4:	00000bca 	andeq	r0, r0, sl, asr #23
}
    11d8:	00000038 	andeq	r0, r0, r8, lsr r0
    11dc:	00000fa1 	andeq	r0, r0, r1, lsr #31
    11e0:	00018a15 	andeq	r8, r1, r5, lsl sl
    11e4:	14990100 	ldrne	r0, [r9], #256	; 0x100
    {
    11e8:	00045b0d 	andeq	r5, r4, sp, lsl #22
    11ec:	70910200 	addsvc	r0, r1, r0, lsl #4
    11f0:	16011d00 	strne	r1, [r1], -r0, lsl #26
        BaseType_t xAlreadyYielded, xShouldBlock = pdFALSE;
    11f4:	0bba0000 	bleq	fee811fc <__StackTop+0xdee7f1fc>
        if( ( pxCurrentTCB->ulNotifiedValue[ uxIndexToWaitOn ] == 0U ) && ( xTicksToWait > ( TickType_t ) 0 ) )
    11f8:	000a0000 	andeq	r0, sl, r0
    11fc:	99010000 	stmdbls	r1, {}	; <UNPREDICTABLE>
    1200:	0e1e0d14 	mrceq	13, 0, r0, cr14, cr4, {0}
    1204:	02000016 	andeq	r0, r0, #22
    1208:	1a1c6c91 	bne	71c454 <_etext+0x719fc0>
    120c:	02000016 	andeq	r0, r0, #22
            vTaskSuspendAll();
    1210:	00006b91 	muleq	r0, r1, fp
                taskENTER_CRITICAL();
    1214:	02e31900 	rsceq	r1, r3, #0, 18
                    if( pxCurrentTCB->ulNotifiedValue[ uxIndexToWaitOn ] == 0U )
    1218:	df010000 	svcle	0x00010000
    121c:	00f70c12 	rscseq	r0, r7, r2, lsl ip
    1220:	09880000 	stmibeq	r8, {}	; <UNPREDICTABLE>
    1224:	02100000 	andseq	r0, r0, #0
    1228:	9c010000 	stcls	0, cr0, [r1], {-0}
                        pxCurrentTCB->ucNotifyState[ uxIndexToWaitOn ] = taskWAITING_NOTIFICATION;
    122c:	0000109f 	muleq	r0, pc, r0	; <UNPREDICTABLE>
    1230:	000b1c15 	andeq	r1, fp, r5, lsl ip
    1234:	12e10100 	rscne	r0, r1, #0, 2
                        xShouldBlock = pdTRUE;
    1238:	0003e90d 	andeq	lr, r3, sp, lsl #18
                taskEXIT_CRITICAL();
    123c:	68910200 	ldmvs	r1, {r9}
                if( xShouldBlock == pdTRUE )
    1240:	0008e115 	andeq	lr, r8, r5, lsl r1
    1244:	12e20100 	rscne	r0, r2, #0, 2
                    prvAddCurrentTaskToDelayedList( xTicksToWait, pdTRUE );
    1248:	00012310 	andeq	r2, r1, r0, lsl r3
    124c:	64910200 	ldrvs	r0, [r1], #512	; 0x200
            xAlreadyYielded = xTaskResumeAll();
    1250:	00090d15 	andeq	r0, r9, r5, lsl sp
            if( ( xShouldBlock == pdTRUE ) && ( xAlreadyYielded == pdFALSE ) )
    1254:	12e30100 	rscne	r0, r3, #0, 2
    1258:	0000f710 	andeq	pc, r0, r0, lsl r7	; <UNPREDICTABLE>
    125c:	74910200 	ldrvc	r0, [r1], #512	; 0x200
                taskYIELD_WITHIN_API();
    1260:	00099c20 	andeq	r9, r9, r0, lsr #24
    1264:	0001bc00 	andeq	fp, r1, r0, lsl #24
    1268:	050b1500 	streq	r1, [fp, #-1280]	; 0xfffffb00
    126c:	f4010000 	vst4.8	{d0-d3}, [r1], r0
        taskENTER_CRITICAL();
    1270:	01341a12 	teqeq	r4, r2, lsl sl
            ulReturn = pxCurrentTCB->ulNotifiedValue[ uxIndexToWaitOn ];
    1274:	91020000 	mrsls	r0, (UNDEF: 2)
    1278:	09b01a70 	ldmibeq	r0!, {r4, r5, r6, r9, fp, ip}
    127c:	00220000 	eoreq	r0, r2, r0
    1280:	10470000 	subne	r0, r7, r0
            if( ulReturn != 0U )
    1284:	82150000 	andshi	r0, r5, #0
    1288:	01000004 	tsteq	r0, r4
                if( xClearCountOnExit != pdFALSE )
    128c:	500d12fc 	strdpl	r1, [sp], -ip
                    pxCurrentTCB->ulNotifiedValue[ uxIndexToWaitOn ] = ( uint32_t ) 0U;
    1290:	02000004 	andeq	r0, r0, #4
    1294:	1a006c91 	bne	1c4e0 <_etext+0x1a04c>
    1298:	00000a12 	andeq	r0, r0, r2, lsl sl
    129c:	0000003e 	andeq	r0, r0, lr, lsr r0
    12a0:	00001065 	andeq	r1, r0, r5, rrx
                    pxCurrentTCB->ulNotifiedValue[ uxIndexToWaitOn ] = ulReturn - ( uint32_t ) 1;
    12a4:	000b7815 	andeq	r7, fp, r5, lsl r8
    12a8:	13310100 	teqne	r1, #0, 2
    12ac:	00045b15 	andeq	r5, r4, r5, lsl fp
    12b0:	60910200 	addsvs	r0, r1, r0, lsl #4
            pxCurrentTCB->ucNotifyState[ uxIndexToWaitOn ] = taskNOT_WAITING_NOTIFICATION;
    12b4:	0a581a00 	beq	1607abc <_etext+0x1605628>
    12b8:	003e0000 	eorseq	r0, lr, r0
    12bc:	10830000 	addne	r0, r3, r0
    12c0:	78150000 	ldmdavc	r5, {}	; <UNPREDICTABLE>
        taskEXIT_CRITICAL();
    12c4:	0100000b 	tsteq	r0, fp
    }
    12c8:	5b191337 	blpl	645fac <_etext+0x643b18>
    12cc:	02000004 	andeq	r0, r0, #4
    12d0:	20005c91 	mulcs	r0, r1, ip
    12d4:	00000aa8 	andeq	r0, r0, r8, lsr #21
    {
    12d8:	00000070 	andeq	r0, r0, r0, ror r0
    12dc:	00023815 	andeq	r3, r2, r5, lsl r8
    12e0:	13400100 	movtne	r0, #256	; 0x100
    12e4:	00021c15 	andeq	r1, r2, r5, lsl ip
        BaseType_t xReturn, xAlreadyYielded, xShouldBlock = pdFALSE;
    12e8:	58910200 	ldmpl	r1, {r9}
        if( ( pxCurrentTCB->ucNotifyState[ uxIndexToWaitOn ] != taskNOTIFICATION_RECEIVED ) && ( xTicksToWait > ( TickType_t ) 0 ) )
    12ec:	19000000 	stmdbne	r0, {}	; <UNPREDICTABLE>
    12f0:	00000342 	andeq	r0, r0, r2, asr #6
    12f4:	0c126301 	ldceq	3, cr6, [r2], {1}
    12f8:	000000f7 	strdeq	r0, [r0], -r7
    12fc:	00000954 	andeq	r0, r0, r4, asr r9
    1300:	00000034 	andeq	r0, r0, r4, lsr r0
            vTaskSuspendAll();
    1304:	10db9c01 	sbcsne	r9, fp, r1, lsl #24
                taskENTER_CRITICAL();
    1308:	91180000 	tstls	r8, r0
                    if( pxCurrentTCB->ucNotifyState[ uxIndexToWaitOn ] != taskNOTIFICATION_RECEIVED )
    130c:	0100000a 	tsteq	r0, sl
    1310:	232a1263 			; <UNDEFINED> instruction: 0x232a1263
    1314:	02000001 	andeq	r0, r0, #1
    1318:	88156c91 	ldmdahi	r5, {r0, r4, r7, sl, fp, sp, lr}
                        pxCurrentTCB->ulNotifiedValue[ uxIndexToWaitOn ] &= ~ulBitsToClearOnEntry;
    131c:	01000006 	tsteq	r0, r6
    1320:	f7101265 			; <UNDEFINED> instruction: 0xf7101265
    1324:	02000000 	andeq	r0, r0, #0
    1328:	1f007491 	svcne	0x00007491
    132c:	00000996 	muleq	r0, r6, r9
    1330:	0810b701 	ldmdaeq	r0, {r0, r8, r9, sl, ip, sp, pc}
    1334:	00000085 	andeq	r0, r0, r5, lsl #1
    1338:	00000928 	andeq	r0, r0, r8, lsr #18
                        pxCurrentTCB->ucNotifyState[ uxIndexToWaitOn ] = taskWAITING_NOTIFICATION;
    133c:	0000002c 	andeq	r0, r0, ip, lsr #32
    1340:	11179c01 	tstne	r7, r1, lsl #24
    1344:	35180000 	ldrcc	r0, [r8, #-0]
                        xShouldBlock = pdTRUE;
    1348:	01000008 	tsteq	r0, r8
                taskEXIT_CRITICAL();
    134c:	322410b7 	eorcc	r1, r4, #183	; 0xb7
                if( xShouldBlock == pdTRUE )
    1350:	02000002 	andeq	r0, r0, #2
    1354:	1c156c91 	ldcne	12, cr6, [r5], {145}	; 0x91
                    prvAddCurrentTaskToDelayedList( xTicksToWait, pdTRUE );
    1358:	0100000b 	tsteq	r0, fp
    135c:	e90d10b9 	stmdb	sp, {r0, r3, r4, r5, r7, ip}
            xAlreadyYielded = xTaskResumeAll();
    1360:	02000003 	andeq	r0, r0, #3
            if( ( xShouldBlock == pdTRUE ) && ( xAlreadyYielded == pdFALSE ) )
    1364:	24007491 	strcs	r7, [r0], #-1169	; 0xfffffb6f
    1368:	000001be 			; <UNDEFINED> instruction: 0x000001be
    136c:	0d10ab01 	vldreq	d10, [r0, #-4]
                taskYIELD_WITHIN_API();
    1370:	0000010d 	andeq	r0, r0, sp, lsl #2
    1374:	00000914 	andeq	r0, r0, r4, lsl r9
    1378:	00000014 	andeq	r0, r0, r4, lsl r0
    137c:	141f9c01 	ldrne	r9, [pc], #-3073	; 1384 <xTaskGenericNotifyWait+0xac>
        taskENTER_CRITICAL();
    1380:	01000004 	tsteq	r0, r4
            if( pulNotificationValue != NULL )
    1384:	230c1088 	movwcs	r1, #49288	; 0xc088
    1388:	f4000001 	vst4.8	{d0-d3}, [r0], r1
                *pulNotificationValue = pxCurrentTCB->ulNotifiedValue[ uxIndexToWaitOn ];
    138c:	20000008 	andcs	r0, r0, r8
    1390:	01000000 	mrseq	r0, (UNDEF: 0)
    1394:	00116a9c 	mulseq	r1, ip, sl
    1398:	06cf1500 	strbeq	r1, [pc], r0, lsl #10
            if( pxCurrentTCB->ucNotifyState[ uxIndexToWaitOn ] != taskNOTIFICATION_RECEIVED )
    139c:	8a010000 	bhi	413a4 <_etext+0x3ef10>
    13a0:	01231010 			; <UNDEFINED> instruction: 0x01231010
    13a4:	91020000 	mrsls	r0, (UNDEF: 2)
    13a8:	03771570 	cmneq	r7, #112, 10	; 0x1c000000
    13ac:	8b010000 	blhi	413b4 <_etext+0x3ef20>
                xReturn = pdFALSE;
    13b0:	010d1110 	tsteq	sp, r0, lsl r1
                pxCurrentTCB->ulNotifiedValue[ uxIndexToWaitOn ] &= ~ulBitsToClearOnExit;
    13b4:	91020000 	mrsls	r0, (UNDEF: 2)
    13b8:	aa1f0074 	bge	7c1590 <_etext+0x7bf0fc>
    13bc:	01000007 	tsteq	r0, r7
    13c0:	230c1075 	movwcs	r1, #49269	; 0xc075
    13c4:	d8000001 	stmdale	r0, {r0}
    13c8:	1c000008 	stcne	0, cr0, [r0], {8}
    13cc:	01000000 	mrseq	r0, (UNDEF: 0)
    13d0:	0011969c 	mulseq	r1, ip, r6
                xReturn = pdTRUE;
    13d4:	09a41500 	stmibeq	r4!, {r8, sl, ip}
            pxCurrentTCB->ucNotifyState[ uxIndexToWaitOn ] = taskNOT_WAITING_NOTIFICATION;
    13d8:	77010000 	strvc	r0, [r1, -r0]
    13dc:	01231010 			; <UNDEFINED> instruction: 0x01231010
    13e0:	91020000 	mrsls	r0, (UNDEF: 2)
        taskEXIT_CRITICAL();
    13e4:	ec190074 	ldc	0, cr0, [r9], {116}	; 0x74
        return xReturn;
    13e8:	01000008 	tsteq	r0, r8
    }
    13ec:	f70c0fe0 			; <UNDEFINED> instruction: 0xf70c0fe0
    13f0:	e8000000 	stmda	r0, {}	; <UNPREDICTABLE>
    13f4:	f0000006 			; <UNDEFINED> instruction: 0xf0000006
    13f8:	01000001 	tsteq	r0, r1
    {
    13fc:	0012609c 	mulseq	r2, ip, r0
    1400:	0b1c1500 	bleq	706808 <_etext+0x704374>
    1404:	e2010000 	and	r0, r1, #0
    1408:	03e90d0f 	mvneq	r0, #960	; 0x3c0
        BaseType_t xReturn = pdPASS;
    140c:	91020000 	mrsls	r0, (UNDEF: 2)
        pxTCB = xTaskToNotify;
    1410:	0a4a1574 	beq	12869e8 <_etext+0x1284554>
        taskENTER_CRITICAL();
    1414:	e3010000 	movw	r0, #4096	; 0x1000
            if( pulPreviousNotificationValue != NULL )
    1418:	00f7100f 	rscseq	r1, r7, pc
                *pulPreviousNotificationValue = pxTCB->ulNotifiedValue[ uxIndexToNotify ];
    141c:	91020000 	mrsls	r0, (UNDEF: 2)
    1420:	06fa2070 	uxtaheq	r2, sl, r0
    1424:	01ac0000 			; <UNDEFINED> instruction: 0x01ac0000
    1428:	5c150000 	ldcpl	0, cr0, [r5], {-0}
            ucOriginalNotifyState = pxTCB->ucNotifyState[ uxIndexToNotify ];
    142c:	01000001 	tsteq	r0, r1
    1430:	081e0ff2 	ldmdaeq	lr, {r1, r4, r5, r6, r7, r8, r9, sl, fp}
    1434:	02000001 	andeq	r0, r0, #1
            pxTCB->ucNotifyState[ uxIndexToNotify ] = taskNOTIFICATION_RECEIVED;
    1438:	261a6891 			; <UNDEFINED> instruction: 0x261a6891
    143c:	3e000007 	cdpcc	0, 0, cr0, cr0, cr7, {0}
    1440:	08000000 	stmdaeq	r0, {}	; <UNPREDICTABLE>
            switch( eAction )
    1444:	15000012 	strne	r0, [r0, #-18]	; 0xffffffee
    1448:	00000b78 	andeq	r0, r0, r8, ror fp
    144c:	19100701 	ldmdbne	r0, {r0, r8, r9, sl}
    1450:	0000045b 	andeq	r0, r0, fp, asr r4
    1454:	00649102 	rsbeq	r9, r4, r2, lsl #2
    1458:	0007641a 	andeq	r6, r7, sl, lsl r4
    145c:	00003e00 	andeq	r3, r0, r0, lsl #28
    1460:	00122600 	andseq	r2, r2, r0, lsl #12
                    pxTCB->ulNotifiedValue[ uxIndexToNotify ] |= ulValue;
    1464:	0b781500 	bleq	1e0686c <_etext+0x1e043d8>
    1468:	09010000 	stmdbeq	r1, {}	; <UNPREDICTABLE>
    146c:	045b1910 	ldrbeq	r1, [fp], #-2320	; 0xfffff6f0
    1470:	91020000 	mrsls	r0, (UNDEF: 2)
    1474:	b41a0060 	ldrlt	r0, [sl], #-96	; 0xffffffa0
    1478:	70000007 	andvc	r0, r0, r7
    147c:	44000000 	strmi	r0, [r0], #-0
                    break;
    1480:	15000012 	strne	r0, [r0, #-18]	; 0xffffffee
                    ( pxTCB->ulNotifiedValue[ uxIndexToNotify ] )++;
    1484:	00000238 	andeq	r0, r0, r8, lsr r2
    1488:	19100a01 	ldmdbne	r0, {r0, r9, fp}
    148c:	0000021c 	andeq	r0, r0, ip, lsl r2
    1490:	005c9102 	subseq	r9, ip, r2, lsl #2
    1494:	00085020 	andeq	r5, r8, r0, lsr #32
    1498:	00003200 	andeq	r3, r0, r0, lsl #4
                    break;
    149c:	02641500 	rsbeq	r1, r4, #0, 10
                    pxTCB->ulNotifiedValue[ uxIndexToNotify ] = ulValue;
    14a0:	37010000 	strcc	r0, [r1, -r0]
    14a4:	01232410 			; <UNDEFINED> instruction: 0x01232410
    14a8:	91020000 	mrsls	r0, (UNDEF: 2)
                    break;
    14ac:	0000006c 	andeq	r0, r0, ip, rrx
                    if( ucOriginalNotifyState != taskNOTIFICATION_RECEIVED )
    14b0:	00049b22 	andeq	r9, r4, r2, lsr #22
                        pxTCB->ulNotifiedValue[ uxIndexToNotify ] = ulValue;
    14b4:	0f320100 	svceq	0x00320100
    14b8:	0006cc06 	andeq	ip, r6, r6, lsl #24
    14bc:	00001c00 	andeq	r1, r0, r0, lsl #24
    14c0:	239c0100 	orrscs	r0, ip, #0, 2
                        xReturn = pdFAIL;
    14c4:	000004f9 	strdeq	r0, [r0], -r9
                    break;
    14c8:	060f0701 	streq	r0, [pc], -r1, lsl #14
            if( ucOriginalNotifyState == taskWAITING_NOTIFICATION )
    14cc:	0000069c 	muleq	r0, ip, r6
    14d0:	00000030 	andeq	r0, r0, r0, lsr r0
                listREMOVE_ITEM( &( pxTCB->xStateListItem ) );
    14d4:	12a59c01 	adcne	r9, r5, #256	; 0x100
    14d8:	e71d0000 	ldr	r0, [sp, -r0]
    14dc:	a2000015 	andge	r0, r0, #21
    14e0:	14000006 	strne	r0, [r0], #-6
    14e4:	01000000 	mrseq	r0, (UNDEF: 0)
    14e8:	1c050f27 	stcne	15, cr0, [r5], {39}	; 0x27
    14ec:	000015f4 	strdeq	r1, [r0], -r4
    14f0:	00749102 	rsbseq	r9, r4, r2, lsl #2
    14f4:	09ab2300 	stmibeq	fp!, {r8, r9, sp}
    14f8:	9e010000 	cdpls	0, 0, cr0, cr1, cr0, {0}
    14fc:	0640060e 	strbeq	r0, [r0], -lr, lsl #12
    1500:	005c0000 	subseq	r0, ip, r0
    1504:	9c010000 	stcls	0, cr0, [r1], {-0}
    1508:	000012e7 	andeq	r1, r0, r7, ror #5
    150c:	0006cf15 	andeq	ip, r6, r5, lsl pc
                prvAddTaskToReadyList( pxTCB );
    1510:	0ea00100 	fdveqs	f0, f0, f0
    1514:	0000f710 	andeq	pc, r0, r0, lsl r7	; <UNPREDICTABLE>
    1518:	74910200 	ldrvc	r0, [r1], #512	; 0x200
    151c:	0015e71d 	andseq	lr, r5, sp, lsl r7
    1520:	00065200 	andeq	r5, r6, r0, lsl #4
    1524:	00001400 	andeq	r1, r0, r0, lsl #8
    1528:	0ecb0100 	poleqe	f0, f3, f0
    152c:	15f41c09 	ldrbne	r1, [r4, #3081]!	; 0xc09
    1530:	91020000 	mrsls	r0, (UNDEF: 2)
    1534:	25000070 	strcs	r0, [r0, #-112]	; 0xffffff90
    1538:	00000661 	andeq	r0, r0, r1, ror #12
    153c:	130e0401 	movwne	r0, #58369	; 0xe401
    1540:	000000f7 	strdeq	r0, [r0], -r7
    1544:	00000590 	muleq	r0, r0, r5
    1548:	000000b0 	strheq	r0, [r0], -r0	; <UNPREDICTABLE>
    154c:	13539c01 	cmpne	r3, #256	; 0x100
    1550:	cf150000 	svcgt	0x00150000
    1554:	01000006 	tsteq	r0, r6
    1558:	f7100e06 			; <UNDEFINED> instruction: 0xf7100e06
    155c:	02000000 	andeq	r0, r0, #0
    1560:	5c157491 	cfldrspl	mvf7, [r5], {145}	; 0x91
    1564:	01000001 	tsteq	r0, r1
    1568:	f7100e07 			; <UNDEFINED> instruction: 0xf7100e07
    156c:	02000000 	andeq	r0, r0, #0
    1570:	c2157091 	andsgt	r7, r5, #145	; 0x91
    1574:	01000008 	tsteq	r0, r8
    1578:	820a0e08 	andhi	r0, sl, #8, 28	; 0x80
    157c:	02000003 	andeq	r0, r0, #3
    1580:	42155891 	andsmi	r5, r5, #9502720	; 0x910000
    1584:	01000009 	tsteq	r0, r9
    1588:	c4140e09 	ldrgt	r0, [r4], #-3593	; 0xfffff1f7
    158c:	02000000 	andeq	r0, r0, #0
    1590:	42156891 	andsmi	r6, r5, #9502720	; 0x910000
                taskYIELD_ANY_CORE_IF_USING_PREEMPTION( pxTCB );
    1594:	01000004 	tsteq	r0, r4
    1598:	0d110e0a 	ldceq	14, cr0, [r1, #-40]	; 0xffffffd8
    159c:	02000001 	andeq	r0, r0, #1
    15a0:	17006c91 			; <UNDEFINED> instruction: 0x17006c91
    15a4:	00000640 	andeq	r0, r0, r0, asr #12
    15a8:	1107f801 	tstne	r7, r1, lsl #16	; <UNPREDICTABLE>
    15ac:	00000468 	andeq	r0, r0, r8, ror #8
        taskEXIT_CRITICAL();
    15b0:	00000128 	andeq	r0, r0, r8, lsr #2
        return xReturn;
    15b4:	13959c01 	orrsne	r9, r5, #256	; 0x100
    }
    15b8:	74180000 	ldrvc	r0, [r8], #-0
    15bc:	01000006 	tsteq	r0, r6
    15c0:	e93307f8 	ldmdb	r3!, {r3, r4, r5, r6, r7, r8, r9, sl}
    15c4:	02000003 	andeq	r0, r0, #3
    15c8:	d2206c91 	eorle	r6, r0, #37120	; 0x9100
    15cc:	70000004 	andvc	r0, r0, r4
    {
    15d0:	15000000 	strne	r0, [r0, #-0]
    15d4:	00000238 	andeq	r0, r0, r8, lsr r2
    15d8:	0d083201 	sfmeq	f3, 4, [r8, #-4]
    15dc:	0000021c 	andeq	r0, r0, ip, lsl r2
        BaseType_t xReturn = pdPASS;
    15e0:	00749102 	rsbseq	r9, r4, r2, lsl #2
        pxTCB = xTaskToNotify;
    15e4:	08cc1700 	stmiaeq	ip, {r8, r9, sl, ip}^
    __asm volatile
    15e8:	0c010000 	stceq	0, cr0, [r1], {-0}
    15ec:	039e0d07 	orrseq	r0, lr, #448	; 0x1c0
    15f0:	00ca0000 	sbceq	r0, sl, r0
    15f4:	9c010000 	stcls	0, cr0, [r1], {-0}
    15f8:	0000144b 	andeq	r1, r0, fp, asr #8
    15fc:	00067d18 	andeq	r7, r6, r8, lsl sp
        uxSavedInterruptStatus = ( UBaseType_t ) taskENTER_CRITICAL_FROM_ISR();
    1600:	070c0100 	streq	r0, [ip, -r0, lsl #2]
            if( pulPreviousNotificationValue != NULL )
    1604:	0000c432 	andeq	ip, r0, r2, lsr r4
                *pulPreviousNotificationValue = pxTCB->ulNotifiedValue[ uxIndexToNotify ];
    1608:	6c910200 	lfmvs	f0, 4, [r1], {0}
    160c:	00051b18 	andeq	r1, r5, r8, lsl fp
    1610:	070d0100 	streq	r0, [sp, -r0, lsl #2]
    1614:	00009d36 	andeq	r9, r0, r6, lsr sp
            ucOriginalNotifyState = pxTCB->ucNotifyState[ uxIndexToNotify ];
    1618:	68910200 	ldmvs	r1, {r9}
    161c:	0004ab18 	andeq	sl, r4, r8, lsl fp
    1620:	070e0100 	streq	r0, [lr, -r0, lsl #2]
    1624:	0000f240 	andeq	pc, r0, r0, asr #4
            pxTCB->ucNotifyState[ uxIndexToNotify ] = taskNOTIFICATION_RECEIVED;
    1628:	64910200 	ldrvs	r0, [r1], #512	; 0x200
    162c:	0000b118 	andeq	fp, r0, r8, lsl r1
    1630:	070f0100 	streq	r0, [pc, -r0, lsl #2]
            switch( eAction )
    1634:	00008030 	andeq	r8, r0, r0, lsr r0
    1638:	60910200 	addsvs	r0, r1, r0, lsl #4
    163c:	00017f18 	andeq	r7, r1, r8, lsl pc
    1640:	07100100 	ldreq	r0, [r0, -r0, lsl #2]
    1644:	00010d2f 	andeq	r0, r1, pc, lsr #26
    1648:	00910200 	addseq	r0, r1, r0, lsl #4
    164c:	000b8f18 	andeq	r8, fp, r8, lsl pc
    1650:	07110100 	ldreq	r0, [r1, -r0, lsl #2]
                    pxTCB->ulNotifiedValue[ uxIndexToNotify ] |= ulValue;
    1654:	00145138 	andseq	r5, r4, r8, lsr r1
    1658:	04910200 	ldreq	r0, [r1], #512	; 0x200
    165c:	00067418 	andeq	r7, r6, r8, lsl r4
    1660:	07120100 	ldreq	r0, [r2, -r0, lsl #2]
    1664:	0003e92b 	andeq	lr, r3, fp, lsr #18
    1668:	08910200 	ldmeq	r1, {r9}
    166c:	000aa118 	andeq	sl, sl, r8, lsl r1
                    break;
    1670:	07130100 	ldreq	r0, [r3, -r0, lsl #2]
                    ( pxTCB->ulNotifiedValue[ uxIndexToNotify ] )++;
    1674:	00145c40 	andseq	r5, r4, r0, asr #24
    1678:	0c910200 	lfmeq	f0, 4, [r1], {0}
    167c:	000b5415 	andeq	r5, fp, r5, lsl r4
    1680:	07150100 	ldreq	r0, [r5, -r0, lsl #2]
    1684:	00037613 	andeq	r7, r3, r3, lsl r6
    1688:	70910200 	addsvc	r0, r1, r0, lsl #4
                    break;
    168c:	01007826 	tsteq	r0, r6, lsr #16
                    pxTCB->ulNotifiedValue[ uxIndexToNotify ] = ulValue;
    1690:	0d110716 	ldceq	7, cr0, [r1, #-88]	; 0xffffffa8
    1694:	02000001 	andeq	r0, r0, #1
    1698:	07007491 			; <UNDEFINED> instruction: 0x07007491
                    break;
    169c:	00023204 	andeq	r3, r2, r4, lsl #4
                    if( ucOriginalNotifyState != taskNOTIFICATION_RECEIVED )
    16a0:	144b0600 	strbne	r0, [fp], #-1536	; 0xfffffa00
    16a4:	04070000 	streq	r0, [r7], #-0
                        pxTCB->ulNotifiedValue[ uxIndexToNotify ] = ulValue;
    16a8:	00000371 	andeq	r0, r0, r1, ror r3
    16ac:	00145606 	andseq	r5, r4, r6, lsl #12
    16b0:	06341900 	ldrteq	r1, [r4], -r0, lsl #18
                    break;
    16b4:	c1010000 	mrsgt	r0, (UNDEF: 1)
                        xReturn = pdFAIL;
    16b8:	00f71006 	rscseq	r1, r7, r6
                    break;
    16bc:	03580000 	cmpeq	r8, #0
            if( ucOriginalNotifyState == taskWAITING_NOTIFICATION )
    16c0:	00460000 	subeq	r0, r6, r0
    16c4:	9c010000 	stcls	0, cr0, [r1], {-0}
                if( uxSchedulerSuspended == ( UBaseType_t ) 0U )
    16c8:	000014fd 	strdeq	r1, [r0], -sp
    16cc:	00067d18 	andeq	r7, r6, r8, lsl sp
                    listREMOVE_ITEM( &( pxTCB->xStateListItem ) );
    16d0:	06c10100 	strbeq	r0, [r1], r0, lsl #2
    16d4:	0000c42c 	andeq	ip, r0, ip, lsr #8
    16d8:	6c910200 	lfmvs	f0, 4, [r1], {0}
    16dc:	00051b18 	andeq	r1, r5, r8, lsl fp
    16e0:	06c20100 	strbeq	r0, [r2], r0, lsl #2
    16e4:	00009d30 	andeq	r9, r0, r0, lsr sp
    16e8:	68910200 	ldmvs	r1, {r9}
    16ec:	0004ab18 	andeq	sl, r4, r8, lsl fp
    16f0:	06c30100 	strbeq	r0, [r3], r0, lsl #2
    16f4:	0000f23a 	andeq	pc, r0, sl, lsr r2	; <UNPREDICTABLE>
    16f8:	64910200 	ldrvs	r0, [r1], #512	; 0x200
    16fc:	0000b118 	andeq	fp, r0, r8, lsl r1
    1700:	06c40100 	strbeq	r0, [r4], r0, lsl #2
    1704:	0000802a 	andeq	r8, r0, sl, lsr #32
    1708:	60910200 	addsvs	r0, r1, r0, lsl #4
    170c:	00017f18 	andeq	r7, r1, r8, lsl pc
                    prvAddTaskToReadyList( pxTCB );
    1710:	06c50100 	strbeq	r0, [r5], r0, lsl #2
    1714:	00010d29 	andeq	r0, r1, r9, lsr #26
    1718:	00910200 	addseq	r0, r1, r0, lsl #4
    171c:	000b8f18 	andeq	r8, fp, r8, lsl pc
    1720:	06c60100 	strbeq	r0, [r6], r0, lsl #2
    1724:	00145132 	andseq	r5, r4, r2, lsr r1
    1728:	04910200 	ldreq	r0, [r1], #512	; 0x200
    172c:	00067415 	andeq	r7, r6, r5, lsl r4
    1730:	06c80100 	strbeq	r0, [r8], r0, lsl #2
    1734:	0003e911 	andeq	lr, r3, r1, lsl r9
    1738:	70910200 	addsvc	r0, r1, r0, lsl #4
    173c:	0006cf15 	andeq	ip, r6, r5, lsl pc
    1740:	06c90100 	strbeq	r0, [r9], r0, lsl #2
    1744:	0000f714 	andeq	pc, r0, r4, lsl r7	; <UNPREDICTABLE>
    1748:	74910200 	ldrvc	r0, [r1], #512	; 0x200
    174c:	03e22500 	mvneq	r2, #0, 10
    1750:	5f010000 	svcpl	0x00010000
    1754:	03e91406 	mvneq	r1, #100663296	; 0x6000000
    1758:	02e00000 	rsceq	r0, r0, #0
    175c:	00780000 	rsbseq	r0, r8, r0
    1760:	9c010000 	stcls	0, cr0, [r1], {-0}
    1764:	000015a3 	andeq	r1, r0, r3, lsr #11
    1768:	00067d18 	andeq	r7, r6, r8, lsl sp
    176c:	065f0100 	ldrbeq	r0, [pc], -r0, lsl #2
    1770:	0000c432 	andeq	ip, r0, r2, lsr r4
    1774:	6c910200 	lfmvs	f0, 4, [r1], {0}
    1778:	00051b18 	andeq	r1, r5, r8, lsl fp
    177c:	06600100 	strbteq	r0, [r0], -r0, lsl #2
    1780:	00009d36 	andeq	r9, r0, r6, lsr sp
    1784:	68910200 	ldmvs	r1, {r9}
    1788:	0004ab18 	andeq	sl, r4, r8, lsl fp
    178c:	06610100 	strbteq	r0, [r1], -r0, lsl #2
    1790:	0000f240 	andeq	pc, r0, r0, asr #4
                    listINSERT_END( &( xPendingReadyList ), &( pxTCB->xEventListItem ) );
    1794:	64910200 	ldrvs	r0, [r1], #512	; 0x200
    1798:	0000b118 	andeq	fp, r0, r8, lsl r1
    179c:	06620100 	strbteq	r0, [r2], -r0, lsl #2
    17a0:	00008030 	andeq	r8, r0, r0, lsr r0
    17a4:	60910200 	addsvs	r0, r1, r0, lsl #4
    17a8:	00017f18 	andeq	r7, r1, r8, lsl pc
    17ac:	06630100 	strbteq	r0, [r3], -r0, lsl #2
    17b0:	00010d2f 	andeq	r0, r1, pc, lsr #26
    17b4:	00910200 	addseq	r0, r1, r0, lsl #4
    17b8:	000b8f18 	andeq	r8, fp, r8, lsl pc
    17bc:	06640100 	strbteq	r0, [r4], -r0, lsl #2
    17c0:	00145138 	andseq	r5, r4, r8, lsr r1
    17c4:	04910200 	ldreq	r0, [r1], #512	; 0x200
    17c8:	00067415 	andeq	r7, r6, r5, lsl r4
                    if( pxTCB->uxPriority > pxCurrentTCB->uxPriority )
    17cc:	06660100 	strbteq	r0, [r6], -r0, lsl #2
    17d0:	0003e911 	andeq	lr, r3, r1, lsl r9
    17d4:	74910200 	ldrvc	r0, [r1], #512	; 0x200
                        if( pxHigherPriorityTaskWoken != NULL )
    17d8:	0002ee20 	andeq	lr, r2, r0, lsr #28
    17dc:	00003e00 	andeq	r3, r0, r0, lsl #28
                            *pxHigherPriorityTaskWoken = pdTRUE;
    17e0:	091d1500 	ldmdbeq	sp, {r8, sl, ip}
                        xYieldPendings[ 0 ] = pdTRUE;
    17e4:	8b010000 	blhi	417ec <_etext+0x3f358>
    17e8:	03761b06 	cmneq	r6, #6144	; 0x1800
    17ec:	91020000 	mrsls	r0, (UNDEF: 2)
    __asm volatile
    17f0:	27000070 	smlsdxcs	r0, r0, r0, r0
}
    17f4:	00000332 	andeq	r0, r0, r2, lsr r3
    }
    17f8:	031ef802 	tsteq	lr, #131072	; 0x20000	; <UNPREDICTABLE>
    17fc:	000015bd 			; <UNDEFINED> instruction: 0x000015bd
    1800:	00080528 	andeq	r0, r8, r8, lsr #10
    1804:	38f80200 	ldmcc	r8!, {r9}^
    1808:	000000b3 	strheq	r0, [r0], -r3
    180c:	06bb2900 	ldrteq	r2, [fp], r0, lsl #18
    1810:	e4020000 	str	r0, [r2], #-0
    1814:	0000b322 	andeq	fp, r0, r2, lsr #6
    1818:	15e70300 	strbne	r0, [r7, #768]!	; 0x300
    {
    181c:	9c2a0000 	stcls	0, cr0, [sl], #-0
    1820:	02000003 	andeq	r0, r0, #3
    1824:	00b30ee6 	adcseq	r0, r3, r6, ror #29
        pxTCB = xTaskToNotify;
    1828:	c82a0000 	stmdagt	sl!, {}	; <UNPREDICTABLE>
    __asm volatile
    182c:	02000005 	andeq	r0, r0, #5
    1830:	00b321e6 	adcseq	r2, r3, r6, ror #3
    1834:	27000000 	strcs	r0, [r0, -r0]
    1838:	00000984 	andeq	r0, r0, r4, lsl #19
    183c:	031ed402 	tsteq	lr, #33554432	; 0x2000000
    1840:	00001601 	andeq	r1, r0, r1, lsl #12
    return ulOriginalBASEPRI;
    1844:	0005c82a 	andeq	ip, r5, sl, lsr #16
            ucOriginalNotifyState = pxTCB->ucNotifyState[ uxIndexToNotify ];
    1848:	0ed60200 	cdpeq	2, 13, cr0, cr6, cr0, {0}
    184c:	000000b3 	strheq	r0, [r0], -r3
    1850:	06fe2b00 	ldrbteq	r2, [lr], r0, lsl #22
    1854:	94020000 	strls	r0, [r2], #-0
            pxTCB->ucNotifyState[ uxIndexToNotify ] = taskNOTIFICATION_RECEIVED;
    1858:	0000a23e 	andeq	sl, r0, lr, lsr r2
    185c:	f6280300 			; <UNDEFINED> instruction: 0xf6280300
    1860:	02000002 	andeq	r0, r0, #2
            ( pxTCB->ulNotifiedValue[ uxIndexToNotify ] )++;
    1864:	00b36094 	umlalseq	r6, r3, r4, r0
    1868:	552a0000 	strpl	r0, [sl, #-0]!
    186c:	02000009 	andeq	r0, r0, #9
    1870:	00a21196 	umlaleq	r1, r2, r6, r1
    1874:	00000000 	andeq	r0, r0, r0
    1878:	000002b8 			; <UNDEFINED> instruction: 0x000002b8
            if( ucOriginalNotifyState == taskWAITING_NOTIFICATION )
    187c:	044a0004 	strbeq	r0, [sl], #-4
    1880:	01040000 	mrseq	r0, (UNDEF: 4)
    1884:	000000dd 	ldrdeq	r0, [r0], -sp
                if( uxSchedulerSuspended == ( UBaseType_t ) 0U )
    1888:	000be30c 	andeq	lr, fp, ip, lsl #6
    188c:	00000700 	andeq	r0, r0, r0, lsl #14
                    listREMOVE_ITEM( &( pxTCB->xStateListItem ) );
    1890:	001bd000 	andseq	sp, fp, r0
    1894:	00015e00 	andeq	r5, r1, r0, lsl #28
    1898:	000bed00 	andeq	lr, fp, r0, lsl #26
    189c:	07040200 	streq	r0, [r4, -r0, lsl #4]
    18a0:	00000066 	andeq	r0, r0, r6, rrx
    18a4:	69050403 	stmdbvs	r5, {r0, r1, sl}
    18a8:	0200746e 	andeq	r7, r0, #1845493760	; 0x6e000000
    18ac:	00a30508 	adceq	r0, r3, r8, lsl #10
    18b0:	08020000 	stmdaeq	r2, {}	; <UNPREDICTABLE>
    18b4:	0000d104 	andeq	sp, r0, r4, lsl #2
    18b8:	06010200 	streq	r0, [r1], -r0, lsl #4
    18bc:	00000075 	andeq	r0, r0, r5, ror r0
    18c0:	73080102 	movwvc	r0, #33026	; 0x8102
    18c4:	02000000 	andeq	r0, r0, #0
    18c8:	00be0502 	adcseq	r0, lr, r2, lsl #10
                    prvAddTaskToReadyList( pxTCB );
    18cc:	02020000 	andeq	r0, r2, #0
    18d0:	00008907 	andeq	r8, r0, r7, lsl #18
    18d4:	05040200 	streq	r0, [r4, #-512]	; 0xfffffe00
    18d8:	000000a8 	andeq	r0, r0, r8, lsr #1
    18dc:	61070402 	tstvs	r7, r2, lsl #8
    18e0:	02000000 	andeq	r0, r0, #0
    18e4:	005c0708 	subseq	r0, ip, r8, lsl #14
    18e8:	04040000 	streq	r0, [r4], #-0
    18ec:	7c080102 	stfvcs	f0, [r8], {2}
    18f0:	05000000 	streq	r0, [r0, #-0]
    18f4:	000000c8 	andeq	r0, r0, r8, asr #1
    18f8:	64193402 	ldrvs	r3, [r9], #-1026	; 0xfffffbfe
    18fc:	05000000 	streq	r0, [r0, #-0]
    1900:	000005d5 	ldrdeq	r0, [r0], -r5
    1904:	641a3c03 	ldrvs	r3, [sl], #-3075	; 0xfffff3fd
    1908:	05000000 	streq	r0, [r0, #-0]
    190c:	00000842 	andeq	r0, r0, r2, asr #16
    1910:	7b1a4203 	blvc	692124 <_etext+0x68fc90>
    1914:	06000000 	streq	r0, [r0], -r0
    1918:	00000093 	muleq	r0, r3, r0
    191c:	00027207 	andeq	r7, r2, r7, lsl #4
    1920:	90041400 	andls	r1, r4, r0, lsl #8
    1924:	0000f308 	andeq	pc, r0, r8, lsl #6
    1928:	08e10800 	stmiaeq	r1!, {fp}^
    192c:	93040000 	movwls	r0, #16384	; 0x4000
    1930:	00009324 	andeq	r9, r0, r4, lsr #6
    1934:	61080000 	mrsvs	r0, (UNDEF: 8)
    1938:	04000007 	streq	r0, [r0], #-7
    193c:	00f32d94 	smlalseq	r2, r3, r4, sp
    1940:	08040000 	stmdaeq	r4, {}	; <UNPREDICTABLE>
    1944:	00000467 	andeq	r0, r0, r7, ror #8
    1948:	f32d9504 	vrshl.u32	d9, d4, d13
    194c:	08000000 	stmdaeq	r0, {}	; <UNPREDICTABLE>
                    listINSERT_END( &( xPendingReadyList ), &( pxTCB->xEventListItem ) );
    1950:	000a4208 	andeq	r4, sl, r8, lsl #4
    1954:	0c960400 	cfldrseq	mvf0, [r6], {0}
    1958:	00000072 	andeq	r0, r0, r2, ror r0
    195c:	089c080c 	ldmeq	ip, {r2, r3, fp}
    1960:	97040000 	strls	r0, [r4, -r0]
    1964:	00012e28 	andeq	r2, r1, r8, lsr #28
    1968:	09001000 	stmdbeq	r0, {ip}
    196c:	0000a404 	andeq	sl, r0, r4, lsl #8
    1970:	04f30700 	ldrbteq	r0, [r3], #1792	; 0x700
    1974:	04140000 	ldreq	r0, [r4], #-0
    1978:	012e10ac 			; <UNDEFINED> instruction: 0x012e10ac
    197c:	6f080000 	svcvs	0x00080000
    1980:	04000001 	streq	r0, [r0], #-1
    1984:	008725af 	addeq	r2, r7, pc, lsr #11
                    if( pxTCB->uxPriority > pxCurrentTCB->uxPriority )
    1988:	08000000 	stmdaeq	r0, {}	; <UNPREDICTABLE>
    198c:	00000238 	andeq	r0, r0, r8, lsr r2
    1990:	8126b004 			; <UNDEFINED> instruction: 0x8126b004
    1994:	04000001 	streq	r0, [r0], #-1
                        if( pxHigherPriorityTaskWoken != NULL )
    1998:	00060408 	andeq	r0, r6, r8, lsl #8
                            *pxHigherPriorityTaskWoken = pdTRUE;
    199c:	14b10400 	ldrtne	r0, [r1], #1024	; 0x400
    19a0:	00000175 	andeq	r0, r0, r5, ror r1
                        xYieldPendings[ 0 ] = pdTRUE;
    19a4:	04090008 	streq	r0, [r9], #-8
    19a8:	000000f9 	strdeq	r0, [r0], -r9
    __asm volatile
    19ac:	00062905 	andeq	r2, r6, r5, lsl #18
    19b0:	1b9a0400 	blne	fe6829b8 <__StackTop+0xde6809b8>
    }
    19b4:	000000a4 	andeq	r0, r0, r4, lsr #1
    19b8:	0004d807 	andeq	sp, r4, r7, lsl #16
    19bc:	9d040c00 	stcls	12, cr0, [r4, #-0]
    19c0:	0001750c 	andeq	r7, r1, ip, lsl #10
    19c4:	08e10800 	stmiaeq	r1!, {fp}^
    19c8:	a0040000 	andge	r0, r4, r0
    19cc:	00009328 	andeq	r9, r0, r8, lsr #6
    19d0:	61080000 	mrsvs	r0, (UNDEF: 8)
    19d4:	04000007 	streq	r0, [r0], #-7
    {
    19d8:	00f331a1 	rscseq	r3, r3, r1, lsr #3
    19dc:	08040000 	stmdaeq	r4, {}	; <UNPREDICTABLE>
    19e0:	00000467 	andeq	r0, r0, r7, ror #8
        pxTCB = prvGetTCBFromHandle( xTask );
    19e4:	f331a204 	vhsub.u<illegal width 64>	d10, d1, d4
    19e8:	08000000 	stmdaeq	r0, {}	; <UNPREDICTABLE>
    19ec:	06250500 	strteq	r0, [r5], -r0, lsl #10
    19f0:	a4040000 	strge	r0, [r4], #-0
        taskENTER_CRITICAL();
    19f4:	00014024 	andeq	r4, r1, r4, lsr #32
            if( pxTCB->ucNotifyState[ uxIndexToClear ] == taskNOTIFICATION_RECEIVED )
    19f8:	34040900 	strcc	r0, [r4], #-2304	; 0xfffff700
    19fc:	06000001 	streq	r0, [r0], -r1
    1a00:	00000181 	andeq	r0, r0, r1, lsl #3
    1a04:	00082e05 	andeq	r2, r8, r5, lsl #28
                pxTCB->ucNotifyState[ uxIndexToClear ] = taskNOT_WAITING_NOTIFICATION;
    1a08:	03b30400 			; <UNDEFINED> instruction: 0x03b30400
    1a0c:	000000f9 	strdeq	r0, [r0], -r9
    1a10:	000c630a 	andeq	r6, ip, sl, lsl #6
                xReturn = pdPASS;
    1a14:	0dd90100 	ldfeqe	f0, [r9]
                xReturn = pdFAIL;
    1a18:	00000087 	andeq	r0, r0, r7, lsl #1
        taskEXIT_CRITICAL();
    1a1c:	00001cdc 	ldrdeq	r1, [r0], -ip
        return xReturn;
    1a20:	00000052 	andeq	r0, r0, r2, asr r0
    }
    1a24:	01d19c01 	bicseq	r9, r1, r1, lsl #24
    1a28:	fd0b0000 	stc2	0, cr0, [fp, #-0]
    1a2c:	0100000b 	tsteq	r0, fp
    {
    1a30:	01872ed9 	ldrdeq	r2, [r7, r9]
    1a34:	91020000 	mrsls	r0, (UNDEF: 2)
    1a38:	0b780c6c 	bleq	1e04bf0 <_etext+0x1e0275c>
        pxTCB = prvGetTCBFromHandle( xTask );
    1a3c:	dd010000 	stcle	0, cr0, [r1, #-0]
    1a40:	0001d714 	andeq	sp, r1, r4, lsl r7
    1a44:	74910200 	ldrvc	r0, [r1], #512	; 0x200
    1a48:	8c040900 			; <UNDEFINED> instruction: 0x8c040900
        taskENTER_CRITICAL();
    1a4c:	06000001 	streq	r0, [r0], -r1
            ulReturn = pxTCB->ulNotifiedValue[ uxIndexToClear ];
    1a50:	000001d1 	ldrdeq	r0, [r0], -r1
    1a54:	000c7e0d 	andeq	r7, ip, sp, lsl #28
    1a58:	068b0100 	streq	r0, [fp], r0, lsl #2
    1a5c:	00001c6c 	andeq	r1, r0, ip, ror #24
            pxTCB->ulNotifiedValue[ uxIndexToClear ] &= ~ulBitsToClear;
    1a60:	00000070 	andeq	r0, r0, r0, ror r0
    1a64:	022f9c01 	eoreq	r9, pc, #256	; 0x100
    1a68:	780b0000 	stmdavc	fp, {}	; <UNPREDICTABLE>
    1a6c:	0100000b 	tsteq	r0, fp
    1a70:	01d7228b 	bicseq	r2, r7, fp, lsl #5
    1a74:	91020000 	mrsls	r0, (UNDEF: 2)
    1a78:	0c700b6c 			; <UNDEFINED> instruction: 0x0c700b6c
        taskEXIT_CRITICAL();
    1a7c:	8c010000 	stchi	0, cr0, [r1], {-0}
        return ulReturn;
    1a80:	00018726 	andeq	r8, r1, r6, lsr #14
    }
    1a84:	68910200 	ldmvs	r1, {r9}
    1a88:	000c580c 	andeq	r5, ip, ip, lsl #16
    1a8c:	128e0100 	addne	r0, lr, #0, 2
{
    1a90:	00000181 	andeq	r0, r0, r1, lsl #3
    1a94:	0c749102 	ldfeqp	f1, [r4], #-8
    1a98:	00000c3f 	andeq	r0, r0, pc, lsr ip
    const TickType_t xConstTickCount = xTickCount;
    1a9c:	9f168f01 	svcls	0x00168f01
    List_t * const pxDelayedList = pxDelayedTaskList;
    1aa0:	02000000 	andeq	r0, r0, #0
    1aa4:	0d007091 	stceq	0, cr7, [r0, #-580]	; 0xfffffdbc
    List_t * const pxOverflowDelayedList = pxOverflowDelayedTaskList;
    1aa8:	00000c20 	andeq	r0, r0, r0, lsr #24
    if( uxListRemove( &( pxCurrentTCB->xStateListItem ) ) == ( UBaseType_t ) 0 )
    1aac:	26066901 	strcs	r6, [r6], -r1, lsl #18
    1ab0:	4600001c 			; <UNDEFINED> instruction: 0x4600001c
    1ab4:	01000000 	mrseq	r0, (UNDEF: 0)
    1ab8:	0002739c 	muleq	r2, ip, r3
    1abc:	0b780b00 	bleq	1e046c4 <_etext+0x1e02230>
        portRESET_READY_PRIORITY( pxCurrentTCB->uxPriority, uxTopReadyPriority );
    1ac0:	69010000 	stmdbvs	r1, {}	; <UNPREDICTABLE>
    1ac4:	0001d725 	andeq	sp, r1, r5, lsr #14
    1ac8:	6c910200 	lfmvs	f0, 4, [r1], {0}
    1acc:	000c700b 	andeq	r7, ip, fp
    1ad0:	296a0100 	stmdbcs	sl!, {r8}^
    1ad4:	00000187 	andeq	r0, r0, r7, lsl #3
        xTimeToWake = xConstTickCount + xTicksToWait;
    1ad8:	0c689102 	stfeqp	f1, [r8], #-8
    1adc:	00000238 	andeq	r0, r0, r8, lsr r2
        listSET_LIST_ITEM_VALUE( &( pxCurrentTCB->xStateListItem ), xTimeToWake );
    1ae0:	87186c01 	ldrhi	r6, [r8, -r1, lsl #24]
    1ae4:	02000001 	andeq	r0, r0, #1
        if( xTimeToWake < xConstTickCount )
    1ae8:	0d007491 	cfstrseq	mvf7, [r0, #-580]	; 0xfffffdbc
    1aec:	00000c0c 	andeq	r0, r0, ip, lsl #24
            vListInsert( pxOverflowDelayedList, &( pxCurrentTCB->xStateListItem ) );
    1af0:	0e065901 	vmlaeq.f16	s10, s12, s2	; <UNPREDICTABLE>
    1af4:	1800001c 	stmdane	r0, {r2, r3, r4}
    1af8:	01000000 	mrseq	r0, (UNDEF: 0)
}
    1afc:	0002999c 	muleq	r2, ip, r9
            vListInsert( pxDelayedList, &( pxCurrentTCB->xStateListItem ) );
    1b00:	0c510b00 	mrrceq	11, 0, r0, r1, cr0
    1b04:	59010000 	stmdbpl	r1, {}	; <UNPREDICTABLE>
    1b08:	0001872e 	andeq	r8, r1, lr, lsr #14
            if( xTimeToWake < xNextTaskUnblockTime )
    1b0c:	74910200 	ldrvc	r0, [r1], #512	; 0x200
    1b10:	0c2f0e00 	stceq	14, cr0, [pc], #-0	; 1b18 <prvAddCurrentTaskToDelayedList+0x88>
    1b14:	31010000 	mrscc	r0, (UNDEF: 1)
                xNextTaskUnblockTime = xTimeToWake;
    1b18:	001bd006 	andseq	sp, fp, r6
}
    1b1c:	00003e00 	andeq	r3, r0, r0, lsl #28
    1b20:	0b9c0100 	bleq	fe701f28 <__StackTop+0xde6fff28>
    1b24:	00000b78 	andeq	r0, r0, r8, ror fp
    1b28:	d7263101 	strle	r3, [r6, -r1, lsl #2]!
    1b2c:	02000001 	andeq	r0, r0, #1
    1b30:	00007491 	muleq	r0, r1, r4
    1b34:	00000484 	andeq	r0, r0, r4, lsl #9
    1b38:	05320004 	ldreq	r0, [r2, #-4]!
{
    1b3c:	01040000 	mrseq	r0, (UNDEF: 4)
    1b40:	000000dd 	ldrdeq	r0, [r0], -sp
        pxCurrentTCB = NULL;
    1b44:	000e8f0c 	andeq	r8, lr, ip, lsl #30
    uxCurrentNumberOfTasks = ( UBaseType_t ) 0U;
    1b48:	00000700 	andeq	r0, r0, r0, lsl #14
    1b4c:	001d3000 	andseq	r3, sp, r0
    xTickCount = ( TickType_t ) configINITIAL_TICK_COUNT;
    1b50:	0004f000 	andeq	pc, r4, r0
    uxTopReadyPriority = tskIDLE_PRIORITY;
    1b54:	000d9d00 	andeq	r9, sp, r0, lsl #26
    1b58:	04c60200 	strbeq	r0, [r6], #512	; 0x200
    xSchedulerRunning = pdFALSE;
    1b5c:	d1020000 	mrsle	r0, (UNDEF: 2)
    xPendedTicks = ( TickType_t ) 0U;
    1b60:	00003617 	andeq	r3, r0, r7, lsl r6
    1b64:	00250300 	eoreq	r0, r5, r0, lsl #6
    for( xCoreID = 0; xCoreID < configNUMBER_OF_CORES; xCoreID++ )
    1b68:	04040000 	streq	r0, [r4], #-0
        xYieldPendings[ xCoreID ] = pdFALSE;
    1b6c:	00006607 	andeq	r6, r0, r7, lsl #12
    1b70:	05040500 	streq	r0, [r4, #-1280]	; 0xfffffb00
    1b74:	00746e69 	rsbseq	r6, r4, r9, ror #28
    for( xCoreID = 0; xCoreID < configNUMBER_OF_CORES; xCoreID++ )
    1b78:	a3050804 	movwge	r0, #22532	; 0x5804
    1b7c:	04000000 	streq	r0, [r0], #-0
    1b80:	00d10408 	sbcseq	r0, r1, r8, lsl #8
    xNumOfOverflows = ( BaseType_t ) 0;
    1b84:	01040000 	mrseq	r0, (UNDEF: 4)
    uxTaskNumber = ( UBaseType_t ) 0U;
    1b88:	00007506 	andeq	r7, r0, r6, lsl #10
    1b8c:	08010400 	stmdaeq	r1, {sl}
    xNextTaskUnblockTime = ( TickType_t ) 0U;
    1b90:	00000073 	andeq	r0, r0, r3, ror r0
    uxSchedulerSuspended = ( UBaseType_t ) 0U;
    1b94:	be050204 	cdplt	2, 0, cr0, cr5, cr4, {0}
    1b98:	04000000 	streq	r0, [r0], #-0
}
    1b9c:	00890702 	addeq	r0, r9, r2, lsl #14
    1ba0:	04040000 	streq	r0, [r4], #-0
    1ba4:	0000a805 	andeq	sl, r0, r5, lsl #16
    1ba8:	07040400 	streq	r0, [r4, -r0, lsl #8]
    1bac:	00000061 	andeq	r0, r0, r1, rrx
    1bb0:	5c070804 	stcpl	8, cr0, [r7], {4}
    1bb4:	06000000 	streq	r0, [r0], -r0
    1bb8:	08010404 	stmdaeq	r1, {r2, sl}
    1bbc:	0000007c 	andeq	r0, r0, ip, ror r0
    1bc0:	00065902 	andeq	r5, r6, r2, lsl #18
    1bc4:	182e0300 	stmdane	lr!, {r8, r9}
    1bc8:	00000059 	andeq	r0, r0, r9, asr r0
    1bcc:	0000c802 	andeq	ip, r0, r2, lsl #16
{
    1bd0:	19340300 	ldmdbne	r4!, {r8, r9}
    1bd4:	00000075 	andeq	r0, r0, r5, ror r0
    pxList->pxIndex = ( ListItem_t * ) &( pxList->xListEnd );
    1bd8:	008c0407 	addeq	r0, ip, r7, lsl #8
    1bdc:	9b080000 	blls	201be4 <_etext+0x1ff750>
    1be0:	1c00000c 	stcne	0, cr0, [r0], {12}
    pxList->xListEnd.xItemValue = portMAX_DELAY;
    1be4:	13109c04 	tstne	r0, #4, 24	; 0x400
    1be8:	09000001 	stmdbeq	r0, {r0}
    pxList->xListEnd.pxNext = ( ListItem_t * ) &( pxList->xListEnd );
    1bec:	00000e67 	andeq	r0, r0, r7, ror #28
    1bf0:	250c9e04 	strcs	r9, [ip, #-3588]	; 0xfffff1fc
    pxList->xListEnd.pxPrevious = ( ListItem_t * ) &( pxList->xListEnd );
    1bf4:	00000000 	andeq	r0, r0, r0
    1bf8:	000ed009 	andeq	sp, lr, r9
    1bfc:	0c9f0400 	cfldrseq	mvf0, [pc], {0}
    pxList->uxNumberOfItems = ( UBaseType_t ) 0U;
    1c00:	00000025 	andeq	r0, r0, r5, lsr #32
}
    1c04:	0d690904 			; <UNDEFINED> instruction: 0x0d690904
    1c08:	a0040000 	andge	r0, r4, r0
    1c0c:	0000250c 	andeq	r2, r0, ip, lsl #10
{
    1c10:	f2090800 	vadd.i8	d0, d9, d0
    1c14:	0400000c 	streq	r0, [r0], #-12
    pxItem->pxContainer = NULL;
    1c18:	00250ca1 	eoreq	r0, r5, r1, lsr #25
}
    1c1c:	090c0000 	stmdbeq	ip, {}	; <UNPREDICTABLE>
    1c20:	00000ca6 	andeq	r0, r0, r6, lsr #25
    1c24:	250ca204 	strcs	sl, [ip, #-516]	; 0xfffffdfc
{
    1c28:	10000000 	andne	r0, r0, r0
    1c2c:	000e4809 	andeq	r4, lr, r9, lsl #16
    ListItem_t * const pxIndex = pxList->pxIndex;
    1c30:	0ca30400 	cfstrseq	mvf0, [r3]
    1c34:	00000025 	andeq	r0, r0, r5, lsr #32
    pxNewListItem->pxNext = pxIndex;
    1c38:	0f240914 	svceq	0x00240914
    pxNewListItem->pxPrevious = pxIndex->pxPrevious;
    1c3c:	a4040000 	strge	r0, [r4], #-0
    1c40:	0000250c 	andeq	r2, r0, ip, lsl #10
    pxIndex->pxPrevious->pxNext = pxNewListItem;
    1c44:	02001800 	andeq	r1, r0, #0, 16
    1c48:	00000cc5 	andeq	r0, r0, r5, asr #25
    pxIndex->pxPrevious = pxNewListItem;
    1c4c:	aa03a504 	bge	eb064 <_etext+0xe8bd0>
    1c50:	0a000000 	beq	1c58 <vListInsertEnd+0x32>
    pxNewListItem->pxContainer = pxList;
    1c54:	0000008c 	andeq	r0, r0, ip, lsl #1
    ( pxList->uxNumberOfItems ) = ( UBaseType_t ) ( pxList->uxNumberOfItems + 1U );
    1c58:	00000130 	andeq	r0, r0, r0, lsr r1
    1c5c:	0000360b 	andeq	r3, r0, fp, lsl #12
    1c60:	000fff00 	andeq	pc, pc, r0, lsl #30
}
    1c64:	000fb50c 	andeq	fp, pc, ip, lsl #10
    1c68:	245f0100 	ldrbcs	r0, [pc], #-256	; 1c70 <vListInsert+0x4>
{
    1c6c:	0000011f 	andeq	r0, r0, pc, lsl r1
    1c70:	01a80305 			; <UNDEFINED> instruction: 0x01a80305
    1c74:	4d082000 	stcmi	0, cr2, [r8, #-0]
    const TickType_t xValueOfInsertion = pxNewListItem->xItemValue;
    1c78:	0800000d 	stmdaeq	r0, {r0, r2, r3}
    if( xValueOfInsertion == portMAX_DELAY )
    1c7c:	6a106401 	bvs	41ac88 <_etext+0x4187f4>
    1c80:	09000001 	stmdbeq	r0, {r0}
        pxIterator = pxList->xListEnd.pxPrevious;
    1c84:	00000cd1 	ldrdeq	r0, [r0], -r1
    1c88:	6a1b6601 	bvs	6db494 <_etext+0x6d9000>
        for( pxIterator = ( ListItem_t * ) &( pxList->xListEnd ); pxIterator->pxNext->xItemValue <= xValueOfInsertion; pxIterator = pxIterator->pxNext )
    1c8c:	00000001 	andeq	r0, r0, r1
    1c90:	000f3d09 	andeq	r3, pc, r9, lsl #26
    1c94:	0c670100 	stfeqe	f0, [r7], #-0
    1c98:	00000025 	andeq	r0, r0, r5, lsr #32
    1c9c:	04070004 	streq	r0, [r7], #-4
    1ca0:	00000142 	andeq	r0, r0, r2, asr #2
    1ca4:	000e3c02 	andeq	r3, lr, r2, lsl #24
    pxNewListItem->pxNext = pxIterator->pxNext;
    1ca8:	03680100 	cmneq	r8, #0, 2
    1cac:	00000142 	andeq	r0, r0, r2, asr #2
    pxNewListItem->pxNext->pxPrevious = pxNewListItem;
    1cb0:	000d890c 	andeq	r8, sp, ip, lsl #18
    1cb4:	159e0100 	ldrne	r0, [lr, #256]	; 0x100
    pxNewListItem->pxPrevious = pxIterator;
    1cb8:	00000031 	andeq	r0, r0, r1, lsr r0
    pxIterator->pxNext = pxNewListItem;
    1cbc:	24900305 	ldrcs	r0, [r0], #773	; 0x305
    1cc0:	480c0000 	stmdami	ip, {}	; <UNPREDICTABLE>
    pxNewListItem->pxContainer = pxList;
    1cc4:	0100000f 	tsteq	r0, pc
    ( pxList->uxNumberOfItems ) = ( UBaseType_t ) ( pxList->uxNumberOfItems + 1U );
    1cc8:	017024a1 	cmneq	r0, r1, lsr #9
    1ccc:	03050000 	movweq	r0, #20480	; 0x5000
    1cd0:	200011a8 	andcs	r1, r0, r8, lsr #3
}
    1cd4:	000d060c 	andeq	r0, sp, ip, lsl #12
    1cd8:	26a20100 	strtcs	r0, [r2], r0, lsl #2
{
    1cdc:	000001b2 			; <UNDEFINED> instruction: 0x000001b2
    1ce0:	11b00305 	lslsne	r0, r5, #6
    List_t * const pxList = pxItemToRemove->pxContainer;
    1ce4:	04072000 	streq	r2, [r7], #-0
    1ce8:	00000170 	andeq	r0, r0, r0, ror r1
    pxItemToRemove->pxNext->pxPrevious = pxItemToRemove->pxPrevious;
    1cec:	000ebc0c 	andeq	fp, lr, ip, lsl #24
    1cf0:	1fa60100 	svcne	0x00a60100
    pxItemToRemove->pxPrevious->pxNext = pxItemToRemove->pxNext;
    1cf4:	00000025 	andeq	r0, r0, r5, lsr #32
    1cf8:	11b40305 			; <UNDEFINED> instruction: 0x11b40305
    1cfc:	a60c2000 	strge	r2, [ip], -r0
    if( pxList->pxIndex == pxItemToRemove )
    1d00:	0100000c 	tsteq	r0, ip
    1d04:	00251fa7 	eoreq	r1, r5, r7, lsr #31
        pxList->pxIndex = pxItemToRemove->pxPrevious;
    1d08:	03050000 	movweq	r0, #20480	; 0x5000
    1d0c:	200011b8 			; <UNDEFINED> instruction: 0x200011b8
    pxItemToRemove->pxContainer = NULL;
    1d10:	000e480c 	andeq	r4, lr, ip, lsl #16
    1d14:	1fa80100 	svcne	0x00a80100
    ( pxList->uxNumberOfItems ) = ( UBaseType_t ) ( pxList->uxNumberOfItems - 1U );
    1d18:	00000025 	andeq	r0, r0, r5, lsr #32
    1d1c:	11bc0305 			; <UNDEFINED> instruction: 0x11bc0305
    return pxList->uxNumberOfItems;
    1d20:	240c2000 	strcs	r2, [ip], #-0
}
    1d24:	0100000f 	tsteq	r0, pc
    1d28:	00251fa9 	eoreq	r1, r5, r9, lsr #31
    1d2c:	03050000 	movweq	r0, #20480	; 0x5000
{
    1d30:	200011c0 	andcs	r1, r0, r0, asr #3
    1d34:	000dff0d 	andeq	pc, sp, sp, lsl #30
    void * pvReturn = NULL;
    1d38:	02750100 	rsbseq	r0, r5, #0, 2
    size_t xAllocatedBlockSize = 0;
    1d3c:	0021e006 	eoreq	lr, r1, r6
    if( xWantedSize > 0 )
    1d40:	00004000 	andeq	r4, r0, r0
    1d44:	0e9c0100 	fmleqe	f0, f4, f0
        if( heapADD_WILL_OVERFLOW( xWantedSize, xHeapStructSize ) == 0 )
    1d48:	00000f9c 	muleq	r0, ip, pc	; <UNPREDICTABLE>
    1d4c:	06023c01 	streq	r3, [r2], -r1, lsl #24
            xWantedSize += xHeapStructSize;
    1d50:	00002124 	andeq	r2, r0, r4, lsr #2
    1d54:	000000bc 	strheq	r0, [r0], -ip
            if( ( xWantedSize & portBYTE_ALIGNMENT_MASK ) != 0x00 )
    1d58:	027b9c01 	rsbseq	r9, fp, #256	; 0x100
    1d5c:	9a0f0000 	bls	3c1d64 <_etext+0x3bf8d0>
    1d60:	0100000c 	tsteq	r0, ip
                xAdditionalRequiredSize = portBYTE_ALIGNMENT - ( xWantedSize & portBYTE_ALIGNMENT_MASK );
    1d64:	7b27023c 	blvc	9c265c <_etext+0x9c01c8>
    1d68:	02000002 	andeq	r0, r0, #2
    1d6c:	e1106491 			; <UNDEFINED> instruction: 0xe1106491
                if( heapADD_WILL_OVERFLOW( xWantedSize, xAdditionalRequiredSize ) == 0 )
    1d70:	0100000c 	tsteq	r0, ip
    1d74:	b213023e 	andslt	r0, r3, #-536870909	; 0xe0000003
                    xWantedSize += xAdditionalRequiredSize;
    1d78:	02000001 	andeq	r0, r0, #1
    1d7c:	4f107491 	svcmi	0x00107491
    1d80:	0100000f 	tsteq	r0, pc
                    xWantedSize = 0;
    1d84:	250c023f 	strcs	r0, [ip, #-575]	; 0xfffffdc1
            xWantedSize = 0;
    1d88:	02000000 	andeq	r0, r0, #0
    vTaskSuspendAll();
    1d8c:	13107091 	tstne	r0, #145	; 0x91
        if( pxEnd == NULL )
    1d90:	0100000e 	tsteq	r0, lr
    1d94:	2519023f 	ldrcs	r0, [r9, #-575]	; 0xfffffdc1
            prvHeapInit();
    1d98:	02000000 	andeq	r0, r0, #0
        if( heapBLOCK_SIZE_IS_VALID( xWantedSize ) != 0 )
    1d9c:	e9106c91 	ldmdb	r0, {r0, r4, r7, sl, fp, sp, lr}
    1da0:	0100000c 	tsteq	r0, ip
            if( ( xWantedSize > 0 ) && ( xWantedSize <= xFreeBytesRemaining ) )
    1da4:	2527023f 	strcs	r0, [r7, #-575]!	; 0xfffffdc1
    1da8:	02000000 	andeq	r0, r0, #0
    1dac:	07006891 			; <UNDEFINED> instruction: 0x07006891
    1db0:	00011304 	andeq	r1, r1, r4, lsl #6
                pxPreviousBlock = &xStart;
    1db4:	0d0c1100 	stfeqs	f1, [ip, #-0]
                pxBlock = heapPROTECT_BLOCK_POINTER( xStart.pxNextFreeBlock );
    1db8:	f8010000 			; <UNDEFINED> instruction: 0xf8010000
                while( ( pxBlock->xBlockSize < xWantedSize ) && ( pxBlock->pxNextFreeBlock != heapPROTECT_BLOCK_POINTER( NULL ) ) )
    1dbc:	20740d01 	rsbscs	r0, r4, r1, lsl #26
                    pxPreviousBlock = pxBlock;
    1dc0:	00b00000 	adcseq	r0, r0, r0
                    pxBlock = heapPROTECT_BLOCK_POINTER( pxBlock->pxNextFreeBlock );
    1dc4:	9c010000 	stcls	0, cr0, [r1], {-0}
                while( ( pxBlock->xBlockSize < xWantedSize ) && ( pxBlock->pxNextFreeBlock != heapPROTECT_BLOCK_POINTER( NULL ) ) )
    1dc8:	000002c9 	andeq	r0, r0, r9, asr #5
    1dcc:	000f050f 	andeq	r0, pc, pc, lsl #10
    1dd0:	01f80100 	mvnseq	r0, r0, lsl #2
    1dd4:	0001b237 	andeq	fp, r1, r7, lsr r2
    1dd8:	6c910200 	lfmvs	f0, 4, [r1], {0}
                if( pxBlock != pxEnd )
    1ddc:	000c5810 	andeq	r5, ip, r0, lsl r8
    1de0:	01fa0100 	mvnseq	r0, r0, lsl #2
                    pvReturn = ( void * ) ( ( ( uint8_t * ) heapPROTECT_BLOCK_POINTER( pxPreviousBlock->pxNextFreeBlock ) ) + xHeapStructSize );
    1de4:	0001b213 	andeq	fp, r1, r3, lsl r2
    1de8:	74910200 	ldrvc	r0, [r1], #512	; 0x200
    1dec:	63757012 	cmnvs	r5, #18
                    pxPreviousBlock->pxNextFreeBlock = pxBlock->pxNextFreeBlock;
    1df0:	01fb0100 	mvnseq	r0, r0, lsl #2
    1df4:	0000a40f 	andeq	sl, r0, pc, lsl #8
                    if( ( pxBlock->xBlockSize - xWantedSize ) > heapMINIMUM_BLOCK_SIZE )
    1df8:	70910200 	addsvc	r0, r1, r0, lsl #4
    1dfc:	0ef91100 	cdpeq	1, 15, cr1, cr9, cr0, {0}
    1e00:	c8010000 	stmdagt	r1, {}	; <UNPREDICTABLE>
    1e04:	1fc00d01 	svcne	0x00c00d01
                        pxNewBlockLink = ( void * ) ( ( ( uint8_t * ) pxBlock ) + xWantedSize );
    1e08:	00b40000 	adcseq	r0, r4, r0
    1e0c:	9c010000 	stcls	0, cr0, [r1], {-0}
                        pxNewBlockLink->xBlockSize = pxBlock->xBlockSize - xWantedSize;
    1e10:	00000321 	andeq	r0, r0, r1, lsr #6
    1e14:	000f5c10 	andeq	r5, pc, r0, lsl ip	; <UNPREDICTABLE>
    1e18:	01ca0100 	biceq	r0, sl, r0, lsl #2
                        pxBlock->xBlockSize = xWantedSize;
    1e1c:	0001b213 	andeq	fp, r1, r3, lsl r2
                        pxNewBlockLink->pxNextFreeBlock = pxPreviousBlock->pxNextFreeBlock;
    1e20:	68910200 	ldmvs	r1, {r9}
    1e24:	000d5a10 	andeq	r5, sp, r0, lsl sl
                        pxPreviousBlock->pxNextFreeBlock = heapPROTECT_BLOCK_POINTER( pxNewBlockLink );
    1e28:	01cb0100 	biceq	r0, fp, r0, lsl #2
    1e2c:	0000981b 	andeq	r9, r0, fp, lsl r8
                    xFreeBytesRemaining -= pxBlock->xBlockSize;
    1e30:	74910200 	ldrvc	r0, [r1], #512	; 0x200
    1e34:	000dad10 	andeq	sl, sp, r0, lsl sp
    1e38:	01cb0100 	biceq	r0, fp, r0, lsl #2
                    if( xFreeBytesRemaining < xMinimumEverFreeBytesRemaining )
    1e3c:	0000982b 	andeq	r9, r0, fp, lsr #16
    1e40:	6c910200 	lfmvs	f0, 4, [r1], {0}
    1e44:	000f1510 	andeq	r1, pc, r0, lsl r5	; <UNPREDICTABLE>
                        xMinimumEverFreeBytesRemaining = xFreeBytesRemaining;
    1e48:	01cc0100 	biceq	r0, ip, r0, lsl #2
    1e4c:	0000250c 	andeq	r2, r0, ip, lsl #10
                    xAllocatedBlockSize = pxBlock->xBlockSize;
    1e50:	70910200 	addsvc	r0, r1, r0, lsl #4
    1e54:	0e821300 	cdpeq	3, 8, cr1, cr2, cr0, {0}
                    heapALLOCATE_BLOCK( pxBlock );
    1e58:	b5010000 	strlt	r0, [r1, #-0]
    1e5c:	00830801 	addeq	r0, r3, r1, lsl #16
    1e60:	1f600000 	svcne	0x00600000
                    pxBlock->pxNextFreeBlock = heapPROTECT_BLOCK_POINTER( NULL );
    1e64:	00600000 	rsbeq	r0, r0, r0
                    xNumberOfSuccessfulAllocations++;
    1e68:	9c010000 	stcls	0, cr0, [r1], {-0}
    1e6c:	0000036c 	andeq	r0, r0, ip, ror #6
    1e70:	000f570f 	andeq	r5, pc, pc, lsl #14
    ( void ) xTaskResumeAll();
    1e74:	01b50100 			; <UNDEFINED> instruction: 0x01b50100
}
    1e78:	0000251d 	andeq	r2, r0, sp, lsl r5
    1e7c:	6c910200 	lfmvs	f0, 4, [r1], {0}
    1e80:	000e160f 	andeq	r1, lr, pc, lsl #12
    1e84:	01b60100 			; <UNDEFINED> instruction: 0x01b60100
    1e88:	0000251d 	andeq	r2, r0, sp, lsl r5
    1e8c:	68910200 	ldmvs	r1, {r9}
    1e90:	00767012 	rsbseq	r7, r6, r2, lsl r0
{
    1e94:	0c01b801 	stceq	8, cr11, [r1], {1}
    1e98:	00000083 	andeq	r0, r0, r3, lsl #1
    uint8_t * puc = ( uint8_t * ) pv;
    1e9c:	00749102 	rsbseq	r9, r4, r2, lsl #2
    if( pv != NULL )
    1ea0:	000f790d 	andeq	r7, pc, sp, lsl #18
    1ea4:	01af0100 			; <UNDEFINED> instruction: 0x01af0100
        puc -= xHeapStructSize;
    1ea8:	001f5406 	andseq	r5, pc, r6, lsl #8
    1eac:	00000c00 	andeq	r0, r0, r0, lsl #24
        pxLink = ( void * ) puc;
    1eb0:	0d9c0100 	ldfeqs	f0, [ip]
        if( heapBLOCK_IS_ALLOCATED( pxLink ) != 0 )
    1eb4:	00000d27 	andeq	r0, r0, r7, lsr #26
    1eb8:	0601a901 	streq	sl, [r1], -r1, lsl #18
    1ebc:	00001f38 	andeq	r1, r0, r8, lsr pc
    1ec0:	0000001c 	andeq	r0, r0, ip, lsl r0
            if( pxLink->pxNextFreeBlock == heapPROTECT_BLOCK_POINTER( NULL ) )
    1ec4:	1c149c01 	ldcne	12, cr9, [r4], {1}
    1ec8:	0100000e 	tsteq	r0, lr
                heapFREE_BLOCK( pxLink );
    1ecc:	250801a3 	strcs	r0, [r8, #-419]	; 0xfffffe5d
    1ed0:	24000000 	strcs	r0, [r0], #-0
    1ed4:	1400001f 	strne	r0, [r0], #-31	; 0xffffffe1
                vTaskSuspendAll();
    1ed8:	01000000 	mrseq	r0, (UNDEF: 0)
                    xFreeBytesRemaining += pxLink->xBlockSize;
    1edc:	0dc9149c 	cfstrdeq	mvd1, [r9, #624]	; 0x270
    1ee0:	9d010000 	stcls	0, cr0, [r1, #-0]
    1ee4:	00250801 	eoreq	r0, r5, r1, lsl #16
    1ee8:	1f100000 	svcne	0x00100000
                    prvInsertBlockIntoFreeList( ( ( BlockLink_t * ) pxLink ) );
    1eec:	00140000 	andseq	r0, r4, r0
                    xNumberOfSuccessfulFrees++;
    1ef0:	9c010000 	stcls	0, cr0, [r1], {-0}
    1ef4:	000eef0e 	andeq	lr, lr, lr, lsl #30
    1ef8:	01620100 	cmneq	r2, r0, lsl #2
                ( void ) xTaskResumeAll();
    1efc:	001e9406 	andseq	r9, lr, r6, lsl #8
}
    1f00:	00007c00 	andeq	r7, r0, r0, lsl #24
    1f04:	079c0100 	ldreq	r0, [ip, r0, lsl #2]
    1f08:	15000004 	strne	r0, [r0, #-4]
    1f0c:	01007670 	tsteq	r0, r0, ror r6
{
    1f10:	83180162 	tsthi	r8, #-2147483624	; 0x80000018
    return xFreeBytesRemaining;
    1f14:	02000000 	andeq	r0, r0, #0
}
    1f18:	70126c91 	mulsvc	r2, r1, ip
    1f1c:	01006375 	tsteq	r0, r5, ror r3
    1f20:	a40f0164 	strge	r0, [pc], #-356	; 1f28 <xPortGetMinimumEverFreeHeapSize+0x4>
{
    1f24:	02000000 	andeq	r0, r0, #0
    return xMinimumEverFreeBytesRemaining;
    1f28:	ae107491 	cfcmpsge	r7, mvf0, mvf1
}
    1f2c:	0100000f 	tsteq	r0, pc
    1f30:	b2130165 	andslt	r0, r3, #1073741849	; 0x40000019
    1f34:	02000001 	andeq	r0, r0, #1
{
    1f38:	16007091 			; <UNDEFINED> instruction: 0x16007091
    xMinimumEverFreeBytesRemaining = xFreeBytesRemaining;
    1f3c:	00000f8f 	andeq	r0, r0, pc, lsl #31
    1f40:	8308ad01 	movwhi	sl, #36097	; 0x8d01
}
    1f44:	30000000 	andcc	r0, r0, r0
    1f48:	6400001d 	strvs	r0, [r0], #-29	; 0xffffffe3
    1f4c:	01000001 	tsteq	r0, r1
    1f50:	0f6d179c 	svceq	0x006d179c
{
    1f54:	ad010000 	stcge	0, cr0, [r1, #-0]
}
    1f58:	0000251d 	andeq	r2, r0, sp, lsl r5
    1f5c:	5c910200 	lfmpl	f0, 4, [r1], {0}
{
    1f60:	000ce10c 	andeq	lr, ip, ip, lsl #2
    1f64:	13af0100 			; <UNDEFINED> instruction: 0x13af0100
    1f68:	000001b2 			; <UNDEFINED> instruction: 0x000001b2
    void * pv = NULL;
    1f6c:	0c749102 	ldfeqp	f1, [r4], #-8
    if( heapMULTIPLY_WILL_OVERFLOW( xNum, xSize ) == 0 )
    1f70:	00000c8a 	andeq	r0, r0, sl, lsl #25
    1f74:	b213b001 	andslt	fp, r3, #1
    1f78:	02000001 	andeq	r0, r0, #1
    1f7c:	ba0c7091 	blt	31e1c8 <_etext+0x31bd34>
    1f80:	0100000d 	tsteq	r0, sp
    1f84:	01b213b1 			; <UNDEFINED> instruction: 0x01b213b1
    1f88:	91020000 	mrsls	r0, (UNDEF: 2)
    1f8c:	0df60c60 	ldcleq	12, cr0, [r6, #384]!	; 0x180
        pv = pvPortMalloc( xNum * xSize );
    1f90:	b2010000 	andlt	r0, r1, #0
    1f94:	0000830c 	andeq	r8, r0, ip, lsl #6
    1f98:	6c910200 	lfmvs	f0, 4, [r1], {0}
    1f9c:	000dde0c 	andeq	sp, sp, ip, lsl #28
        if( pv != NULL )
    1fa0:	0cb30100 	ldfeqs	f0, [r3]
            ( void ) memset( pv, 0, xNum * xSize );
    1fa4:	00000025 	andeq	r0, r0, r5, lsr #32
    1fa8:	0c649102 	stfeqp	f1, [r4], #-8
    1fac:	00000d99 	muleq	r0, r9, sp
    1fb0:	250cb401 	strcs	fp, [ip, #-1025]	; 0xfffffbff
    1fb4:	02000000 	andeq	r0, r0, #0
}
    1fb8:	00006891 	muleq	r0, r1, r8
    1fbc:	00000303 	andeq	r0, r0, r3, lsl #6
{
    1fc0:	06c20004 	strbeq	r0, [r2], r4
    1fc4:	01040000 	mrseq	r0, (UNDEF: 4)
    size_t xTotalHeapSize = configTOTAL_HEAP_SIZE;
    1fc8:	000000dd 	ldrdeq	r0, [r0], -sp
    uxStartAddress = ( portPOINTER_SIZE_TYPE ) ucHeap;
    1fcc:	0010690c 	andseq	r6, r0, ip, lsl #18
    if( ( uxStartAddress & portBYTE_ALIGNMENT_MASK ) != 0 )
    1fd0:	00000700 	andeq	r0, r0, r0, lsl #14
    1fd4:	00222000 	eoreq	r2, r2, r0
    1fd8:	00026000 	andeq	r6, r2, r0
        uxStartAddress += ( portBYTE_ALIGNMENT - 1 );
    1fdc:	0010f100 	andseq	pc, r0, r0, lsl #2
        uxStartAddress &= ~( ( portPOINTER_SIZE_TYPE ) portBYTE_ALIGNMENT_MASK );
    1fe0:	05040200 	streq	r0, [r4, #-512]	; 0xfffffe00
    1fe4:	00746e69 	rsbseq	r6, r4, r9, ror #28
        xTotalHeapSize -= ( size_t ) ( uxStartAddress - ( portPOINTER_SIZE_TYPE ) ucHeap );
    1fe8:	66070403 	strvs	r0, [r7], -r3, lsl #8
    1fec:	03000000 	movweq	r0, #0
    1ff0:	00a30508 	adceq	r0, r3, r8, lsl #10
    xStart.pxNextFreeBlock = ( void * ) heapPROTECT_BLOCK_POINTER( uxStartAddress );
    1ff4:	08030000 	stmdaeq	r3, {}	; <UNPREDICTABLE>
    1ff8:	0000d104 	andeq	sp, r0, r4, lsl #2
    xStart.xBlockSize = ( size_t ) 0;
    1ffc:	06010300 	streq	r0, [r1], -r0, lsl #6
    uxEndAddress = uxStartAddress + ( portPOINTER_SIZE_TYPE ) xTotalHeapSize;
    2000:	00000075 	andeq	r0, r0, r5, ror r0
    2004:	be050203 	cdplt	2, 0, cr0, cr5, cr3, {0}
    uxEndAddress -= ( portPOINTER_SIZE_TYPE ) xHeapStructSize;
    2008:	03000000 	movweq	r0, #0
    200c:	00a80504 	adceq	r0, r8, r4, lsl #10
    uxEndAddress &= ~( ( portPOINTER_SIZE_TYPE ) portBYTE_ALIGNMENT_MASK );
    2010:	01030000 	mrseq	r0, (UNDEF: 3)
    2014:	00007308 	andeq	r7, r0, r8, lsl #6
    pxEnd = ( BlockLink_t * ) uxEndAddress;
    2018:	07020300 	streq	r0, [r2, -r0, lsl #6]
    201c:	00000089 	andeq	r0, r0, r9, lsl #1
    pxEnd->xBlockSize = 0;
    2020:	0000c804 	andeq	ip, r0, r4, lsl #16
    2024:	19340300 	ldmdbne	r4!, {r8, r9}
    pxEnd->pxNextFreeBlock = heapPROTECT_BLOCK_POINTER( NULL );
    2028:	00000075 	andeq	r0, r0, r5, ror r0
    202c:	00006405 	andeq	r6, r0, r5, lsl #8
    pxFirstFreeBlock = ( BlockLink_t * ) uxStartAddress;
    2030:	07040300 	streq	r0, [r4, -r0, lsl #6]
    pxFirstFreeBlock->xBlockSize = ( size_t ) ( uxEndAddress - ( portPOINTER_SIZE_TYPE ) pxFirstFreeBlock );
    2034:	00000061 	andeq	r0, r0, r1, rrx
    2038:	5c070803 	stcpl	8, cr0, [r7], {3}
    pxFirstFreeBlock->pxNextFreeBlock = heapPROTECT_BLOCK_POINTER( pxEnd );
    203c:	04000000 	streq	r0, [r0], #-0
    2040:	00000752 	andeq	r0, r0, r2, asr r7
    xMinimumEverFreeBytesRemaining = pxFirstFreeBlock->xBlockSize;
    2044:	8f112404 	svchi	0x00112404
    2048:	06000000 	streq	r0, [r0], -r0
    xFreeBytesRemaining = pxFirstFreeBlock->xBlockSize;
    204c:	00009504 	andeq	r9, r0, r4, lsl #10
    2050:	00a00700 	adceq	r0, r0, r0, lsl #14
}
    2054:	a0080000 	andge	r0, r8, r0
    2058:	00000000 	andeq	r0, r0, r0
    205c:	40040409 	andmi	r0, r4, r9, lsl #8
    2060:	02000002 	andeq	r0, r0, #2
    2064:	00641a3a 	rsbeq	r1, r4, sl, lsr sl
    2068:	d6040000 	strle	r0, [r4], -r0
    206c:	02000005 	andeq	r0, r0, #5
    2070:	004f1a3b 	subeq	r1, pc, fp, lsr sl	; <UNPREDICTABLE>
{
    2074:	d5040000 	strle	r0, [r4, #-0]
    2078:	02000005 	andeq	r0, r0, #5
    for( pxIterator = &xStart; heapPROTECT_BLOCK_POINTER( pxIterator->pxNextFreeBlock ) < pxBlockToInsert; pxIterator = heapPROTECT_BLOCK_POINTER( pxIterator->pxNextFreeBlock ) )
    207c:	00751a3c 	rsbseq	r1, r5, ip, lsr sl
    2080:	01030000 	mrseq	r0, (UNDEF: 3)
    2084:	00007c08 	andeq	r7, r0, r8, lsl #24
    2088:	a2040600 	andge	r0, r4, #0, 12
    208c:	04000000 	streq	r0, [r0], #-0
    2090:	000010a6 	andeq	r1, r0, r6, lsr #1
    puc = ( uint8_t * ) pxIterator;
    2094:	e4122601 	ldr	r2, [r2], #-1537	; 0xfffff9ff
    if( ( puc + pxIterator->xBlockSize ) == ( uint8_t * ) pxBlockToInsert )
    2098:	0a000000 	beq	20a0 <prvInsertBlockIntoFreeList+0x2c>
    209c:	000000d3 	ldrdeq	r0, [r0], -r3
    20a0:	00ea0406 	rsceq	r0, sl, r6, lsl #8
        pxIterator->xBlockSize += pxBlockToInsert->xBlockSize;
    20a4:	0c0b0000 	stceq	0, cr0, [fp], {-0}
    20a8:	0000103e 	andeq	r1, r0, lr, lsr r0
    20ac:	ba148d01 	blt	5254b8 <_etext+0x523024>
    20b0:	05000000 	streq	r0, [r0, #-0]
        pxBlockToInsert = pxIterator;
    20b4:	00000403 	andeq	r0, r0, r3, lsl #8
    puc = ( uint8_t * ) pxBlockToInsert;
    20b8:	10500d20 	subsne	r0, r0, r0, lsr #26
    if( ( puc + pxBlockToInsert->xBlockSize ) == ( uint8_t * ) heapPROTECT_BLOCK_POINTER( pxIterator->pxNextFreeBlock ) )
    20bc:	e7010000 	str	r0, [r1, -r0]
    20c0:	244c2002 	strbcs	r2, [ip], #-2
    20c4:	00340000 	eorseq	r0, r4, r0
    20c8:	9c010000 	stcls	0, cr0, [r1], {-0}
        if( heapPROTECT_BLOCK_POINTER( pxIterator->pxNextFreeBlock ) != pxEnd )
    20cc:	00102a0e 	andseq	r2, r0, lr, lsl #20
    20d0:	01eb0100 	mvneq	r0, r0, lsl #2
    20d4:	00240606 	eoreq	r0, r4, r6, lsl #12
            pxBlockToInsert->xBlockSize += heapPROTECT_BLOCK_POINTER( pxIterator->pxNextFreeBlock )->xBlockSize;
    20d8:	00004600 	andeq	r4, r0, r0, lsl #12
    20dc:	609c0100 	addsvs	r0, ip, r0, lsl #2
    20e0:	0f000001 	svceq	0x00000001
    20e4:	000002f0 	strdeq	r0, [r0], -r0	; <UNPREDICTABLE>
            pxBlockToInsert->pxNextFreeBlock = heapPROTECT_BLOCK_POINTER( pxIterator->pxNextFreeBlock )->pxNextFreeBlock;
    20e8:	0000240c 	andeq	r2, r0, ip, lsl #8
    20ec:	00000014 	andeq	r0, r0, r4, lsl r0
    20f0:	0501f101 	streq	pc, [r1, #-257]	; 0xfffffeff
            pxBlockToInsert->pxNextFreeBlock = heapPROTECT_BLOCK_POINTER( pxEnd );
    20f4:	00000145 	andeq	r0, r0, r5, asr #2
    20f8:	0002f910 	andeq	pc, r2, r0, lsl r9	; <UNPREDICTABLE>
        pxBlockToInsert->pxNextFreeBlock = pxIterator->pxNextFreeBlock;
    20fc:	74910200 	ldrvc	r0, [r1], #512	; 0x200
    2100:	02d61100 	sbcseq	r1, r6, #0, 2
    if( pxIterator != pxBlockToInsert )
    2104:	24360000 	ldrtcs	r0, [r6], #-0
    2108:	00080000 	andeq	r0, r8, r0
        pxIterator->pxNextFreeBlock = heapPROTECT_BLOCK_POINTER( pxBlockToInsert );
    210c:	02010000 	andeq	r0, r1, #0
    2110:	e3120502 	tst	r2, #8388608	; 0x800000
}
    2114:	02000002 	andeq	r0, r0, #2
    2118:	00007091 	muleq	r0, r1, r0
    211c:	000fe80d 	andeq	lr, pc, sp, lsl #16
    2120:	01c70100 	biceq	r0, r7, r0, lsl #2
{
    2124:	0023c006 	eoreq	ip, r3, r6
    2128:	00004600 	andeq	r4, r0, r0, lsl #12
    size_t xBlocks = 0, xMaxSize = 0, xMinSize = SIZE_MAX;
    212c:	139c0100 	orrsne	r0, ip, #0, 2
    2130:	000010c0 	andeq	r1, r0, r0, asr #1
    2134:	0601bb01 	streq	fp, [r1], -r1, lsl #22
    2138:	0000238c 	andeq	r2, r0, ip, lsl #7
    vTaskSuspendAll();
    213c:	00000034 	andeq	r0, r0, r4, lsr r0
        pxBlock = heapPROTECT_BLOCK_POINTER( xStart.pxNextFreeBlock );
    2140:	01a59c01 			; <UNDEFINED> instruction: 0x01a59c01
        if( pxBlock != NULL )
    2144:	d6110000 	ldrle	r0, [r1], -r0
    2148:	a8000002 	stmdage	r0, {r1}
                xBlocks++;
    214c:	08000023 	stmdaeq	r0, {r0, r1, r5}
    2150:	01000000 	mrseq	r0, (UNDEF: 0)
                if( pxBlock->xBlockSize > xMaxSize )
    2154:	120901c2 	andne	r0, r9, #-2147483600	; 0x80000030
    2158:	000002e3 	andeq	r0, r0, r3, ror #5
                    xMaxSize = pxBlock->xBlockSize;
    215c:	00749102 	rsbseq	r9, r4, r2, lsl #2
    2160:	0fbc1300 	svceq	0x00bc1300
                if( pxBlock->xBlockSize < xMinSize )
    2164:	aa010000 	bge	4216c <_etext+0x3fcd8>
    2168:	23580601 	cmpcs	r8, #1048576	; 0x100000
                    xMinSize = pxBlock->xBlockSize;
    216c:	00340000 	eorseq	r0, r4, r0
    2170:	9c010000 	stcls	0, cr0, [r1], {-0}
                pxBlock = heapPROTECT_BLOCK_POINTER( pxBlock->pxNextFreeBlock );
    2174:	000001d7 	ldrdeq	r0, [r0], -r7
            while( pxBlock != pxEnd )
    2178:	0002f011 	andeq	pc, r2, r1, lsl r0	; <UNPREDICTABLE>
    217c:	00235e00 	eoreq	r5, r3, r0, lsl #28
    2180:	00001400 	andeq	r1, r0, r0, lsl #8
    ( void ) xTaskResumeAll();
    2184:	01ac0100 			; <UNDEFINED> instruction: 0x01ac0100
    pxHeapStats->xSizeOfLargestFreeBlockInBytes = xMaxSize;
    2188:	02f91005 	rscseq	r1, r9, #5
    pxHeapStats->xSizeOfSmallestFreeBlockInBytes = xMinSize;
    218c:	91020000 	mrsls	r0, (UNDEF: 2)
    2190:	0d000074 	stceq	0, cr0, [r0, #-464]	; 0xfffffe30
    pxHeapStats->xNumberOfFreeBlocks = xBlocks;
    2194:	00000fd6 	ldrdeq	r0, [r0], -r6
    taskENTER_CRITICAL();
    2198:	0601a201 	streq	sl, [r1], -r1, lsl #4
        pxHeapStats->xAvailableHeapSpaceInBytes = xFreeBytesRemaining;
    219c:	0000234c 	andeq	r2, r0, ip, asr #6
    21a0:	0000000c 	andeq	r0, r0, ip
        pxHeapStats->xNumberOfSuccessfulAllocations = xNumberOfSuccessfulAllocations;
    21a4:	e8149c01 	ldmda	r4, {r0, sl, fp, ip, pc}
    21a8:	01000010 	tsteq	r0, r0, lsl r0
        pxHeapStats->xNumberOfSuccessfulFrees = xNumberOfSuccessfulFrees;
    21ac:	ae0c010c 	adfgee	f0, f4, #4.0
    21b0:	f2000000 	vhadd.s8	d0, d0, d0
        pxHeapStats->xMinimumEverFreeBytesRemaining = xMinimumEverFreeBytesRemaining;
    21b4:	5a000022 	bpl	2244 <pxPortInitialiseStack+0x24>
    21b8:	01000000 	mrseq	r0, (UNDEF: 0)
    taskEXIT_CRITICAL();
    21bc:	0002209c 	muleq	r2, ip, r0
}
    21c0:	22f81500 	rscscs	r1, r8, #0, 10
    21c4:	00060000 	andeq	r0, r6, r0
    21c8:	98160000 	ldmdals	r6, {}	; <UNPREDICTABLE>
    21cc:	01000010 	tsteq	r0, r0, lsl r0
    21d0:	2621011c 			; <UNDEFINED> instruction: 0x2621011c
    21d4:	02000002 	andeq	r0, r0, #2
    21d8:	00007491 	muleq	r0, r1, r4
    21dc:	00df0406 	sbcseq	r0, pc, r6, lsl #8
{
    21e0:	200a0000 	andcs	r0, sl, r0
    pxEnd = NULL;
    21e4:	17000002 	strne	r0, [r0, -r2]
    21e8:	000010d2 	ldrdeq	r1, [r0], -r2
    xFreeBytesRemaining = ( size_t ) 0U;
    21ec:	d20df701 	andle	pc, sp, #262144	; 0x40000
    xMinimumEverFreeBytesRemaining = ( size_t ) 0U;
    21f0:	20000022 	andcs	r0, r0, r2, lsr #32
    21f4:	01000000 	mrseq	r0, (UNDEF: 0)
    xNumberOfSuccessfulAllocations = ( size_t ) 0U;
    21f8:	10b0189c 	umlalsne	r1, r0, ip, r8
    xNumberOfSuccessfulFrees = ( size_t ) 0U;
    21fc:	e4010000 	str	r0, [r1], #-0
    2200:	0022aa06 	eoreq	sl, r2, r6, lsl #20
}
    2204:	00002800 	andeq	r2, r0, r0, lsl #16
    2208:	199c0100 	ldmibne	ip, {r8}
    220c:	00000ffb 	strdeq	r0, [r0], -fp
    2210:	780dca01 	stmdavc	sp, {r0, r9, fp, lr, pc}
    2214:	32000022 	andcc	r0, r0, #34	; 0x22
    2218:	01000000 	mrseq	r0, (UNDEF: 0)
    221c:	00028e9c 	muleq	r2, ip, lr
{
    2220:	100c0c00 	andne	r0, ip, r0, lsl #24
    2224:	cc010000 	stcgt	0, cr0, [r1], {-0}
    2228:	00007017 	andeq	r7, r0, r7, lsl r0
    pxTopOfStack--;                                                      /* Offset added to account for the way the MCU uses the stack on entry/exit of interrupts. */
    222c:	70910200 	addsvc	r0, r1, r0, lsl #4
    2230:	0002f01a 	andeq	pc, r2, sl, lsl r0	; <UNPREDICTABLE>
    *pxTopOfStack = portINITIAL_XPSR;                                    /* xPSR */
    2234:	00228200 	eoreq	r8, r2, r0, lsl #4
    2238:	00001400 	andeq	r1, r0, r0, lsl #8
    pxTopOfStack--;
    223c:	05d50100 	ldrbeq	r0, [r5, #256]	; 0x100
    *pxTopOfStack = ( ( StackType_t ) pxCode ) & portSTART_ADDRESS_MASK; /* PC */
    2240:	0002f910 	andeq	pc, r2, r0, lsl r9	; <UNPREDICTABLE>
    2244:	74910200 	ldrvc	r0, [r1], #512	; 0x200
    2248:	141b0000 	ldrne	r0, [fp], #-0
    pxTopOfStack--;
    224c:	01000010 	tsteq	r0, r0, lsl r0
    *pxTopOfStack = ( StackType_t ) portTASK_RETURN_ADDRESS;             /* LR */
    2250:	00cd0fb6 	strheq	r0, [sp], #246	; 0xf6
    2254:	22200000 	eorcs	r0, r0, #0
    pxTopOfStack -= 5;                                                   /* R12, R3, R2 and R1. */
    2258:	00580000 	subseq	r0, r8, r0
    *pxTopOfStack = ( StackType_t ) pvParameters;                        /* R0 */
    225c:	9c010000 	stcls	0, cr0, [r1], {-0}
    2260:	000002d6 	ldrdeq	r0, [r0], -r6
    pxTopOfStack -= 8;                                                   /* R11, R10, R9, R8, R7, R6, R5 and R4. */
    2264:	000b541c 	andeq	r5, fp, ip, lsl r4
    return pxTopOfStack;
    2268:	34b60100 	ldrtcc	r0, [r6], #256	; 0x100
}
    226c:	000000cd 	andeq	r0, r0, sp, asr #1
    2270:	1c749102 	ldfnep	f1, [r4], #-8
    2274:	00000fcf 	andeq	r0, r0, pc, asr #31
{
    2278:	8335b701 	teqhi	r5, #262144	; 0x40000
    227c:	02000000 	andeq	r0, r0, #0
    volatile uint32_t ulDummy = 0UL;
    2280:	b11c7091 			; <UNDEFINED> instruction: 0xb11c7091
    __asm volatile
    2284:	01000000 	mrseq	r0, (UNDEF: 0)
    2288:	00a02db8 	strhteq	r2, [r0], r8
    228c:	91020000 	mrsls	r0, (UNDEF: 2)
    2290:	321d006c 	andscc	r0, sp, #108	; 0x6c
}
    2294:	02000003 	andeq	r0, r0, #3
    while( ulDummy == 0 )
    2298:	f0031ef8 			; <UNDEFINED> instruction: 0xf0031ef8
    229c:	1e000002 	cdpne	0, 0, cr0, cr0, cr2, {0}
}
    22a0:	00000805 	andeq	r0, r0, r5, lsl #16
    22a4:	6438f802 	ldrtvs	pc, [r8], #-2050	; 0xfffff7fe	; <UNPREDICTABLE>
    22a8:	00000000 	andeq	r0, r0, r0
    __asm volatile (
    22ac:	0009841f 	andeq	r8, r9, pc, lsl r4
    22b0:	1ed40200 	cdpne	2, 13, cr0, cr4, cr0, {0}
    22b4:	05c82003 	strbeq	r2, [r8, #3]
    22b8:	d6020000 	strle	r0, [r2], -r0
    22bc:	0000640e 	andeq	r6, r0, lr, lsl #8
    22c0:	Address 0x00000000000022c0 is out of bounds.


Disassembly of section .debug_abbrev:

00000000 <.debug_abbrev>:
   0:	10001101 	andne	r1, r0, r1, lsl #2
   4:	12011106 	andne	r1, r1, #-2147483647	; 0x80000001
   8:	1b0e0301 	blne	380c14 <_etext+0x37e780>
   c:	130e250e 	movwne	r2, #58638	; 0xe50e
  10:	00000005 	andeq	r0, r0, r5
  14:	25011101 	strcs	r1, [r1, #-257]	; 0xfffffeff
  18:	030b130e 	movweq	r1, #45838	; 0xb30e
  1c:	110e1b0e 	tstne	lr, lr, lsl #22
  20:	10061201 	andne	r1, r6, r1, lsl #4
  24:	02000017 	andeq	r0, r0, #23
  28:	0b0b0024 	bleq	2c00c0 <_etext+0x2bdc2c>
  2c:	08030b3e 	stmdaeq	r3, {r1, r2, r3, r4, r5, r8, r9, fp}
  30:	35030000 	strcc	r0, [r3, #-0]
  34:	00134900 	andseq	r4, r3, r0, lsl #18
  38:	00240400 	eoreq	r0, r4, r0, lsl #8
  3c:	0b3e0b0b 	bleq	f82c70 <_etext+0xf807dc>
  40:	00000e03 	andeq	r0, r0, r3, lsl #28
  44:	03001605 	movweq	r1, #1541	; 0x605
  48:	3b0b3a0e 	blcc	2ce888 <_etext+0x2cc3f4>
  4c:	490b390b 	stmdbmi	fp, {r0, r1, r3, r8, fp, ip, sp}
  50:	06000013 			; <UNDEFINED> instruction: 0x06000013
  54:	0b0b000f 	bleq	2c0098 <_etext+0x2bdc04>
  58:	34070000 	strcc	r0, [r7], #-0
  5c:	3a0e0300 	bcc	380c64 <_etext+0x37e7d0>
  60:	390b3b0b 	stmdbcc	fp, {r0, r1, r3, r8, r9, fp, ip, sp}
  64:	3f13490b 	svccc	0x0013490b
  68:	00193c19 	andseq	r3, r9, r9, lsl ip
  6c:	012e0800 			; <UNDEFINED> instruction: 0x012e0800
  70:	0e03193f 			; <UNDEFINED> instruction: 0x0e03193f
  74:	0b3b0b3a 	bleq	ec2d64 <_etext+0xec08d0>
  78:	01110b39 	tsteq	r1, r9, lsr fp
  7c:	18400612 	stmdane	r0, {r1, r4, r9, sl}^
  80:	01194296 			; <UNDEFINED> instruction: 0x01194296
  84:	09000013 	stmdbeq	r0, {r0, r1, r4}
  88:	0e030034 	mcreq	0, 0, r0, cr3, cr4, {1}
  8c:	0b3b0b3a 	bleq	ec2d7c <_etext+0xec08e8>
  90:	13490b39 	movtne	r0, #39737	; 0x9b39
  94:	00001802 	andeq	r1, r0, r2, lsl #16
  98:	0300340a 	movweq	r3, #1034	; 0x40a
  9c:	3b0b3a08 	blcc	2ce8c4 <_etext+0x2cc430>
  a0:	490b390b 	stmdbmi	fp, {r0, r1, r3, r8, fp, ip, sp}
  a4:	00180213 	andseq	r0, r8, r3, lsl r2
  a8:	000f0b00 	andeq	r0, pc, r0, lsl #22
  ac:	13490b0b 	movtne	r0, #39691	; 0x9b0b
  b0:	2e0c0000 	cdpcs	0, 0, cr0, cr12, cr0, {0}
  b4:	3a0e0301 	bcc	380cc0 <_etext+0x37e82c>
  b8:	390b3b0b 	stmdbcc	fp, {r0, r1, r3, r8, r9, fp, ip, sp}
  bc:	1119270b 	tstne	r9, fp, lsl #14
  c0:	40061201 	andmi	r1, r6, r1, lsl #4
  c4:	19429718 	stmdbne	r2, {r3, r4, r8, r9, sl, ip, pc}^
  c8:	00001301 	andeq	r1, r0, r1, lsl #6
  cc:	0300050d 	movweq	r0, #1293	; 0x50d
  d0:	3b0b3a0e 	blcc	2ce910 <_etext+0x2cc47c>
  d4:	490b390b 	stmdbmi	fp, {r0, r1, r3, r8, fp, ip, sp}
  d8:	00180213 	andseq	r0, r8, r3, lsl r2
  dc:	012e0e00 			; <UNDEFINED> instruction: 0x012e0e00
  e0:	0b3a0e03 	bleq	e838f4 <_etext+0xe81460>
  e4:	0b390b3b 	bleq	e42dd8 <_etext+0xe40944>
  e8:	01111927 	tsteq	r1, r7, lsr #18
  ec:	18400612 	stmdane	r0, {r1, r4, r9, sl}^
  f0:	00194297 	mulseq	r9, r7, r2
  f4:	11010000 	mrsne	r0, (UNDEF: 1)
  f8:	130e2501 	movwne	r2, #58625	; 0xe501
  fc:	1b0e030b 	blne	380d30 <_etext+0x37e89c>
 100:	1201110e 	andne	r1, r1, #-2147483645	; 0x80000003
 104:	00171006 	andseq	r1, r7, r6
 108:	012e0200 			; <UNDEFINED> instruction: 0x012e0200
 10c:	0e03193f 			; <UNDEFINED> instruction: 0x0e03193f
 110:	0b3b0b3a 	bleq	ec2e00 <_etext+0xec096c>
 114:	19270b39 	stmdbne	r7!, {r0, r3, r4, r5, r8, r9, fp}
 118:	01111349 	tsteq	r1, r9, asr #6
 11c:	18400612 	stmdane	r0, {r1, r4, r9, sl}^
 120:	01194297 			; <UNDEFINED> instruction: 0x01194297
 124:	03000013 	movweq	r0, #19
 128:	08030005 	stmdaeq	r3, {r0, r2}
 12c:	0b3b0b3a 	bleq	ec2e1c <_etext+0xec0988>
 130:	13490b39 	movtne	r0, #39737	; 0x9b39
 134:	00001802 	andeq	r1, r0, r2, lsl #16
 138:	03000504 	movweq	r0, #1284	; 0x504
 13c:	3b0b3a0e 	blcc	2ce97c <_etext+0x2cc4e8>
 140:	490b390b 	stmdbmi	fp, {r0, r1, r3, r8, fp, ip, sp}
 144:	00180213 	andseq	r0, r8, r3, lsl r2
 148:	00340500 	eorseq	r0, r4, r0, lsl #10
 14c:	0b3a0803 	bleq	e82160 <_etext+0xe7fccc>
 150:	0b390b3b 	bleq	e42e44 <_etext+0xe409b0>
 154:	18021349 	stmdane	r2, {r0, r3, r6, r8, r9, ip}
 158:	0f060000 	svceq	0x00060000
 15c:	000b0b00 	andeq	r0, fp, r0, lsl #22
 160:	00240700 	eoreq	r0, r4, r0, lsl #14
 164:	0b3e0b0b 	bleq	f82d98 <_etext+0xf80904>
 168:	00000803 	andeq	r0, r0, r3, lsl #16
 16c:	0b002408 	bleq	9194 <_etext+0x6d00>
 170:	030b3e0b 	movweq	r3, #48651	; 0xbe0b
 174:	0900000e 	stmdbeq	r0, {r1, r2, r3}
 178:	0b0b000f 	bleq	2c01bc <_etext+0x2bdd28>
 17c:	00001349 	andeq	r1, r0, r9, asr #6
 180:	01110100 	tsteq	r1, r0, lsl #2
 184:	0b130e25 	bleq	4c3a20 <_etext+0x4c158c>
 188:	0e1b0e03 	cdpeq	14, 1, cr0, cr11, cr3, {0}
 18c:	06120111 			; <UNDEFINED> instruction: 0x06120111
 190:	00001710 	andeq	r1, r0, r0, lsl r7
 194:	03001602 	movweq	r1, #1538	; 0x602
 198:	3b0b3a0e 	blcc	2ce9d8 <_etext+0x2cc544>
 19c:	490b390b 	stmdbmi	fp, {r0, r1, r3, r8, fp, ip, sp}
 1a0:	03000013 	movweq	r0, #19
 1a4:	0b0b0024 	bleq	2c023c <_etext+0x2bdda8>
 1a8:	0e030b3e 	vmoveq.16	d3[0], r0
 1ac:	24040000 	strcs	r0, [r4], #-0
 1b0:	3e0b0b00 	vmlacc.f64	d0, d11, d0
 1b4:	0008030b 	andeq	r0, r8, fp, lsl #6
 1b8:	000f0500 	andeq	r0, pc, r0, lsl #10
 1bc:	00000b0b 	andeq	r0, r0, fp, lsl #22
 1c0:	49002606 	stmdbmi	r0, {r1, r2, r9, sl, sp}
 1c4:	07000013 	smladeq	r0, r3, r0, r0
 1c8:	0b0b000f 	bleq	2c020c <_etext+0x2bdd78>
 1cc:	00001349 	andeq	r1, r0, r9, asr #6
    b start
 1d0:	49003508 	stmdbmi	r0, {r3, r8, sl, ip, sp}
     b .
 1d4:	09000013 	stmdbeq	r0, {r0, r1, r4}
static void vTask1(void *pvParameters) {
 1d8:	19270115 	stmdbne	r7!, {r0, r2, r4, r8}
 1dc:	00001301 	andeq	r1, r0, r1, lsl #6
    volatile int a = 0;
 1e0:	4900050a 	stmdbmi	r0, {r1, r3, r8, sl}
        a++;
 1e4:	0b000013 	bleq	238 <start+0x38>
 1e8:	0e030113 	mcreq	1, 0, r0, cr3, cr3, {0}
static void vTask2(void *pvParameters) {
 1ec:	0b3a0b0b 	bleq	e82e20 <_etext+0xe8098c>
 1f0:	0b390b3b 	bleq	e42ee4 <_etext+0xe40a50>
    volatile int b = 0;
 1f4:	00001301 	andeq	r1, r0, r1, lsl #6
        b++;
 1f8:	03000d0c 	movweq	r0, #3340	; 0xd0c
 1fc:	3b0b3a0e 	blcc	2cea3c <_etext+0x2cc5a8>
{
 200:	490b390b 	stmdbmi	fp, {r0, r1, r3, r8, fp, ip, sp}
 204:	000b3813 	andeq	r3, fp, r3, lsl r8
    uint32_t *src =&_sidata; //source (flash)
 208:	01130d00 	tsteq	r3, r0, lsl #26
    uint32_t *dst =&_sdata; //desatination flash (RAM)
 20c:	0b0b0e03 	bleq	2c3a20 <_etext+0x2c158c>
        *dst++ = *src++; //copy word and incremtn ptr
 210:	053b0b3a 	ldreq	r0, [fp, #-2874]!	; 0xfffff4c6
 214:	13010b39 	movwne	r0, #6969	; 0x1b39
 218:	0d0e0000 	stceq	0, cr0, [lr, #-0]
 21c:	3a0e0300 	bcc	380e24 <_etext+0x37e990>
    while(dst < &_edata){
 220:	39053b0b 	stmdbcc	r5, {r0, r1, r3, r8, r9, fp, ip, sp}
 224:	3813490b 	ldmdacc	r3, {r0, r1, r3, r8, fp, lr}
    dst= &_sbss;
 228:	0f00000b 	svceq	0x0000000b
    while(dst < &_ebss){
 22c:	0b3e0104 	bleq	f80644 <_etext+0xf7e1b0>
        *dst++ = 0;// zero word and increment ptr
 230:	13490b0b 	movtne	r0, #39691	; 0x9b0b
 234:	0b3b0b3a 	bleq	ec2f24 <_etext+0xec0a90>
    while(dst < &_ebss){
 238:	13010b39 	movwne	r0, #6969	; 0x1b39
 23c:	28100000 	ldmdacs	r0, {}	; <UNPREDICTABLE>
    xReturn = xTaskCreate(vTask1, "T1", configMINIMAL_STACK_SIZE, NULL, 1, NULL);
 240:	1c0e0300 	stcne	3, cr0, [lr], {-0}
 244:	1100000b 	tstne	r0, fp
 248:	13490101 	movtne	r0, #37121	; 0x9101
 24c:	00001301 	andeq	r1, r0, r1, lsl #6
 250:	49002112 	stmdbmi	r0, {r1, r4, r8, sp}
 254:	000b2f13 	andeq	r2, fp, r3, lsl pc
    xReturn = xTaskCreate(vTask2, "T2", configMINIMAL_STACK_SIZE, NULL, 1, NULL);
 258:	00161300 	andseq	r1, r6, r0, lsl #6
 25c:	0b3a0e03 	bleq	e83a70 <_etext+0xe815dc>
 260:	0b39053b 	bleq	e41754 <_etext+0xe3f2c0>
 264:	00001349 	andeq	r1, r0, r9, asr #6
 268:	03003414 	movweq	r3, #1044	; 0x414
 26c:	3b0b3a0e 	blcc	2ceaac <_etext+0x2cc618>
    vTaskStartScheduler();
 270:	490b3905 	stmdbmi	fp, {r0, r2, r8, fp, ip, sp}
    return;
 274:	02193f13 	andseq	r3, r9, #19, 30	; 0x4c
 278:	15000018 	strne	r0, [r0, #-24]	; 0xffffffe8
 27c:	0e030034 	mcreq	0, 0, r0, cr3, cr4, {1}
 280:	053b0b3a 	ldreq	r0, [fp, #-2874]!	; 0xfffff4c6
 284:	13490b39 	movtne	r0, #39737	; 0x9b39
 288:	00001802 	andeq	r1, r0, r2, lsl #16
 28c:	3f012e16 	svccc	0x00012e16
 290:	3a0e0319 	bcc	380efc <_etext+0x37ea68>
 294:	39053b0b 	stmdbcc	r5, {r0, r1, r3, r8, r9, fp, ip, sp}
 298:	1119270b 	tstne	r9, fp, lsl #14
 29c:	40061201 	andmi	r1, r6, r1, lsl #4
{
 2a0:	19429718 	stmdbne	r2, {r3, r4, r8, r9, sl, ip, pc}^
 2a4:	00001301 	andeq	r1, r0, r1, lsl #6
 2a8:	03012e17 	movweq	r2, #7703	; 0x1e17
    unsigned char *ptr = (unsigned char *)dst;
 2ac:	3b0b3a0e 	blcc	2ceaec <_etext+0x2cc658>
    unsigned char val = (unsigned char)value;
 2b0:	270b3905 	strcs	r3, [fp, -r5, lsl #18]
    while (size >0)
 2b4:	12011119 	andne	r1, r1, #1073741830	; 0x40000006
        *ptr++ = val;
 2b8:	96184006 	ldrls	r4, [r8], -r6
 2bc:	13011942 	movwne	r1, #6466	; 0x1942
        ptr++;
 2c0:	05180000 	ldreq	r0, [r8, #-0]
 2c4:	3a0e0300 	bcc	380ecc <_etext+0x37ea38>
        size--;
 2c8:	39053b0b 	stmdbcc	r5, {r0, r1, r3, r8, r9, fp, ip, sp}
    while (size >0)
 2cc:	0213490b 	andseq	r4, r3, #180224	; 0x2c000
 2d0:	19000018 	stmdbne	r0, {r3, r4}
 2d4:	193f012e 	ldmdbne	pc!, {r1, r2, r3, r5, r8}	; <UNPREDICTABLE>
 2d8:	0b3a0e03 	bleq	e83aec <_etext+0xe81658>
 2dc:	0b39053b 	bleq	e417d0 <_etext+0xe3f33c>
    {
 2e0:	13491927 	movtne	r1, #39207	; 0x9927
 2e4:	06120111 			; <UNDEFINED> instruction: 0x06120111
 2e8:	42961840 	addsmi	r1, r6, #64, 16	; 0x400000
 2ec:	00130119 	andseq	r0, r3, r9, lsl r1
            pxStack = ( StackType_t * ) pvPortMallocStack( ( ( ( size_t ) uxStackDepth ) * sizeof( StackType_t ) ) );
 2f0:	010b1a00 	tsteq	fp, r0, lsl #20
 2f4:	06120111 			; <UNDEFINED> instruction: 0x06120111
 2f8:	00001301 	andeq	r1, r0, r1, lsl #6
            if( pxStack != NULL )
 2fc:	31011d1b 	tstcc	r1, fp, lsl sp
                pxNewTCB = ( TCB_t * ) pvPortMalloc( sizeof( TCB_t ) );
 300:	12011113 	andne	r1, r1, #-1073741820	; 0xc0000004
 304:	590b5806 	stmdbpl	fp, {r1, r2, fp, ip, lr}
                if( pxNewTCB != NULL )
 308:	010b5705 	tsteq	fp, r5, lsl #14
 30c:	1c000013 	stcne	0, cr0, [r0], {19}
                    ( void ) memset( ( void * ) pxNewTCB, 0x00, sizeof( TCB_t ) );
 310:	13310034 	teqne	r1, #52	; 0x34
 314:	00001802 	andeq	r1, r0, r2, lsl #16
                    pxNewTCB->pxStack = pxStack;
 318:	31011d1d 	tstcc	r1, sp, lsl sp
 31c:	12011113 	andne	r1, r1, #-1073741820	; 0xc0000004
                    vPortFreeStack( pxStack );
 320:	590b5806 	stmdbpl	fp, {r1, r2, fp, ip, lr}
 324:	000b5705 	andeq	r5, fp, r5, lsl #14
                pxNewTCB = NULL;
 328:	00051e00 	andeq	r1, r5, r0, lsl #28
        if( pxNewTCB != NULL )
 32c:	18021331 	stmdane	r2, {r0, r4, r5, r8, r9, ip}
 330:	2e1f0000 	cdpcs	0, 1, cr0, cr15, cr0, {0}
            prvInitialiseNewTask( pxTaskCode, pcName, uxStackDepth, pvParameters, uxPriority, pxCreatedTask, pxNewTCB, NULL );
 334:	03193f01 	tsteq	r9, #1, 30
 338:	3b0b3a0e 	blcc	2ceb78 <_etext+0x2cc6e4>
 33c:	270b3905 	strcs	r3, [fp, -r5, lsl #18]
 340:	11134919 	tstne	r3, r9, lsl r9
 344:	40061201 	andmi	r1, r6, r1, lsl #4
 348:	19429718 	stmdbne	r2, {r3, r4, r8, r9, sl, ip, pc}^
 34c:	00001301 	andeq	r1, r0, r1, lsl #6
    }
 350:	11010b20 	tstne	r1, r0, lsr #22
 354:	00061201 	andeq	r1, r6, r1, lsl #4
    {
 358:	002e2100 	eoreq	r2, lr, r0, lsl #2
 35c:	0b3a0e03 	bleq	e83b70 <_etext+0xe816dc>
 360:	0b39053b 	bleq	e41854 <_etext+0xe3f3c0>
 364:	01111927 	tsteq	r1, r7, lsr #18
        pxNewTCB = prvCreateTask( pxTaskCode, pcName, uxStackDepth, pvParameters, uxPriority, pxCreatedTask );
 368:	18400612 	stmdane	r0, {r1, r4, r9, sl}^
 36c:	00194297 	mulseq	r9, r7, r2
 370:	002e2200 	eoreq	r2, lr, r0, lsl #4
 374:	0e03193f 			; <UNDEFINED> instruction: 0x0e03193f
 378:	053b0b3a 	ldreq	r0, [fp, #-2874]!	; 0xfffff4c6
        if( pxNewTCB != NULL )
 37c:	19270b39 	stmdbne	r7!, {r0, r3, r4, r5, r8, r9, fp}
 380:	06120111 			; <UNDEFINED> instruction: 0x06120111
            prvAddNewTaskToReadyList( pxNewTCB );
 384:	42971840 	addsmi	r1, r7, #64, 16	; 0x400000
            xReturn = pdPASS;
 388:	23000019 	movwcs	r0, #25
 38c:	193f012e 	ldmdbne	pc!, {r1, r2, r3, r5, r8}	; <UNPREDICTABLE>
            xReturn = errCOULD_NOT_ALLOCATE_REQUIRED_MEMORY;
 390:	0b3a0e03 	bleq	e83ba4 <_etext+0xe81710>
        return xReturn;
 394:	0b39053b 	bleq	e41888 <_etext+0xe3f3f4>
    }
 398:	01111927 	tsteq	r1, r7, lsr #18
 39c:	18400612 	stmdane	r0, {r1, r4, r9, sl}^
{
 3a0:	01194296 			; <UNDEFINED> instruction: 0x01194296
 3a4:	24000013 	strcs	r0, [r0], #-19	; 0xffffffed
 3a8:	193f002e 	ldmdbne	pc!, {r1, r2, r3, r5}	; <UNPREDICTABLE>
        pxTopOfStack = &( pxNewTCB->pxStack[ uxStackDepth - ( configSTACK_DEPTH_TYPE ) 1 ] );
 3ac:	0b3a0e03 	bleq	e83bc0 <_etext+0xe8172c>
 3b0:	0b39053b 	bleq	e418a4 <_etext+0xe3f410>
 3b4:	13491927 	movtne	r1, #39207	; 0x9927
 3b8:	06120111 			; <UNDEFINED> instruction: 0x06120111
 3bc:	42971840 	addsmi	r1, r7, #64, 16	; 0x400000
        pxTopOfStack = ( StackType_t * ) ( ( ( portPOINTER_SIZE_TYPE ) pxTopOfStack ) & ( ~( ( portPOINTER_SIZE_TYPE ) portBYTE_ALIGNMENT_MASK ) ) );
 3c0:	25000019 	strcs	r0, [r0, #-25]	; 0xffffffe7
 3c4:	0e03012e 	adfeqsp	f0, f3, #0.5
    if( pcName != NULL )
 3c8:	053b0b3a 	ldreq	r0, [fp, #-2874]!	; 0xfffff4c6
        for( x = ( UBaseType_t ) 0; x < ( UBaseType_t ) configMAX_TASK_NAME_LEN; x++ )
 3cc:	19270b39 	stmdbne	r7!, {r0, r3, r4, r5, r8, r9, fp}
 3d0:	01111349 	tsteq	r1, r9, asr #6
            pxNewTCB->pcTaskName[ x ] = pcName[ x ];
 3d4:	18400612 	stmdane	r0, {r1, r4, r9, sl}^
 3d8:	01194296 			; <UNDEFINED> instruction: 0x01194296
 3dc:	26000013 			; <UNDEFINED> instruction: 0x26000013
 3e0:	08030034 	stmdaeq	r3, {r2, r4, r5}
 3e4:	053b0b3a 	ldreq	r0, [fp, #-2874]!	; 0xfffff4c6
            if( pcName[ x ] == ( char ) 0x00 )
 3e8:	13490b39 	movtne	r0, #39737	; 0x9b39
 3ec:	00001802 	andeq	r1, r0, r2, lsl #16
 3f0:	03012e27 	movweq	r2, #7719	; 0x1e27
        for( x = ( UBaseType_t ) 0; x < ( UBaseType_t ) configMAX_TASK_NAME_LEN; x++ )
 3f4:	3b0b3a0e 	blcc	2cec34 <_etext+0x2cc7a0>
 3f8:	270b390b 	strcs	r3, [fp, -fp, lsl #18]
 3fc:	010b2019 	tsteq	fp, r9, lsl r0
                break;
 400:	28000013 	stmdacs	r0, {r0, r1, r4}
        pxNewTCB->pcTaskName[ configMAX_TASK_NAME_LEN - 1U ] = '\0';
 404:	0e030005 	cdpeq	0, 0, cr0, cr3, cr5, {0}
 408:	0b3b0b3a 	bleq	ec30f8 <_etext+0xec0c64>
    if( uxPriority >= ( UBaseType_t ) configMAX_PRIORITIES )
 40c:	13490b39 	movtne	r0, #39737	; 0x9b39
        uxPriority = ( UBaseType_t ) configMAX_PRIORITIES - ( UBaseType_t ) 1U;
 410:	2e290000 	cdpcs	0, 2, cr0, cr9, cr0, {0}
    pxNewTCB->uxPriority = uxPriority;
 414:	3a0e0301 	bcc	381020 <_etext+0x37eb8c>
 418:	390b3b0b 	stmdbcc	fp, {r0, r1, r3, r8, r9, fp, ip, sp}
    vListInitialiseItem( &( pxNewTCB->xStateListItem ) );
 41c:	4919270b 	ldmdbmi	r9, {r0, r1, r3, r8, r9, sl, sp}
 420:	010b2013 	tsteq	fp, r3, lsl r0
    vListInitialiseItem( &( pxNewTCB->xEventListItem ) );
 424:	2a000013 	bcs	478 <prvAddNewTaskToReadyList+0x10>
 428:	0e030034 	mcreq	0, 0, r0, cr3, cr4, {1}
 42c:	0b3b0b3a 	bleq	ec311c <_etext+0xec0c88>
    listSET_LIST_ITEM_OWNER( &( pxNewTCB->xStateListItem ), pxNewTCB );
 430:	13490b39 	movtne	r0, #39737	; 0x9b39
    listSET_LIST_ITEM_VALUE( &( pxNewTCB->xEventListItem ), ( TickType_t ) configMAX_PRIORITIES - ( TickType_t ) uxPriority );
 434:	2e2b0000 	cdpcs	0, 2, cr0, cr11, cr0, {0}
 438:	3a0e0301 	bcc	381044 <_etext+0x37ebb0>
 43c:	390b3b0b 	stmdbcc	fp, {r0, r1, r3, r8, r9, fp, ip, sp}
    listSET_LIST_ITEM_OWNER( &( pxNewTCB->xEventListItem ), pxNewTCB );
 440:	4919270b 	ldmdbmi	r9, {r0, r1, r3, r8, r9, sl, sp}
            pxNewTCB->pxTopOfStack = pxPortInitialiseStack( pxTopOfStack, pxTaskCode, pvParameters );
 444:	000b2013 	andeq	r2, fp, r3, lsl r0
 448:	11010000 	mrsne	r0, (UNDEF: 1)
 44c:	130e2501 	movwne	r2, #58625	; 0xe501
 450:	1b0e030b 	blne	381084 <_etext+0x37ebf0>
    if( pxCreatedTask != NULL )
 454:	1201110e 	andne	r1, r1, #-2147483645	; 0x80000003
 458:	00171006 	andseq	r1, r7, r6
        *pxCreatedTask = ( TaskHandle_t ) pxNewTCB;
 45c:	00240200 	eoreq	r0, r4, r0, lsl #4
}
 460:	0b3e0b0b 	bleq	f83094 <_etext+0xf80c00>
 464:	00000e03 	andeq	r0, r0, r3, lsl #28
    {
 468:	0b002403 	bleq	947c <_etext+0x6fe8>
 46c:	030b3e0b 	movweq	r3, #48651	; 0xbe0b
        taskENTER_CRITICAL();
 470:	04000008 	streq	r0, [r0], #-8
            uxCurrentNumberOfTasks = ( UBaseType_t ) ( uxCurrentNumberOfTasks + 1U );
 474:	0b0b000f 	bleq	2c04b8 <_etext+0x2be024>
 478:	16050000 	strne	r0, [r5], -r0
 47c:	3a0e0300 	bcc	381084 <_etext+0x37ebf0>
            if( pxCurrentTCB == NULL )
 480:	390b3b0b 	stmdbcc	fp, {r0, r1, r3, r8, r9, fp, ip, sp}
 484:	0013490b 	andseq	r4, r3, fp, lsl #18
                pxCurrentTCB = pxNewTCB;
 488:	00260600 	eoreq	r0, r6, r0, lsl #12
                if( uxCurrentNumberOfTasks == ( UBaseType_t ) 1 )
 48c:	00001349 	andeq	r1, r0, r9, asr #6
 490:	03011307 	movweq	r1, #4871	; 0x1307
                    prvInitialiseTaskLists();
 494:	3a0b0b0e 	bcc	2c30d4 <_etext+0x2c0c40>
 498:	390b3b0b 	stmdbcc	fp, {r0, r1, r3, r8, r9, fp, ip, sp}
                if( xSchedulerRunning == pdFALSE )
 49c:	0013010b 	andseq	r0, r3, fp, lsl #2
 4a0:	000d0800 	andeq	r0, sp, r0, lsl #16
                    if( pxCurrentTCB->uxPriority <= pxNewTCB->uxPriority )
 4a4:	0b3a0e03 	bleq	e83cb8 <_etext+0xe81824>
 4a8:	0b390b3b 	bleq	e4319c <_etext+0xe40d08>
 4ac:	0b381349 	bleq	e051d8 <_etext+0xe02d44>
                        pxCurrentTCB = pxNewTCB;
 4b0:	0f090000 	svceq	0x00090000
 4b4:	490b0b00 	stmdbmi	fp, {r8, r9, fp}
            uxTaskNumber++;
 4b8:	0a000013 	beq	50c <prvAddNewTaskToReadyList+0xa4>
 4bc:	193f012e 	ldmdbne	pc!, {r1, r2, r3, r5, r8}	; <UNPREDICTABLE>
            prvAddTaskToReadyList( pxNewTCB );
 4c0:	0b3a0e03 	bleq	e83cd4 <_etext+0xe81840>
 4c4:	0b390b3b 	bleq	e431b8 <_etext+0xe40d24>
 4c8:	13491927 	movtne	r1, #39207	; 0x9927
 4cc:	06120111 			; <UNDEFINED> instruction: 0x06120111
 4d0:	42971840 	addsmi	r1, r7, #64, 16	; 0x400000
 4d4:	00130119 	andseq	r0, r3, r9, lsl r1
 4d8:	00050b00 	andeq	r0, r5, r0, lsl #22
 4dc:	0b3a0e03 	bleq	e83cf0 <_etext+0xe8185c>
 4e0:	0b390b3b 	bleq	e431d4 <_etext+0xe40d40>
 4e4:	18021349 	stmdane	r2, {r0, r3, r6, r8, r9, ip}
 4e8:	340c0000 	strcc	r0, [ip], #-0
 4ec:	3a0e0300 	bcc	3810f4 <_etext+0x37ec60>
 4f0:	390b3b0b 	stmdbcc	fp, {r0, r1, r3, r8, r9, fp, ip, sp}
 4f4:	0213490b 	andseq	r4, r3, #180224	; 0x2c000
 4f8:	0d000018 	stceq	0, cr0, [r0, #-96]	; 0xffffffa0
 4fc:	193f012e 	ldmdbne	pc!, {r1, r2, r3, r5, r8}	; <UNPREDICTABLE>
 500:	0b3a0e03 	bleq	e83d14 <_etext+0xe81880>
 504:	0b390b3b 	bleq	e431f8 <_etext+0xe40d64>
 508:	01111927 	tsteq	r1, r7, lsr #18
 50c:	18400612 	stmdane	r0, {r1, r4, r9, sl}^
 510:	01194297 			; <UNDEFINED> instruction: 0x01194297
 514:	0e000013 	mcreq	0, 0, r0, cr0, cr3, {0}
 518:	193f012e 	ldmdbne	pc!, {r1, r2, r3, r5, r8}	; <UNPREDICTABLE>
 51c:	0b3a0e03 	bleq	e83d30 <_etext+0xe8189c>
 520:	0b390b3b 	bleq	e43214 <_etext+0xe40d80>
 524:	01111927 	tsteq	r1, r7, lsr #18
 528:	18400612 	stmdane	r0, {r1, r4, r9, sl}^
 52c:	00194297 	mulseq	r9, r7, r2
 530:	11010000 	mrsne	r0, (UNDEF: 1)
 534:	130e2501 	movwne	r2, #58625	; 0xe501
 538:	1b0e030b 	blne	38116c <_etext+0x37ecd8>
 53c:	1201110e 	andne	r1, r1, #-2147483645	; 0x80000003
 540:	00171006 	andseq	r1, r7, r6
        taskEXIT_CRITICAL();
 544:	00160200 	andseq	r0, r6, r0, lsl #4
        if( xSchedulerRunning != pdFALSE )
 548:	0b3a0e03 	bleq	e83d5c <_etext+0xe818c8>
 54c:	0b390b3b 	bleq	e43240 <_etext+0xe40dac>
            taskYIELD_ANY_CORE_IF_USING_PREEMPTION( pxNewTCB );
 550:	00001349 	andeq	r1, r0, r9, asr #6
 554:	49002603 	stmdbmi	r0, {r0, r1, r9, sl, sp}
 558:	04000013 	streq	r0, [r0], #-19	; 0xffffffed
 55c:	0b0b0024 	bleq	2c05f4 <_etext+0x2be160>
 560:	0e030b3e 	vmoveq.16	d3[0], r0
 564:	24050000 	strcs	r0, [r5], #-0
 568:	3e0b0b00 	vmlacc.f64	d0, d11, d0
    }
 56c:	0008030b 	andeq	r0, r8, fp, lsl #6
 570:	000f0600 	andeq	r0, pc, r0, lsl #12
 574:	00000b0b 	andeq	r0, r0, fp, lsl #22
 578:	0b000f07 	bleq	419c <_etext+0x1d08>
 57c:	0013490b 	andseq	r4, r3, fp, lsl #18
 580:	01130800 	tsteq	r3, r0, lsl #16
 584:	0b0b0e03 	bleq	2c3d98 <_etext+0x2c1904>
 588:	0b3b0b3a 	bleq	ec3278 <_etext+0xec0de4>
 58c:	13010b39 	movwne	r0, #6969	; 0x1b39
{
 590:	0d090000 	stceq	0, cr0, [r9, #-0]
 594:	3a0e0300 	bcc	38119c <_etext+0x37ed08>
    BaseType_t xReturn = pdPASS;
 598:	390b3b0b 	stmdbcc	fp, {r0, r1, r3, r8, r9, fp, ip, sp}
    char cIdleName[ configMAX_TASK_NAME_LEN ] = { 0 };
 59c:	3813490b 	ldmdacc	r3, {r0, r1, r3, r8, fp, lr}
 5a0:	0a00000b 	beq	5d4 <prvCreateIdleTasks+0x44>
 5a4:	13490101 	movtne	r0, #37121	; 0x9101
    TaskFunction_t pxIdleTaskFunction = NULL;
 5a8:	00001301 	andeq	r1, r0, r1, lsl #6
    for( xIdleTaskNameIndex = 0U; xIdleTaskNameIndex < ( configMAX_TASK_NAME_LEN - taskRESERVED_TASK_NAME_LENGTH ); xIdleTaskNameIndex++ )
 5ac:	4900210b 	stmdbmi	r0, {r0, r1, r3, r8, sp}
 5b0:	00052f13 	andeq	r2, r5, r3, lsl pc
        cIdleName[ xIdleTaskNameIndex ] = configIDLE_TASK_NAME[ xIdleTaskNameIndex ];
 5b4:	00340c00 	eorseq	r0, r4, r0, lsl #24
 5b8:	0b3a0e03 	bleq	e83dcc <_etext+0xe81938>
 5bc:	0b390b3b 	bleq	e432b0 <_etext+0xe40e1c>
 5c0:	18021349 	stmdane	r2, {r0, r3, r6, r8, r9, ip}
        if( cIdleName[ xIdleTaskNameIndex ] == ( char ) 0x00 )
 5c4:	2e0d0000 	cdpcs	0, 0, cr0, cr13, cr0, {0}
 5c8:	03193f00 	tsteq	r9, #0, 30
 5cc:	3b0b3a0e 	blcc	2cee0c <_etext+0x2cc978>
    for( xIdleTaskNameIndex = 0U; xIdleTaskNameIndex < ( configMAX_TASK_NAME_LEN - taskRESERVED_TASK_NAME_LENGTH ); xIdleTaskNameIndex++ )
 5d0:	270b3905 	strcs	r3, [fp, -r5, lsl #18]
 5d4:	12011119 	andne	r1, r1, #1073741830	; 0x40000006
 5d8:	97184006 	ldrls	r4, [r8, -r6]
 5dc:	00001942 	andeq	r1, r0, r2, asr #18
    cIdleName[ xIdleTaskNameIndex ] = '\0';
 5e0:	3f012e0e 	svccc	0x00012e0e
 5e4:	3a0e0319 	bcc	381250 <_etext+0x37edbc>
 5e8:	39053b0b 	stmdbcc	r5, {r0, r1, r3, r8, r9, fp, ip, sp}
    for( xCoreID = ( BaseType_t ) 0; xCoreID < ( BaseType_t ) configNUMBER_OF_CORES; xCoreID++ )
 5ec:	1119270b 	tstne	r9, fp, lsl #14
            pxIdleTaskFunction = &prvIdleTask;
 5f0:	40061201 	andmi	r1, r6, r1, lsl #4
            xReturn = xTaskCreate( pxIdleTaskFunction,
 5f4:	19429618 	stmdbne	r2, {r3, r4, r9, sl, ip, pc}^
 5f8:	00001301 	andeq	r1, r0, r1, lsl #6
 5fc:	0300050f 	movweq	r0, #1295	; 0x50f
 600:	3b0b3a0e 	blcc	2cee40 <_etext+0x2cc9ac>
 604:	490b3905 	stmdbmi	fp, {r0, r2, r8, fp, ip, sp}
 608:	00180213 	andseq	r0, r8, r3, lsl r2
 60c:	00341000 	eorseq	r1, r4, r0
 610:	0b3a0e03 	bleq	e83e24 <_etext+0xe81990>
        if( xReturn != pdPASS )
 614:	0b39053b 	bleq	e41b08 <_etext+0xe3f674>
    for( xCoreID = ( BaseType_t ) 0; xCoreID < ( BaseType_t ) configNUMBER_OF_CORES; xCoreID++ )
 618:	18021349 	stmdane	r2, {r0, r3, r6, r8, r9, ip}
 61c:	2e110000 	cdpcs	0, 1, cr0, cr1, cr0, {0}
 620:	3a0e0301 	bcc	38122c <_etext+0x37ed98>
 624:	39053b0b 	stmdbcc	r5, {r0, r1, r3, r8, r9, fp, ip, sp}
    return xReturn;
 628:	1119270b 	tstne	r9, fp, lsl #14
}
 62c:	40061201 	andmi	r1, r6, r1, lsl #4
 630:	19429718 	stmdbne	r2, {r3, r4, r8, r9, sl, ip, pc}^
 634:	00001301 	andeq	r1, r0, r1, lsl #6
 638:	03003412 	movweq	r3, #1042	; 0x412
 63c:	3b0b3a08 	blcc	2cee64 <_etext+0x2cc9d0>
{
 640:	490b3905 	stmdbmi	fp, {r0, r2, r8, fp, ip, sp}
 644:	00180213 	andseq	r0, r8, r3, lsl r2
    xReturn = prvCreateIdleTasks();
 648:	012e1300 			; <UNDEFINED> instruction: 0x012e1300
    if( xReturn == pdPASS )
 64c:	0e03193f 			; <UNDEFINED> instruction: 0x0e03193f
 650:	053b0b3a 	ldreq	r0, [fp, #-2874]!	; 0xfffff4c6
    __asm volatile
 654:	19270b39 	stmdbne	r7!, {r0, r3, r4, r5, r8, r9, fp}
 658:	01111349 	tsteq	r1, r9, asr #6
 65c:	18400612 	stmdane	r0, {r1, r4, r9, sl}^
 660:	01194296 			; <UNDEFINED> instruction: 0x01194296
}
 664:	14000013 	strne	r0, [r0], #-19	; 0xffffffed
        xNextTaskUnblockTime = portMAX_DELAY;
 668:	193f002e 	ldmdbne	pc!, {r1, r2, r3, r5}	; <UNPREDICTABLE>
 66c:	0b3a0e03 	bleq	e83e80 <_etext+0xe819ec>
        xSchedulerRunning = pdTRUE;
 670:	0b39053b 	bleq	e41b64 <_etext+0xe3f6d0>
        xTickCount = ( TickType_t ) configINITIAL_TICK_COUNT;
 674:	13491927 	movtne	r1, #39207	; 0x9927
 678:	06120111 			; <UNDEFINED> instruction: 0x06120111
        ( void ) xPortStartScheduler();
 67c:	42971840 	addsmi	r1, r7, #64, 16	; 0x400000
    ( void ) uxTopUsedPriority;
 680:	15000019 	strne	r0, [r0, #-25]	; 0xffffffe7
}
 684:	08030005 	stmdaeq	r3, {r0, r2}
 688:	053b0b3a 	ldreq	r0, [fp, #-2874]!	; 0xfffff4c6
 68c:	13490b39 	movtne	r0, #39737	; 0x9b39
 690:	00001802 	andeq	r1, r0, r2, lsl #16
 694:	3f012e16 	svccc	0x00012e16
 698:	3a0e0319 	bcc	381304 <_etext+0x37ee70>
{
 69c:	390b3b0b 	stmdbcc	fp, {r0, r1, r3, r8, r9, fp, ip, sp}
 6a0:	4919270b 	ldmdbmi	r9, {r0, r1, r3, r8, r9, sl, sp}
    __asm volatile
 6a4:	12011113 	andne	r1, r1, #-1073741820	; 0xc0000004
 6a8:	96184006 	ldrls	r4, [r8], -r6
 6ac:	00001942 	andeq	r1, r0, r2, asr #18
 6b0:	03000517 	movweq	r0, #1303	; 0x517
}
 6b4:	3b0b3a0e 	blcc	2ceef4 <_etext+0x2cca60>
    xSchedulerRunning = pdFALSE;
 6b8:	490b390b 	stmdbmi	fp, {r0, r1, r3, r8, fp, ip, sp}
    vPortEndScheduler();
 6bc:	00180213 	andseq	r0, r8, r3, lsl r2
}
 6c0:	11010000 	mrsne	r0, (UNDEF: 1)
 6c4:	130e2501 	movwne	r2, #58625	; 0xe501
 6c8:	1b0e030b 	blne	3812fc <_etext+0x37ee68>
{
 6cc:	1201110e 	andne	r1, r1, #-2147483645	; 0x80000003
        uxSchedulerSuspended = ( UBaseType_t ) ( uxSchedulerSuspended + 1U );
 6d0:	00171006 	andseq	r1, r7, r6
 6d4:	00240200 	eoreq	r0, r4, r0, lsl #4
 6d8:	0b3e0b0b 	bleq	f8330c <_etext+0xf80e78>
}
 6dc:	00000803 	andeq	r0, r0, r3, lsl #16
 6e0:	0b002403 	bleq	96f4 <_etext+0x7260>
 6e4:	030b3e0b 	movweq	r3, #48651	; 0xbe0b
{
 6e8:	0400000e 	streq	r0, [r0], #-14
 6ec:	0e030016 	mcreq	0, 0, r0, cr3, cr6, {0}
    TCB_t * pxTCB = NULL;
 6f0:	0b3b0b3a 	bleq	ec33e0 <_etext+0xec0f4c>
    BaseType_t xAlreadyYielded = pdFALSE;
 6f4:	13490b39 	movtne	r0, #39737	; 0x9b39
        taskENTER_CRITICAL();
 6f8:	35050000 	strcc	r0, [r5, #-0]
            const BaseType_t xCoreID = ( BaseType_t ) portGET_CORE_ID();
 6fc:	00134900 	andseq	r4, r3, r0, lsl #18
            uxSchedulerSuspended = ( UBaseType_t ) ( uxSchedulerSuspended - 1U );
 700:	000f0600 	andeq	r0, pc, r0, lsl #12
 704:	13490b0b 	movtne	r0, #39691	; 0x9b0b
            if( uxSchedulerSuspended == ( UBaseType_t ) 0U )
 708:	15070000 	strne	r0, [r7, #-0]
 70c:	01192701 	tsteq	r9, r1, lsl #14
 710:	08000013 	stmdaeq	r0, {r0, r1, r4}
                if( uxCurrentNumberOfTasks > ( UBaseType_t ) 0U )
 714:	13490005 	movtne	r0, #36869	; 0x9005
 718:	0f090000 	svceq	0x00090000
                    while( listLIST_IS_EMPTY( &xPendingReadyList ) == pdFALSE )
 71c:	000b0b00 	andeq	r0, fp, r0, lsl #22
                        pxTCB = listGET_OWNER_OF_HEAD_ENTRY( ( &xPendingReadyList ) );
 720:	00260a00 	eoreq	r0, r6, r0, lsl #20
 724:	00001349 	andeq	r1, r0, r9, asr #6
                        listREMOVE_ITEM( &( pxTCB->xEventListItem ) );
 728:	2700150b 	strcs	r1, [r0, -fp, lsl #10]
 72c:	0c000019 	stceq	0, cr0, [r0], {25}
 730:	0e030034 	mcreq	0, 0, r0, cr3, cr4, {1}
 734:	0b3b0b3a 	bleq	ec3424 <_etext+0xec0f90>
 738:	13490b39 	movtne	r0, #39737	; 0x9b39
 73c:	00001802 	andeq	r1, r0, r2, lsl #16
 740:	3f002e0d 	svccc	0x00002e0d
 744:	3a0e0319 	bcc	3813b0 <_etext+0x37ef1c>
 748:	39053b0b 	stmdbcc	r5, {r0, r1, r3, r8, r9, fp, ip, sp}
 74c:	1119270b 	tstne	r9, fp, lsl #14
 750:	40061201 	andmi	r1, r6, r1, lsl #4
 754:	19429718 	stmdbne	r2, {r3, r4, r8, r9, sl, ip, pc}^
 758:	2e0e0000 	cdpcs	0, 0, cr0, cr14, cr0, {0}
 75c:	03193f01 	tsteq	r9, #1, 30
 760:	3b0b3a0e 	blcc	2cefa0 <_etext+0x2ccb0c>
                        listREMOVE_ITEM( &( pxTCB->xStateListItem ) );
 764:	270b3905 	strcs	r3, [fp, -r5, lsl #18]
 768:	12011119 	andne	r1, r1, #1073741830	; 0x40000006
 76c:	96184006 	ldrls	r4, [r8], -r6
 770:	13011942 	movwne	r1, #6466	; 0x1942
 774:	1d0f0000 	stcne	0, cr0, [pc, #-0]	; 77c <xTaskResumeAll+0x94>
 778:	11133101 	tstne	r3, r1, lsl #2
 77c:	58061201 	stmdapl	r6, {r0, r9, ip}
 780:	5705590b 	strpl	r5, [r5, -fp, lsl #18]
 784:	0013010b 	andseq	r0, r3, fp, lsl #2
 788:	00341000 	eorseq	r1, r4, r0
 78c:	18021331 	stmdane	r2, {r0, r4, r5, r8, r9, ip}
 790:	1d110000 	ldcne	0, cr0, [r1, #-0]
 794:	11133101 	tstne	r3, r1, lsl #2
 798:	58061201 	stmdapl	r6, {r0, r9, ip}
 79c:	5705590b 	strpl	r5, [r5, -fp, lsl #18]
 7a0:	1200000b 	andne	r0, r0, #11
                        prvAddTaskToReadyList( pxTCB );
 7a4:	13310005 	teqne	r1, #5
 7a8:	00001802 	andeq	r1, r0, r2, lsl #16
 7ac:	3f012e13 	svccc	0x00012e13
 7b0:	3a0e0319 	bcc	38141c <_etext+0x37ef88>
 7b4:	39053b0b 	stmdbcc	r5, {r0, r1, r3, r8, r9, fp, ip, sp}
 7b8:	1119270b 	tstne	r9, fp, lsl #14
 7bc:	40061201 	andmi	r1, r6, r1, lsl #4
 7c0:	19429718 	stmdbne	r2, {r3, r4, r8, r9, sl, ip, pc}^
 7c4:	00001301 	andeq	r1, r0, r1, lsl #6
 7c8:	3f012e14 	svccc	0x00012e14
 7cc:	3a0e0319 	bcc	381438 <_etext+0x37efa4>
 7d0:	39053b0b 	stmdbcc	r5, {r0, r1, r3, r8, r9, fp, ip, sp}
 7d4:	4919270b 	ldmdbmi	r9, {r0, r1, r3, r8, r9, sl, sp}
 7d8:	12011113 	andne	r1, r1, #-1073741820	; 0xc0000004
 7dc:	96184006 	ldrls	r4, [r8], -r6
 7e0:	13011942 	movwne	r1, #6466	; 0x1942
 7e4:	0b150000 	bleq	5407ec <_etext+0x53e358>
 7e8:	12011101 	andne	r1, r1, #1073741824	; 0x40000000
 7ec:	16000006 	strne	r0, [r0], -r6
 7f0:	0e030034 	mcreq	0, 0, r0, cr3, cr4, {1}
 7f4:	053b0b3a 	ldreq	r0, [fp, #-2874]!	; 0xfffff4c6
 7f8:	13490b39 	movtne	r0, #39737	; 0x9b39
 7fc:	00001802 	andeq	r1, r0, r2, lsl #16
 800:	03002e17 	movweq	r2, #3607	; 0xe17
 804:	3b0b3a0e 	blcc	2cf044 <_etext+0x2ccbb0>
 808:	270b390b 	strcs	r3, [fp, -fp, lsl #18]
 80c:	12011119 	andne	r1, r1, #1073741830	; 0x40000006
 810:	97184006 	ldrls	r4, [r8, -r6]
 814:	00001942 	andeq	r1, r0, r2, asr #18
 818:	3f002e18 	svccc	0x00002e18
 81c:	3a0e0319 	bcc	381488 <_etext+0x37eff4>
 820:	390b3b0b 	stmdbcc	fp, {r0, r1, r3, r8, r9, fp, ip, sp}
                            if( pxTCB->uxPriority > pxCurrentTCB->uxPriority )
 824:	1119270b 	tstne	r9, fp, lsl #14
 828:	40061201 	andmi	r1, r6, r1, lsl #4
 82c:	19429718 	stmdbne	r2, {r3, r4, r8, r9, sl, ip, pc}^
 830:	2e190000 	cdpcs	0, 1, cr0, cr9, cr0, {0}
                                xYieldPendings[ xCoreID ] = pdTRUE;
 834:	3a0e0301 	bcc	381440 <_etext+0x37efac>
 838:	390b3b0b 	stmdbcc	fp, {r0, r1, r3, r8, r9, fp, ip, sp}
                    while( listLIST_IS_EMPTY( &xPendingReadyList ) == pdFALSE )
 83c:	1119270b 	tstne	r9, fp, lsl #14
 840:	40061201 	andmi	r1, r6, r1, lsl #4
 844:	19429718 	stmdbne	r2, {r3, r4, r8, r9, sl, ip, pc}^
                    if( pxTCB != NULL )
 848:	00001301 	andeq	r1, r0, r1, lsl #6
                        prvResetNextTaskUnblockTime();
 84c:	31011d1a 	tstcc	r1, sl, lsl sp
                        TickType_t xPendedCounts = xPendedTicks; /* Non-volatile copy. */
 850:	12011113 	andne	r1, r1, #-1073741820	; 0xc0000004
 854:	590b5806 	stmdbpl	fp, {r1, r2, fp, ip, lr}
                        if( xPendedCounts > ( TickType_t ) 0U )
 858:	000b570b 	andeq	r5, fp, fp, lsl #14
                                if( xTaskIncrementTick() != pdFALSE )
 85c:	012e1b00 			; <UNDEFINED> instruction: 0x012e1b00
 860:	0e03193f 			; <UNDEFINED> instruction: 0x0e03193f
 864:	0b3b0b3a 	bleq	ec3554 <_etext+0xec10c0>
                                    xYieldPendings[ xCoreID ] = pdTRUE;
 868:	19270b39 	stmdbne	r7!, {r0, r3, r4, r5, r8, r9, fp}
 86c:	01111349 	tsteq	r1, r9, asr #6
                                --xPendedCounts;
 870:	18400612 	stmdane	r0, {r1, r4, r9, sl}^
 874:	01194297 			; <UNDEFINED> instruction: 0x01194297
                            } while( xPendedCounts > ( TickType_t ) 0U );
 878:	1c000013 	stcne	0, cr0, [r0], {19}
                            xPendedTicks = 0;
 87c:	0e030005 	cdpeq	0, 0, cr0, cr3, cr5, {0}
 880:	0b3b0b3a 	bleq	ec3570 <_etext+0xec10dc>
                    if( xYieldPendings[ xCoreID ] != pdFALSE )
 884:	13490b39 	movtne	r0, #39737	; 0x9b39
 888:	00001802 	andeq	r1, r0, r2, lsl #16
 88c:	03012e1d 	movweq	r2, #7709	; 0x1e1d
                            xAlreadyYielded = pdTRUE;
 890:	3b0b3a0e 	blcc	2cf0d0 <_etext+0x2ccc3c>
                            taskYIELD_TASK_CORE_IF_USING_PREEMPTION( pxCurrentTCB );
 894:	270b390b 	strcs	r3, [fp, -fp, lsl #18]
 898:	010b2019 	tsteq	fp, r9, lsl r0
 89c:	1e000013 	mcrne	0, 0, r0, cr0, cr3, {0}
 8a0:	0e030005 	cdpeq	0, 0, cr0, cr3, cr5, {0}
 8a4:	0b3b0b3a 	bleq	ec3594 <_etext+0xec1100>
        taskEXIT_CRITICAL();
 8a8:	13490b39 	movtne	r0, #39737	; 0x9b39
}
 8ac:	2e1f0000 	cdpcs	0, 1, cr0, cr15, cr0, {0}
 8b0:	3a0e0301 	bcc	3814bc <_etext+0x37f028>
 8b4:	390b3b0b 	stmdbcc	fp, {r0, r1, r3, r8, r9, fp, ip, sp}
 8b8:	2019270b 	andscs	r2, r9, fp, lsl #14
 8bc:	2000000b 	andcs	r0, r0, fp
 8c0:	0e030034 	mcreq	0, 0, r0, cr3, cr4, {1}
 8c4:	0b3b0b3a 	bleq	ec35b4 <_etext+0xec1120>
 8c8:	13490b39 	movtne	r0, #39737	; 0x9b39
 8cc:	Address 0x00000000000008cc is out of bounds.


Disassembly of section .debug_aranges:

00000000 <.debug_aranges>:
   0:	0000001c 	andeq	r0, r0, ip, lsl r0
   4:	00000002 	andeq	r0, r0, r2
   8:	00040000 	andeq	r0, r4, r0
   c:	00000000 	andeq	r0, r0, r0
  10:	000001d0 	ldrdeq	r0, [r0], -r0	; <UNPREDICTABLE>
  14:	00000006 	andeq	r0, r0, r6
	...
  20:	0000001c 	andeq	r0, r0, ip, lsl r0
  24:	00260002 	eoreq	r0, r6, r2
  28:	00040000 	andeq	r0, r4, r0
  2c:	00000000 	andeq	r0, r0, r0
  30:	000001d8 	ldrdeq	r0, [r0], -r8
  34:	000000c8 	andeq	r0, r0, r8, asr #1
	...
  40:	0000001c 	andeq	r0, r0, ip, lsl r0
  44:	01a70002 			; <UNDEFINED> instruction: 0x01a70002
  48:	00040000 	andeq	r0, r4, r0
  4c:	00000000 	andeq	r0, r0, r0
  50:	000002a0 	andeq	r0, r0, r0, lsr #5
  54:	0000003e 	andeq	r0, r0, lr, lsr r0
	...
  60:	0000001c 	andeq	r0, r0, ip, lsl r0
  64:	02500002 	subseq	r0, r0, #2
  68:	00040000 	andeq	r0, r4, r0
  6c:	00000000 	andeq	r0, r0, r0
  70:	000002e0 	andeq	r0, r0, r0, ror #5
  74:	000018f0 	strdeq	r1, [r0], -r0
	...
  80:	0000001c 	andeq	r0, r0, ip, lsl r0
  84:	18780002 	ldmdane	r8!, {r1}^
  88:	00040000 	andeq	r0, r4, r0
  8c:	00000000 	andeq	r0, r0, r0
  90:	00001bd0 	ldrdeq	r1, [r0], -r0
  94:	0000015e 	andeq	r0, r0, lr, asr r1
	...
  a0:	0000001c 	andeq	r0, r0, ip, lsl r0
  a4:	1b340002 	blne	d000b4 <_etext+0xcfdc20>
  a8:	00040000 	andeq	r0, r4, r0
  ac:	00000000 	andeq	r0, r0, r0
  b0:	00001d30 	andeq	r1, r0, r0, lsr sp
  b4:	000004f0 	strdeq	r0, [r0], -r0	; <UNPREDICTABLE>
	...
  c0:	0000001c 	andeq	r0, r0, ip, lsl r0
  c4:	1fbc0002 	svcne	0x00bc0002
  c8:	00040000 	andeq	r0, r4, r0
  cc:	00000000 	andeq	r0, r0, r0
  d0:	00002220 	andeq	r2, r0, r0, lsr #4
  d4:	00000260 	andeq	r0, r0, r0, ror #4
	...

Disassembly of section .debug_str:

00000000 <.debug_str>:
       0:	746f6f62 	strbtvc	r6, [pc], #-3938	; 8 <_stext+0x8>
       4:	2f00532e 	svccs	0x0000532e
       8:	6b726f77 	blvs	1c9bdec <_etext+0x1c99958>
       c:	63617073 	cmnvs	r1, #115	; 0x73
      10:	462f7365 	strtmi	r7, [pc], -r5, ror #6
      14:	52656572 	rsbpl	r6, r5, #478150656	; 0x1c800000
      18:	2f534f54 	svccs	0x00534f54
      1c:	74726f70 	ldrbtvc	r6, [r2], #-3952	; 0xfffff090
      20:	554e4700 	strbpl	r4, [lr, #-1792]	; 0xfffff900
      24:	20534120 	subscs	r4, r3, r0, lsr #2
      28:	38332e32 	ldmdacc	r3!, {r1, r4, r5, r9, sl, fp, sp}
      2c:	64735f00 	ldrbtvs	r5, [r3], #-3840	; 0xfffff100
      30:	00617461 	rsbeq	r7, r1, r1, ror #8
      34:	7362735f 	cmnvc	r2, #2080374785	; 0x7c000001
      38:	655f0073 	ldrbvs	r0, [pc, #-115]	; ffffffcd <__StackTop+0xdfffdfcd>
      3c:	00737362 	rsbseq	r7, r3, r2, ror #6
      40:	72617473 	rsbvc	r7, r1, #1929379840	; 0x73000000
      44:	74730074 	ldrbtvc	r0, [r3], #-116	; 0xffffff8c
      48:	2e747261 	cdpcs	2, 7, cr7, cr4, cr1, {3}
      4c:	54760063 	ldrbtpl	r0, [r6], #-99	; 0xffffff9d
      50:	316b7361 	cmncc	fp, r1, ror #6
      54:	61547600 	cmpvs	r4, r0, lsl #12
      58:	00326b73 	eorseq	r6, r2, r3, ror fp
      5c:	676e6f6c 	strbvs	r6, [lr, -ip, ror #30]!
      60:	6e6f6c20 	cdpvs	12, 6, cr6, cr15, cr0, {1}
      64:	6e752067 	cdpvs	0, 7, cr2, cr5, cr7, {3}
      68:	6e676973 			; <UNDEFINED> instruction: 0x6e676973
      6c:	69206465 	stmdbvs	r0!, {r0, r2, r5, r6, sl, sp, lr}
      70:	7500746e 	strvc	r7, [r0, #-1134]	; 0xfffffb92
      74:	6769736e 	strbvs	r7, [r9, -lr, ror #6]!
      78:	2064656e 	rsbcs	r6, r4, lr, ror #10
      7c:	72616863 	rsbvc	r6, r1, #6488064	; 0x630000
      80:	69735f00 	ldmdbvs	r3!, {r8, r9, sl, fp, ip, lr}^
      84:	61746164 	cmnvs	r4, r4, ror #2
      88:	6f687300 	svcvs	0x00687300
      8c:	75207472 	strvc	r7, [r0, #-1138]!	; 0xfffffb8e
      90:	6769736e 	strbvs	r7, [r9, -lr, ror #6]!
      94:	2064656e 	rsbcs	r6, r4, lr, ror #10
      98:	00746e69 	rsbseq	r6, r4, r9, ror #28
      9c:	6164655f 	cmnvs	r4, pc, asr r5
      a0:	6c006174 	stfvss	f6, [r0], {116}	; 0x74
      a4:	20676e6f 	rsbcs	r6, r7, pc, ror #28
      a8:	676e6f6c 	strbvs	r6, [lr, -ip, ror #30]!
      ac:	746e6920 	strbtvc	r6, [lr], #-2336	; 0xfffff6e0
      b0:	50767000 	rsbspl	r7, r6, r0
      b4:	6d617261 	sfmvs	f7, 2, [r1, #-388]!	; 0xfffffe7c
      b8:	72657465 	rsbvc	r7, r5, #1694498816	; 0x65000000
      bc:	68730073 	ldmdavs	r3!, {r0, r1, r4, r5, r6}^
      c0:	2074726f 	rsbscs	r7, r4, pc, ror #4
      c4:	00746e69 	rsbseq	r6, r4, r9, ror #28
      c8:	746e6975 	strbtvc	r6, [lr], #-2421	; 0xfffff68b
      cc:	745f3233 	ldrbvc	r3, [pc], #-563	; d4 <_stext+0xd4>
      d0:	6e6f6c00 	cdpvs	12, 6, cr6, cr15, cr0, {0}
      d4:	6f642067 	svcvs	0x00642067
      d8:	656c6275 	strbvs	r6, [ip, #-629]!	; 0xfffffd8b
      dc:	554e4700 	strbpl	r4, [lr, #-1792]	; 0xfffff900
      e0:	37314320 	ldrcc	r4, [r1, -r0, lsr #6]!
      e4:	2e303120 	rsfcssp	f3, f0, f0
      e8:	20312e33 	eorscs	r2, r1, r3, lsr lr
      ec:	31323032 	teqcc	r2, r2, lsr r0
      f0:	31323630 	teqcc	r2, r0, lsr r6
      f4:	65722820 	ldrbvs	r2, [r2, #-2080]!	; 0xfffff7e0
      f8:	7361656c 	cmnvc	r1, #108, 10	; 0x1b000000
      fc:	2d202965 			; <UNDEFINED> instruction: 0x2d202965
     100:	7568746d 	strbvc	r7, [r8, #-1133]!	; 0xfffffb93
     104:	2d20626d 	sfmcs	f6, 4, [r0, #-436]!	; 0xfffffe4c
     108:	7570636d 	ldrbvc	r6, [r0, #-877]!	; 0xfffffc93
     10c:	726f633d 	rsbvc	r6, pc, #-201326592	; 0xf4000000
     110:	2d786574 	cfldr64cs	mvdx6, [r8, #-464]!	; 0xfffffe30
     114:	2d20336d 	stccs	3, cr3, [r0, #-436]!	; 0xfffffe4c
     118:	6f6c666d 	svcvs	0x006c666d
     11c:	612d7461 			; <UNDEFINED> instruction: 0x612d7461
     120:	733d6962 	teqvc	sp, #1605632	; 0x188000
     124:	2074666f 	rsbscs	r6, r4, pc, ror #12
     128:	72616d2d 	rsbvc	r6, r1, #2880	; 0xb40
     12c:	613d6863 	teqvs	sp, r3, ror #16
     130:	37766d72 			; <UNDEFINED> instruction: 0x37766d72
     134:	2d206d2d 	stccs	13, cr6, [r0, #-180]!	; 0xffffff4c
     138:	6f700067 	svcvs	0x00700067
     13c:	75467472 	strbvc	r7, [r6, #-1138]	; 0xfffffb8e
     140:	6974636e 	ldmdbvs	r4!, {r1, r2, r3, r5, r6, r8, r9, sp, lr}^
     144:	2e736e6f 	cdpcs	14, 7, cr6, cr3, cr15, {3}
     148:	61760063 	cmnvs	r6, r3, rrx
     14c:	0065756c 	rsbeq	r7, r5, ip, ror #10
     150:	657a6973 	ldrbvs	r6, [sl, #-2419]!	; 0xfffff68d
     154:	6d656d00 	stclvs	13, cr6, [r5, #-0]
     158:	00746573 	rsbseq	r6, r4, r3, ror r5
     15c:	726f4378 	rsbvc	r4, pc, #120, 6	; 0xe0000001
     160:	00444965 	subeq	r4, r4, r5, ror #18
     164:	61546370 	cmpvs	r4, r0, ror r3
     168:	614e6b73 	hvcvs	59059	; 0xe6b3
     16c:	7500656d 	strvc	r6, [r0, #-1389]	; 0xfffffa93
     170:	6d754e78 	ldclvs	14, cr4, [r5, #-480]!	; 0xfffffe20
     174:	4f726562 	svcmi	0x00726562
     178:	65744966 	ldrbvs	r4, [r4, #-2406]!	; 0xfffff69a
     17c:	7500736d 	strvc	r7, [r0, #-877]	; 0xfffffc93
     180:	69725078 	ldmdbvs	r2!, {r3, r4, r5, r6, ip, lr}^
     184:	7469726f 	strbtvc	r7, [r9], #-623	; 0xfffffd91
     188:	78700079 	ldmdavc	r0!, {r0, r3, r4, r5, r6}^
     18c:	736e6f43 	cmnvc	lr, #268	; 0x10c
     190:	73694c74 	cmnvc	r9, #116, 24	; 0x7400
     194:	73740074 	cmnvc	r4, #116	; 0x74
     198:	7361546b 	cmnvc	r1, #1795162112	; 0x6b000000
     19c:	6e6f436b 	cdpvs	3, 6, cr4, cr15, cr11, {3}
     1a0:	6c6f7274 	sfmvs	f7, 2, [pc], #-464	; ffffffd8 <__StackTop+0xdfffdfd8>
     1a4:	636f6c42 	cmnvs	pc, #16896	; 0x4200
     1a8:	6c75006b 	ldclvs	0, cr0, [r5], #-428	; 0xfffffe54
     1ac:	73746942 	cmnvc	r4, #1081344	; 0x108000
     1b0:	6c436f54 	mcrrvs	15, 5, r6, r3, cr4
     1b4:	4f726165 	svcmi	0x00726165
     1b8:	6978456e 	ldmdbvs	r8!, {r1, r2, r3, r5, r6, r8, sl, lr}^
     1bc:	78750074 	ldmdavc	r5!, {r2, r4, r5, r6}^
     1c0:	6b736154 	blvs	1cd8718 <_etext+0x1cd6284>
     1c4:	4e746547 	cdpmi	5, 7, cr6, cr4, cr7, {2}
     1c8:	65626d75 	strbvs	r6, [r2, #-3445]!	; 0xfffff28b
     1cc:	54664f72 	strbtpl	r4, [r6], #-3954	; 0xfffff08e
    b start
     1d0:	736b7361 	cmnvc	fp, #-2080374783	; 0x84000001
     b .
     1d4:	48787000 	ldmdami	r8!, {ip, sp, lr}^
static void vTask1(void *pvParameters) {
     1d8:	65686769 	strbvs	r6, [r8, #-1897]!	; 0xfffff897
     1dc:	69725072 	ldmdbvs	r2!, {r1, r4, r5, r6, ip, lr}^
    volatile int a = 0;
     1e0:	7469726f 	strbtvc	r7, [r9], #-623	; 0xfffffd91
        a++;
     1e4:	73615479 	cmnvc	r1, #2030043136	; 0x79000000
     1e8:	6b6f576b 	blvs	1bd5f9c <_etext+0x1bd3b08>
static void vTask2(void *pvParameters) {
     1ec:	65006e65 	strvs	r6, [r0, #-3685]	; 0xfffff19b
     1f0:	63416f4e 	movtvs	r6, #8014	; 0x1f4e
    volatile int b = 0;
     1f4:	6e6f6974 			; <UNDEFINED> instruction: 0x6e6f6974
        b++;
     1f8:	54787500 	ldrbtpl	r7, [r8], #-1280	; 0xfffffb00
     1fc:	6552706f 	ldrbvs	r7, [r2, #-111]	; 0xffffff91
{
     200:	50796461 	rsbspl	r6, r9, r1, ror #8
     204:	726f6972 	rsbvc	r6, pc, #1867776	; 0x1c8000
    uint32_t *src =&_sidata; //source (flash)
     208:	00797469 	rsbseq	r7, r9, r9, ror #8
    uint32_t *dst =&_sdata; //desatination flash (RAM)
     20c:	65447870 	strbvs	r7, [r4, #-2160]	; 0xfffff790
        *dst++ = *src++; //copy word and incremtn ptr
     210:	6579616c 	ldrbvs	r6, [r9, #-364]!	; 0xfffffe94
     214:	73694c64 	cmnvc	r9, #100, 24	; 0x6400
     218:	78700074 	ldmdavc	r0!, {r2, r4, r5, r6}^
     21c:	6e657645 	cdpvs	6, 6, cr7, cr5, cr5, {2}
    while(dst < &_edata){
     220:	73694c74 	cmnvc	r9, #116, 24	; 0x7400
     224:	53780074 	cmnpl	r8, #116	; 0x74
    dst= &_sbss;
     228:	64656863 	strbtvs	r6, [r5], #-2147	; 0xfffff79d
    while(dst < &_ebss){
     22c:	72656c75 	rsbvc	r6, r5, #29952	; 0x7500
        *dst++ = 0;// zero word and increment ptr
     230:	6e6e7552 	mcrvs	5, 3, r7, cr14, cr2, {2}
     234:	00676e69 	rsbeq	r6, r7, r9, ror #28
    while(dst < &_ebss){
     238:	6e497870 	mcrvs	8, 2, r7, cr9, cr0, {3}
     23c:	00786564 	rsbseq	r6, r8, r4, ror #10
    xReturn = xTaskCreate(vTask1, "T1", configMINIMAL_STACK_SIZE, NULL, 1, NULL);
     240:	63617453 	cmnvs	r1, #1392508928	; 0x53000000
     244:	7079546b 	rsbsvc	r5, r9, fp, ror #8
     248:	00745f65 	rsbseq	r5, r4, r5, ror #30
     24c:	4d495478 	cfstrdmi	mvd5, [r9, #-480]	; 0xfffffe20
     250:	554f5f45 	strbpl	r5, [pc, #-3909]	; fffff313 <__StackTop+0xdfffd313>
     254:	6c750054 	ldclvs	0, cr0, [r5], #-336	; 0xfffffeb0
    xReturn = xTaskCreate(vTask2, "T2", configMINIMAL_STACK_SIZE, NULL, 1, NULL);
     258:	73746942 	cmnvc	r4, #1081344	; 0x108000
     25c:	6c436f54 	mcrrvs	15, 5, r6, r3, cr4
     260:	00726165 	rsbseq	r6, r2, r5, ror #2
     264:	6e655078 	mcrvs	0, 3, r5, cr5, cr8, {3}
     268:	43646564 	cmnmi	r4, #100, 10	; 0x19000000
     26c:	746e756f 	strbtvc	r7, [lr], #-1391	; 0xfffffa91
    vTaskStartScheduler();
     270:	4c780073 	ldclmi	0, cr0, [r8], #-460	; 0xfffffe34
    return;
     274:	5f545349 	svcpl	0x00545349
     278:	4d455449 	cfstrdmi	mvd5, [r5, #-292]	; 0xfffffedc
     27c:	52787000 	rsbspl	r7, r8, #0
     280:	79646165 	stmdbvc	r4!, {r0, r2, r5, r6, r8, sp, lr}^
     284:	6b736154 	blvs	1cd87dc <_etext+0x1cd6348>
     288:	73694c73 	cmnvc	r9, #29440	; 0x7300
     28c:	75007374 	strvc	r7, [r0, #-884]	; 0xfffffc8c
     290:	69724f63 	ldmdbvs	r2!, {r0, r1, r5, r6, r8, r9, sl, fp, lr}^
     294:	616e6967 	cmnvs	lr, r7, ror #18
     298:	746f4e6c 	strbtvc	r4, [pc], #-3692	; 2a0 <memset>
     29c:	53796669 	cmnpl	r9, #110100480	; 0x6900000
{
     2a0:	65746174 	ldrbvs	r6, [r4, #-372]!	; 0xfffffe8c
     2a4:	61547600 	cmpvs	r4, r0, lsl #12
     2a8:	65536b73 	ldrbvs	r6, [r3, #-2931]	; 0xfffff48d
    unsigned char *ptr = (unsigned char *)dst;
     2ac:	6d695474 	cfstrdvs	mvd5, [r9, #-464]!	; 0xfffffe30
    unsigned char val = (unsigned char)value;
     2b0:	74754f65 	ldrbtvc	r4, [r5], #-3941	; 0xfffff09b
    while (size >0)
     2b4:	74617453 	strbtvc	r7, [r1], #-1107	; 0xfffffbad
        *ptr++ = val;
     2b8:	54780065 	ldrbtpl	r0, [r8], #-101	; 0xffffff9b
     2bc:	476b7361 	strbmi	r7, [fp, -r1, ror #6]!
        ptr++;
     2c0:	72656e65 	rsbvc	r6, r5, #1616	; 0x650
     2c4:	6f4e6369 	svcvs	0x004e6369
        size--;
     2c8:	79666974 	stmdbvc	r6!, {r2, r4, r5, r6, r8, fp, sp, lr}^
    while (size >0)
     2cc:	6d6f7246 	sfmvs	f7, 2, [pc, #-280]!	; 1bc <_stext+0x1bc>
     2d0:	00525349 	subseq	r5, r2, r9, asr #6
     2d4:	65695978 	strbvs	r5, [r9, #-2424]!	; 0xfffff688
     2d8:	6550646c 	ldrbvs	r6, [r0, #-1132]	; 0xfffffb94
     2dc:	6e69646e 	cdpvs	4, 6, cr6, cr9, cr14, {3}
    {
     2e0:	78007367 	stmdavc	r0, {r0, r1, r2, r5, r6, r8, r9, ip, sp, lr}
     2e4:	6b736154 	blvs	1cd883c <_etext+0x1cd63a8>
     2e8:	72636e49 	rsbvc	r6, r3, #1168	; 0x490
     2ec:	6e656d65 	cdpvs	13, 6, cr6, cr5, cr5, {3}
            pxStack = ( StackType_t * ) pvPortMallocStack( ( ( ( size_t ) uxStackDepth ) * sizeof( StackType_t ) ) );
     2f0:	63695474 	cmnvs	r9, #116, 8	; 0x74000000
     2f4:	6c75006b 	ldclvs	0, cr0, [r5], #-428	; 0xfffffe54
     2f8:	6d746942 			; <UNDEFINED> instruction: 0x6d746942
            if( pxStack != NULL )
     2fc:	78007061 	stmdavc	r0, {r0, r5, r6, ip, sp, lr}
                pxNewTCB = ( TCB_t * ) pvPortMalloc( sizeof( TCB_t ) );
     300:	616c6544 	cmnvs	ip, r4, asr #10
     304:	54646579 	strbtpl	r6, [r4], #-1401	; 0xfffffa87
                if( pxNewTCB != NULL )
     308:	4c6b7361 	stclmi	3, cr7, [fp], #-388	; 0xfffffe7c
     30c:	31747369 	cmncc	r4, r9, ror #6
                    ( void ) memset( ( void * ) pxNewTCB, 0x00, sizeof( TCB_t ) );
     310:	65447800 	strbvs	r7, [r4, #-2048]	; 0xfffff800
     314:	6579616c 	ldrbvs	r6, [r9, #-364]!	; 0xfffffe94
                    pxNewTCB->pxStack = pxStack;
     318:	73615464 	cmnvc	r1, #100, 8	; 0x64000000
     31c:	73694c6b 	cmnvc	r9, #27392	; 0x6b00
                    vPortFreeStack( pxStack );
     320:	78003274 	stmdavc	r0, {r2, r4, r5, r6, r9, ip, sp}
     324:	7265764f 	rsbvc	r7, r5, #82837504	; 0x4f00000
                pxNewTCB = NULL;
     328:	776f6c66 	strbvc	r6, [pc, -r6, ror #24]!
        if( pxNewTCB != NULL )
     32c:	6e756f43 	cdpvs	15, 7, cr6, cr5, cr3, {2}
     330:	50760074 	rsbspl	r0, r6, r4, ror r0
            prvInitialiseNewTask( pxTaskCode, pcName, uxStackDepth, pvParameters, uxPriority, pxCreatedTask, pxNewTCB, NULL );
     334:	5374726f 	cmnpl	r4, #-268435450	; 0xf0000006
     338:	41427465 	cmpmi	r2, r5, ror #8
     33c:	52504553 	subspl	r4, r0, #348127232	; 0x14c00000
     340:	54780049 	ldrbtpl	r0, [r8], #-73	; 0xffffffb7
     344:	436b7361 	cmnmi	fp, #-2080374783	; 0x84000001
     348:	68637461 	stmdavs	r3!, {r0, r5, r6, sl, ip, sp, lr}^
     34c:	69547055 	ldmdbvs	r4, {r0, r2, r4, r6, ip, sp, lr}^
    }
     350:	00736b63 	rsbseq	r6, r3, r3, ror #22
     354:	61506c75 	cmpvs	r0, r5, ror ip
    {
     358:	656d6172 	strbvs	r6, [sp, #-370]!	; 0xfffffe8e
     35c:	73726574 	cmnvc	r2, #116, 10	; 0x1d000000
     360:	49787500 	ldmdbmi	r8!, {r8, sl, ip, sp, lr}^
     364:	7865646e 	stmdavc	r5!, {r1, r2, r3, r5, r6, sl, sp, lr}^
        pxNewTCB = prvCreateTask( pxTaskCode, pcName, uxStackDepth, pvParameters, uxPriority, pxCreatedTask );
     368:	6c436f54 	mcrrvs	15, 5, r6, r3, cr4
     36c:	00726165 	rsbseq	r6, r2, r5, ror #2
     370:	546b7374 	strbtpl	r7, [fp], #-884	; 0xfffffc8c
     374:	75004243 	strvc	r4, [r0, #-579]	; 0xfffffdbd
     378:	76615378 			; <UNDEFINED> instruction: 0x76615378
        if( pxNewTCB != NULL )
     37c:	6e496465 	cdpvs	4, 4, cr6, cr9, cr5, {3}
     380:	72726574 	rsbsvc	r6, r2, #116, 10	; 0x1d000000
            prvAddNewTaskToReadyList( pxNewTCB );
     384:	53747075 	cmnpl	r4, #117	; 0x75
            xReturn = pdPASS;
     388:	75746174 	ldrbvc	r6, [r4, #-372]!	; 0xfffffe8c
     38c:	63750073 	cmnvs	r5, #115	; 0x73
            xReturn = errCOULD_NOT_ALLOCATE_REQUIRED_MEMORY;
     390:	69746f4e 	ldmdbvs	r4!, {r1, r2, r3, r6, r8, r9, sl, fp, sp, lr}^
        return xReturn;
     394:	74537966 	ldrbvc	r7, [r3], #-2406	; 0xfffff69a
    }
     398:	00657461 	rsbeq	r7, r5, r1, ror #8
     39c:	724f6c75 	subvc	r6, pc, #29952	; 0x7500
{
     3a0:	6e696769 	cdpvs	7, 6, cr6, cr9, cr9, {3}
     3a4:	41426c61 	cmpmi	r2, r1, ror #24
     3a8:	52504553 	subspl	r4, r0, #348127232	; 0x14c00000
        pxTopOfStack = &( pxNewTCB->pxStack[ uxStackDepth - ( configSTACK_DEPTH_TYPE ) 1 ] );
     3ac:	54780049 	ldrbtpl	r0, [r8], #-73	; 0xffffffb7
     3b0:	476b7361 	strbmi	r7, [fp, -r1, ror #6]!
     3b4:	72656e65 	rsbvc	r6, r5, #1616	; 0x650
     3b8:	6f4e6369 	svcvs	0x004e6369
     3bc:	79666974 	stmdbvc	r6!, {r2, r4, r5, r6, r8, fp, sp, lr}^
        pxTopOfStack = ( StackType_t * ) ( ( ( portPOINTER_SIZE_TYPE ) pxTopOfStack ) & ( ~( ( portPOINTER_SIZE_TYPE ) portBYTE_ALIGNMENT_MASK ) ) );
     3c0:	55787000 	ldrbpl	r7, [r8, #-0]!
     3c4:	6f6c626e 	svcvs	0x006c626e
    if( pcName != NULL )
     3c8:	64656b63 	strbtvs	r6, [r5], #-2915	; 0xfffff49d
        for( x = ( UBaseType_t ) 0; x < ( UBaseType_t ) configMAX_TASK_NAME_LEN; x++ )
     3cc:	00424354 	subeq	r4, r2, r4, asr r3
     3d0:	656c4378 	strbvs	r4, [ip, #-888]!	; 0xfffffc88
            pxNewTCB->pcTaskName[ x ] = pcName[ x ];
     3d4:	6f437261 	svcvs	0x00437261
     3d8:	4f746e75 	svcmi	0x00746e75
     3dc:	6978456e 	ldmdbvs	r8!, {r1, r2, r3, r5, r6, r8, sl, lr}^
     3e0:	72700074 	rsbsvc	r0, r0, #116	; 0x74
     3e4:	65724376 	ldrbvs	r4, [r2, #-886]!	; 0xfffffc8a
            if( pcName[ x ] == ( char ) 0x00 )
     3e8:	54657461 	strbtpl	r7, [r5], #-1121	; 0xfffffb9f
     3ec:	006b7361 	rsbeq	r7, fp, r1, ror #6
     3f0:	616c4578 	smcvs	50264	; 0xc458
        for( x = ( UBaseType_t ) 0; x < ( UBaseType_t ) configMAX_TASK_NAME_LEN; x++ )
     3f4:	64657370 	strbtvs	r7, [r5], #-880	; 0xfffffc90
     3f8:	656d6954 	strbvs	r6, [sp, #-2388]!	; 0xfffff6ac
     3fc:	65536500 	ldrbvs	r6, [r3, #-1280]	; 0xfffffb00
                break;
     400:	6c615674 	stclvs	6, cr5, [r1], #-464	; 0xfffffe30
        pxNewTCB->pcTaskName[ configMAX_TASK_NAME_LEN - 1U ] = '\0';
     404:	69576575 	ldmdbvs	r7, {r0, r2, r4, r5, r6, r8, sl, sp, lr}^
     408:	764f6874 			; <UNDEFINED> instruction: 0x764f6874
    if( uxPriority >= ( UBaseType_t ) configMAX_PRIORITIES )
     40c:	72777265 	rsbsvc	r7, r7, #1342177286	; 0x50000006
        uxPriority = ( UBaseType_t ) configMAX_PRIORITIES - ( UBaseType_t ) 1U;
     410:	00657469 	rsbeq	r7, r5, r9, ror #8
    pxNewTCB->uxPriority = uxPriority;
     414:	73615478 	cmnvc	r1, #120, 8	; 0x78000000
     418:	7465476b 	strbtvc	r4, [r5], #-1899	; 0xfffff895
    vListInitialiseItem( &( pxNewTCB->xStateListItem ) );
     41c:	6b636954 	blvs	18da974 <_etext+0x18d84e0>
     420:	6e756f43 	cdpvs	15, 7, cr6, cr5, cr3, {2}
    vListInitialiseItem( &( pxNewTCB->xEventListItem ) );
     424:	6f724674 	svcvs	0x00724674
     428:	5253496d 	subspl	r4, r3, #1785856	; 0x1b4000
     42c:	426c7500 	rsbmi	r7, ip, #0, 10
    listSET_LIST_ITEM_OWNER( &( pxNewTCB->xStateListItem ), pxNewTCB );
     430:	54737469 	ldrbtpl	r7, [r3], #-1129	; 0xfffffb97
    listSET_LIST_ITEM_VALUE( &( pxNewTCB->xEventListItem ), ( TickType_t ) configMAX_PRIORITIES - ( TickType_t ) uxPriority );
     434:	656c436f 	strbvs	r4, [ip, #-879]!	; 0xfffffc91
     438:	6e4f7261 	cdpvs	2, 4, cr7, cr15, cr1, {3}
     43c:	72746e45 	rsbsvc	r6, r4, #1104	; 0x450
    listSET_LIST_ITEM_OWNER( &( pxNewTCB->xEventListItem ), pxNewTCB );
     440:	49780079 	ldmdbmi	r8!, {r0, r3, r4, r5, r6}^
            pxNewTCB->pxTopOfStack = pxPortInitialiseStack( pxTopOfStack, pxTaskCode, pvParameters );
     444:	54656c64 	strbtpl	r6, [r5], #-3172	; 0xfffff39c
     448:	4e6b7361 	cdpmi	3, 6, cr7, cr11, cr1, {3}
     44c:	49656d61 	stmdbmi	r5!, {r0, r5, r6, r8, sl, fp, sp, lr}^
     450:	7865646e 	stmdavc	r5!, {r1, r2, r3, r5, r6, sl, sp, lr}^
    if( pxCreatedTask != NULL )
     454:	65507800 	ldrbvs	r7, [r0, #-2048]	; 0xfffff800
     458:	6e69646e 	cdpvs	4, 6, cr6, cr9, cr14, {3}
        *pxCreatedTask = ( TaskHandle_t ) pxNewTCB;
     45c:	61655267 	cmnvs	r5, r7, ror #4
}
     460:	694c7964 	stmdbvs	ip, {r2, r5, r6, r8, fp, ip, sp, lr}^
     464:	70007473 	andvc	r7, r0, r3, ror r4
    {
     468:	65725078 	ldrbvs	r5, [r2, #-120]!	; 0xffffff88
     46c:	756f6976 	strbvc	r6, [pc, #-2422]!	; fffffafe <__StackTop+0xdfffdafe>
        taskENTER_CRITICAL();
     470:	54760073 	ldrbtpl	r0, [r6], #-115	; 0xffffff8d
            uxCurrentNumberOfTasks = ( UBaseType_t ) ( uxCurrentNumberOfTasks + 1U );
     474:	526b7361 	rsbpl	r7, fp, #-2080374783	; 0x84000001
     478:	74657365 	strbtvc	r7, [r5], #-869	; 0xfffffc9b
     47c:	74617453 	strbtvc	r7, [r1], #-1107	; 0xfffffbad
            if( pxCurrentTCB == NULL )
     480:	78700065 	ldmdavc	r0!, {r0, r2, r5, r6}^
     484:	706d6554 	rsbvc	r6, sp, r4, asr r5
                pxCurrentTCB = pxNewTCB;
     488:	54787500 	ldrbtpl	r7, [r8], #-1280	; 0xfffffb00
                if( uxCurrentNumberOfTasks == ( UBaseType_t ) 1 )
     48c:	7355706f 	cmpvc	r5, #111	; 0x6f
     490:	72506465 	subsvc	r6, r0, #1694498816	; 0x65000000
                    prvInitialiseTaskLists();
     494:	69726f69 	ldmdbvs	r2!, {r0, r3, r5, r6, r8, r9, sl, fp, sp, lr}^
     498:	76007974 			; <UNDEFINED> instruction: 0x76007974
                if( xSchedulerRunning == pdFALSE )
     49c:	6b736154 	blvs	1cd89f4 <_etext+0x1cd6560>
     4a0:	70737553 	rsbsvc	r7, r3, r3, asr r5
                    if( pxCurrentTCB->uxPriority <= pxNewTCB->uxPriority )
     4a4:	41646e65 	cmnmi	r4, r5, ror #28
     4a8:	75006c6c 	strvc	r6, [r0, #-3180]	; 0xfffff394
     4ac:	61745378 	cmnvs	r4, r8, ror r3
                        pxCurrentTCB = pxNewTCB;
     4b0:	65446b63 	strbvs	r6, [r4, #-2915]	; 0xfffff49d
     4b4:	00687470 	rsbeq	r7, r8, r0, ror r4
            uxTaskNumber++;
     4b8:	746f4e65 	strbtvc	r4, [pc], #-3685	; 4c0 <prvAddNewTaskToReadyList+0x58>
     4bc:	41796669 	cmnmi	r9, r9, ror #12
            prvAddTaskToReadyList( pxNewTCB );
     4c0:	6f697463 	svcvs	0x00697463
     4c4:	6973006e 	ldmdbvs	r3!, {r1, r2, r3, r5, r6}^
     4c8:	745f657a 	ldrbvc	r6, [pc], #-1402	; 4d0 <prvAddNewTaskToReadyList+0x68>
     4cc:	6e496500 	cdpvs	5, 4, cr6, cr9, cr0, {0}
     4d0:	6d657263 	sfmvs	f7, 2, [r5, #-396]!	; 0xfffffe74
     4d4:	00746e65 	rsbseq	r6, r4, r5, ror #28
     4d8:	4e494d78 	mcrmi	13, 2, r4, cr9, cr8, {3}
     4dc:	494c5f49 	stmdbmi	ip, {r0, r3, r6, r8, r9, sl, fp, ip, lr}^
     4e0:	495f5453 	ldmdbmi	pc, {r0, r1, r4, r6, sl, ip, lr}^	; <UNPREDICTABLE>
     4e4:	004d4554 	subeq	r4, sp, r4, asr r5
     4e8:	63695478 	cmnvs	r9, #120, 8	; 0x78000000
     4ec:	756f436b 	strbvc	r4, [pc, #-875]!	; 189 <_stext+0x189>
     4f0:	7800746e 	stmdavc	r0, {r1, r2, r3, r5, r6, sl, ip, sp, lr}
     4f4:	5453494c 	ldrbpl	r4, [r3], #-2380	; 0xfffff6b4
     4f8:	61547600 	cmpvs	r4, r0, lsl #12
     4fc:	6e456b73 	vmovvs.8	d5[3], r6
     500:	68635364 	stmdavs	r3!, {r2, r5, r6, r8, r9, ip, lr}^
     504:	6c756465 	cfldrdvs	mvd6, [r5], #-404	; 0xfffffe6c
     508:	78007265 	stmdavc	r0, {r0, r2, r5, r6, r9, ip, sp, lr}
     50c:	736e6f43 	cmnvc	lr, #268	; 0x10c
     510:	63695474 	cmnvs	r9, #116, 8	; 0x74000000
     514:	756f436b 	strbvc	r4, [pc, #-875]!	; 1b1 <_stext+0x1b1>
     518:	7000746e 	andvc	r7, r0, lr, ror #8
     51c:	6d614e63 	stclvs	14, cr4, [r1, #-396]!	; 0xfffffe74
     520:	78700065 	ldmdavc	r0!, {r0, r2, r5, r6}^
     524:	7265764f 	rsbvc	r7, r5, #82837504	; 0x4f00000
     528:	776f6c66 	strbvc	r6, [pc, -r6, ror #24]!
     52c:	616c6544 	cmnvs	ip, r4, asr #10
     530:	54646579 	strbtpl	r6, [r4], #-1401	; 0xfffffa87
     534:	4c6b7361 	stclmi	3, cr7, [fp], #-388	; 0xfffffe7c
     538:	00747369 	rsbseq	r7, r4, r9, ror #6
     53c:	73615476 	cmnvc	r1, #1979711488	; 0x76000000
     540:	616c506b 	cmnvs	ip, fp, rrx
        taskEXIT_CRITICAL();
     544:	6e4f6563 	cdpvs	5, 4, cr6, cr15, cr3, {3}
        if( xSchedulerRunning != pdFALSE )
     548:	6e657645 	cdpvs	6, 6, cr7, cr5, cr5, {2}
     54c:	73694c74 	cmnvc	r9, #116, 24	; 0x7400
            taskYIELD_ANY_CORE_IF_USING_PREEMPTION( pxNewTCB );
     550:	49780074 	ldmdbmi	r8!, {r2, r4, r5, r6}^
     554:	54656c64 	strbtpl	r6, [r5], #-3172	; 0xfffff39c
     558:	486b7361 	stmdami	fp!, {r0, r5, r6, r8, r9, ip, sp, lr}^
     55c:	6c646e61 	stclvs	14, cr6, [r4], #-388	; 0xfffffe7c
     560:	75007365 	strvc	r7, [r0, #-869]	; 0xfffffc9b
     564:	746f4e6c 	strbtvc	r4, [pc], #-3692	; 56c <prvAddNewTaskToReadyList+0x104>
     568:	65696669 	strbvs	r6, [r9, #-1641]!	; 0xfffff997
    }
     56c:	6c615664 	stclvs	6, cr5, [r1], #-400	; 0xfffffe70
     570:	76006575 			; <UNDEFINED> instruction: 0x76006575
     574:	6b736154 	blvs	1cd8acc <_etext+0x1cd6638>
     578:	6f6d6552 	svcvs	0x006d6552
     57c:	72466576 	subvc	r6, r6, #494927872	; 0x1d800000
     580:	6e556d6f 	cdpvs	13, 5, cr6, cr5, cr15, {3}
     584:	6564726f 	strbvs	r7, [r4, #-623]!	; 0xfffffd91
     588:	45646572 	strbmi	r6, [r4, #-1394]!	; 0xfffffa8e
     58c:	746e6576 	strbtvc	r6, [lr], #-1398	; 0xfffffa8a
{
     590:	7473694c 	ldrbtvc	r6, [r3], #-2380	; 0xfffff6b4
     594:	61547800 	cmpvs	r4, r0, lsl #16
    BaseType_t xReturn = pdPASS;
     598:	65526b73 	ldrbvs	r6, [r2, #-2931]	; 0xfffff48d
    char cIdleName[ configMAX_TASK_NAME_LEN ] = { 0 };
     59c:	65766f6d 	ldrbvs	r6, [r6, #-3949]!	; 0xfffff093
     5a0:	6d6f7246 	sfmvs	f7, 2, [pc, #-280]!	; 490 <prvAddNewTaskToReadyList+0x28>
     5a4:	6e657645 	cdpvs	6, 6, cr7, cr5, cr5, {2}
    TaskFunction_t pxIdleTaskFunction = NULL;
     5a8:	73694c74 	cmnvc	r9, #116, 24	; 0x7400
    for( xIdleTaskNameIndex = 0U; xIdleTaskNameIndex < ( configMAX_TASK_NAME_LEN - taskRESERVED_TASK_NAME_LENGTH ); xIdleTaskNameIndex++ )
     5ac:	53650074 	cmnpl	r5, #116	; 0x74
     5b0:	61567465 	cmpvs	r6, r5, ror #8
        cIdleName[ xIdleTaskNameIndex ] = configIDLE_TASK_NAME[ xIdleTaskNameIndex ];
     5b4:	5765756c 	strbpl	r7, [r5, -ip, ror #10]!
     5b8:	6f687469 	svcvs	0x00687469
     5bc:	764f7475 			; <UNDEFINED> instruction: 0x764f7475
     5c0:	72777265 	rsbsvc	r7, r7, #1342177286	; 0x50000006
        if( cIdleName[ xIdleTaskNameIndex ] == ( char ) 0x00 )
     5c4:	00657469 	rsbeq	r7, r5, r9, ror #8
     5c8:	654e6c75 	strbvs	r6, [lr, #-3189]	; 0xfffff38b
     5cc:	53414277 	movtpl	r4, #4727	; 0x1277
    for( xIdleTaskNameIndex = 0U; xIdleTaskNameIndex < ( configMAX_TASK_NAME_LEN - taskRESERVED_TASK_NAME_LENGTH ); xIdleTaskNameIndex++ )
     5d0:	49525045 	ldmdbmi	r2, {r0, r2, r6, ip, lr}^
     5d4:	61425500 	cmpvs	r2, r0, lsl #10
     5d8:	79546573 	ldmdbvc	r4, {r0, r1, r4, r5, r6, r8, sl, sp, lr}^
     5dc:	745f6570 	ldrbvc	r6, [pc], #-1392	; 5e4 <prvCreateIdleTasks+0x54>
    cIdleName[ xIdleTaskNameIndex ] = '\0';
     5e0:	61547800 	cmpvs	r4, r0, lsl #16
     5e4:	65476b73 	strbvs	r6, [r7, #-2931]	; 0xfffff48d
     5e8:	6972656e 	ldmdbvs	r2!, {r1, r2, r3, r5, r6, r8, sl, sp, lr}^
    for( xCoreID = ( BaseType_t ) 0; xCoreID < ( BaseType_t ) configNUMBER_OF_CORES; xCoreID++ )
     5ec:	746f4e63 	strbtvc	r4, [pc], #-3683	; 5f4 <prvCreateIdleTasks+0x64>
            pxIdleTaskFunction = &prvIdleTask;
     5f0:	57796669 	ldrbpl	r6, [r9, -r9, ror #12]!
            xReturn = xTaskCreate( pxIdleTaskFunction,
     5f4:	00746961 	rsbseq	r6, r4, r1, ror #18
     5f8:	49767270 	ldmdbmi	r6!, {r4, r5, r6, r9, ip, sp, lr}^
     5fc:	54656c64 	strbtpl	r6, [r5], #-3172	; 0xfffff39c
     600:	006b7361 	rsbeq	r7, fp, r1, ror #6
     604:	73694c78 	cmnvc	r9, #120, 24	; 0x7800
     608:	646e4574 	strbtvs	r4, [lr], #-1396	; 0xfffffa8c
     60c:	546c7500 	strbtpl	r7, [ip], #-1280	; 0xfffffb00
     610:	476b7361 	strbmi	r7, [fp, -r1, ror #6]!
        if( xReturn != pdPASS )
     614:	72656e65 	rsbvc	r6, r5, #1616	; 0x650
    for( xCoreID = ( BaseType_t ) 0; xCoreID < ( BaseType_t ) configNUMBER_OF_CORES; xCoreID++ )
     618:	6f4e6369 	svcvs	0x004e6369
     61c:	79666974 	stmdbvc	r6!, {r2, r4, r5, r6, r8, fp, sp, lr}^
     620:	656b6154 	strbvs	r6, [fp, #-340]!	; 0xfffffeac
     624:	6e694d00 	cdpvs	13, 6, cr4, cr9, cr0, {0}
    return xReturn;
     628:	73694c69 	cmnvc	r9, #26880	; 0x6900
}
     62c:	65744974 	ldrbvs	r4, [r4, #-2420]!	; 0xfffff68c
     630:	00745f6d 	rsbseq	r5, r4, sp, ror #30
     634:	73615478 	cmnvc	r1, #120, 8	; 0x78000000
     638:	6572436b 	ldrbvs	r4, [r2, #-875]!	; 0xfffffc95
     63c:	00657461 	rsbeq	r7, r5, r1, ror #8
{
     640:	41767270 	cmnmi	r6, r0, ror r2
     644:	654e6464 	strbvs	r6, [lr, #-1124]	; 0xfffffb9c
    xReturn = prvCreateIdleTasks();
     648:	73615477 	cmnvc	r1, #1996488704	; 0x77000000
    if( xReturn == pdPASS )
     64c:	526f546b 	rsbpl	r5, pc, #1795162112	; 0x6b000000
     650:	79646165 	stmdbvc	r4!, {r0, r2, r5, r6, r8, sp, lr}^
    __asm volatile
     654:	7473694c 	ldrbtvc	r6, [r3], #-2380	; 0xfffff6b4
     658:	6e697500 	cdpvs	5, 6, cr7, cr9, cr0, {0}
     65c:	745f3874 	ldrbvc	r3, [pc], #-2164	; 664 <vTaskStartScheduler+0x24>
     660:	76727000 	ldrbtvc	r7, [r2], -r0
}
     664:	61657243 	cmnvs	r5, r3, asr #4
        xNextTaskUnblockTime = portMAX_DELAY;
     668:	64496574 	strbvs	r6, [r9], #-1396	; 0xfffffa8c
     66c:	6154656c 	cmpvs	r4, ip, ror #10
        xSchedulerRunning = pdTRUE;
     670:	00736b73 	rsbseq	r6, r3, r3, ror fp
        xTickCount = ( TickType_t ) configINITIAL_TICK_COUNT;
     674:	654e7870 	strbvs	r7, [lr, #-2160]	; 0xfffff790
     678:	42435477 	submi	r5, r3, #1996488704	; 0x77000000
        ( void ) xPortStartScheduler();
     67c:	54787000 	ldrbtpl	r7, [r8], #-0
    ( void ) uxTopUsedPriority;
     680:	436b7361 	cmnmi	fp, #-2080374783	; 0x84000001
}
     684:	0065646f 	rsbeq	r6, r5, pc, ror #8
     688:	65695978 	strbvs	r5, [r9, #-2424]!	; 0xfffff688
     68c:	634f646c 	movtvs	r6, #62572	; 0xf46c
     690:	72727563 	rsbsvc	r7, r2, #415236096	; 0x18c00000
     694:	4d006465 	cfstrsmi	mvf6, [r0, #-404]	; 0xfffffe6c
     698:	726f6d65 	rsbvc	r6, pc, #6464	; 0x1940
{
     69c:	67655279 			; <UNDEFINED> instruction: 0x67655279
     6a0:	5f6e6f69 	svcpl	0x006e6f69
    __asm volatile
     6a4:	4e780074 	mrcmi	0, 3, r0, cr8, cr4, {3}
     6a8:	54747865 	ldrbtpl	r7, [r4], #-2149	; 0xfffff79b
     6ac:	556b7361 	strbpl	r7, [fp, #-865]!	; 0xfffffc9f
     6b0:	6f6c626e 	svcvs	0x006c626e
}
     6b4:	69546b63 	ldmdbvs	r4, {r0, r1, r5, r6, r8, r9, fp, sp, lr}^
    xSchedulerRunning = pdFALSE;
     6b8:	7500656d 	strvc	r6, [r0, #-1389]	; 0xfffffa93
    vPortEndScheduler();
     6bc:	726f506c 	rsbvc	r5, pc, #108	; 0x6c
}
     6c0:	69615274 	stmdbvs	r1!, {r2, r4, r5, r6, r9, ip, lr}^
     6c4:	41426573 	hvcmi	9811	; 0x2653
     6c8:	52504553 	subspl	r4, r0, #348127232	; 0x14c00000
{
     6cc:	78750049 	ldmdavc	r5!, {r0, r3, r6}^
        uxSchedulerSuspended = ( UBaseType_t ) ( uxSchedulerSuspended + 1U );
     6d0:	75746552 	ldrbvc	r6, [r4, #-1362]!	; 0xfffffaae
     6d4:	75006e72 	strvc	r6, [r0, #-3698]	; 0xfffff18e
     6d8:	7465526c 	strbtvc	r5, [r5], #-620	; 0xfffffd94
}
     6dc:	006e7275 	rsbeq	r7, lr, r5, ror r2
     6e0:	61546c75 	cmpvs	r4, r5, ror ip
     6e4:	65476b73 	strbvs	r6, [r7, #-2931]	; 0xfffff48d
{
     6e8:	6972656e 	ldmdbvs	r2!, {r1, r2, r3, r5, r6, r8, sl, sp, lr}^
     6ec:	746f4e63 	strbtvc	r4, [pc], #-3683	; 6f4 <xTaskResumeAll+0xc>
    TCB_t * pxTCB = NULL;
     6f0:	56796669 	ldrbtpl	r6, [r9], -r9, ror #12
    BaseType_t xAlreadyYielded = pdFALSE;
     6f4:	65756c61 	ldrbvs	r6, [r5, #-3169]!	; 0xfffff39f
        taskENTER_CRITICAL();
     6f8:	61656c43 	cmnvs	r5, r3, asr #24
            const BaseType_t xCoreID = ( BaseType_t ) portGET_CORE_ID();
     6fc:	63750072 	cmnvs	r5, #114	; 0x72
            uxSchedulerSuspended = ( UBaseType_t ) ( uxSchedulerSuspended - 1U );
     700:	74726f50 	ldrbtvc	r6, [r2], #-3920	; 0xfffff0b0
     704:	6e756f43 	cdpvs	15, 7, cr6, cr5, cr3, {2}
            if( uxSchedulerSuspended == ( UBaseType_t ) 0U )
     708:	61654c74 	smcvs	21700	; 0x54c4
     70c:	676e6964 	strbvs	r6, [lr, -r4, ror #18]!
     710:	6f72655a 	svcvs	0x0072655a
                if( uxCurrentNumberOfTasks > ( UBaseType_t ) 0U )
     714:	6c750073 	ldclvs	0, cr0, [r5], #-460	; 0xfffffe34
     718:	676e654c 	strbvs	r6, [lr, -ip, asr #10]!
                    while( listLIST_IS_EMPTY( &xPendingReadyList ) == pdFALSE )
     71c:	6e496874 	mcrvs	8, 2, r6, cr9, cr4, {3}
                        pxTCB = listGET_OWNER_OF_HEAD_ENTRY( ( &xPendingReadyList ) );
     720:	65747942 	ldrbvs	r7, [r4, #-2370]!	; 0xfffff6be
     724:	72700073 	rsbsvc	r0, r0, #115	; 0x73
                        listREMOVE_ITEM( &( pxTCB->xEventListItem ) );
     728:	73655276 	cmnvc	r5, #1610612743	; 0x60000007
     72c:	654e7465 	strbvs	r7, [lr, #-1125]	; 0xfffffb9b
     730:	61547478 	cmpvs	r4, r8, ror r4
     734:	6e556b73 	vmovvs.s8	r6, d5[3]
     738:	636f6c62 	cmnvs	pc, #25088	; 0x6200
     73c:	6d69546b 	cfstrdvs	mvd5, [r9, #-428]!	; 0xfffffe54
     740:	54780065 	ldrbtpl	r0, [r8], #-101	; 0xffffff9b
     744:	4f656d69 	svcmi	0x00656d69
     748:	746e456e 	strbtvc	r4, [lr], #-1390	; 0xfffffa92
     74c:	6e697265 	cdpvs	2, 6, cr7, cr9, cr5, {3}
     750:	61540067 	cmpvs	r4, r7, rrx
     754:	75466b73 	strbvc	r6, [r6, #-2931]	; 0xfffff48d
     758:	6974636e 	ldmdbvs	r4!, {r1, r2, r3, r5, r6, r8, r9, sp, lr}^
     75c:	745f6e6f 	ldrbvc	r6, [pc], #-3695	; 764 <xTaskResumeAll+0x7c>
     760:	4e787000 	cdpmi	0, 7, cr7, cr8, cr0, {0}
                        listREMOVE_ITEM( &( pxTCB->xStateListItem ) );
     764:	00747865 	rsbseq	r7, r4, r5, ror #16
     768:	506c7570 	rsbpl	r7, ip, r0, ror r5
     76c:	69766572 	ldmdbvs	r6!, {r1, r4, r5, r6, r8, sl, sp, lr}^
     770:	4e73756f 	cdpmi	5, 7, cr7, cr3, cr15, {3}
     774:	6669746f 	strbtvs	r7, [r9], -pc, ror #8
     778:	74616369 	strbtvc	r6, [r1], #-873	; 0xfffffc97
     77c:	566e6f69 	strbtpl	r6, [lr], -r9, ror #30
     780:	65756c61 	ldrbvs	r6, [r5, #-3169]!	; 0xfffff39f
     784:	54787000 	ldrbtpl	r7, [r8], #-0
     788:	4f656d69 	svcmi	0x00656d69
     78c:	2e007475 	mcrcs	4, 0, r7, cr0, cr5, {3}
     790:	72462f2e 	subvc	r2, r6, #46, 30	; 0xb8
     794:	54526565 	ldrbpl	r6, [r2], #-1381	; 0xfffffa9b
     798:	4b2d534f 	blmi	b554dc <_etext+0xb53048>
     79c:	656e7265 	strbvs	r7, [lr, #-613]!	; 0xfffffd9b
     7a0:	61742f6c 	cmnvs	r4, ip, ror #30
                        prvAddTaskToReadyList( pxTCB );
     7a4:	2e736b73 	vmovcs.s8	r6, d3[7]
     7a8:	54780063 	ldrbtpl	r0, [r8], #-99	; 0xffffff9d
     7ac:	476b7361 	strbmi	r7, [fp, -r1, ror #6]!
     7b0:	69547465 	ldmdbvs	r4, {r0, r2, r5, r6, sl, ip, sp, lr}^
     7b4:	6f436b63 	svcvs	0x00436b63
     7b8:	00746e75 	rsbseq	r6, r4, r5, ror lr
     7bc:	656d6954 	strbvs	r6, [sp, #-2388]!	; 0xfffff6ac
     7c0:	5f74754f 	svcpl	0x0074754f
     7c4:	54760074 	ldrbtpl	r0, [r6], #-116	; 0xffffff8c
     7c8:	496b7361 	stmdbmi	fp!, {r0, r5, r6, r8, r9, ip, sp, lr}^
     7cc:	7265746e 	rsbvc	r7, r5, #1845493760	; 0x6e000000
     7d0:	536c616e 	cmnpl	ip, #-2147483621	; 0x8000001b
     7d4:	69547465 	ldmdbvs	r4, {r0, r2, r5, r6, sl, ip, sp, lr}^
     7d8:	754f656d 	strbvc	r6, [pc, #-1389]	; 273 <start+0x73>
     7dc:	61745374 	cmnvs	r4, r4, ror r3
     7e0:	75006574 	strvc	r6, [r0, #-1396]	; 0xfffffa8c
     7e4:	73615478 	cmnvc	r1, #120, 8	; 0x78000000
     7e8:	6d754e6b 	ldclvs	14, cr4, [r5, #-428]!	; 0xfffffe54
     7ec:	00726562 	rsbseq	r6, r2, r2, ror #10
     7f0:	6b736154 	blvs	1cd8d48 <_etext+0x1cd68b4>
     7f4:	646e6148 	strbtvs	r6, [lr], #-328	; 0xfffffeb8
     7f8:	745f656c 	ldrbvc	r6, [pc], #-1388	; 800 <xTaskResumeAll+0x118>
     7fc:	63416500 	movtvs	r6, #5376	; 0x1500
     800:	6e6f6974 			; <UNDEFINED> instruction: 0x6e6f6974
     804:	4e6c7500 	cdpmi	5, 6, cr7, cr12, cr0, {0}
     808:	614d7765 	cmpvs	sp, r5, ror #14
     80c:	61566b73 	cmpvs	r6, r3, ror fp
     810:	0065756c 	rsbeq	r7, r5, ip, ror #10
     814:	61547875 	cmpvs	r4, r5, ror r8
     818:	65526b73 	ldrbvs	r6, [r2, #-2931]	; 0xfffff48d
     81c:	45746573 	ldrbmi	r6, [r4, #-1395]!	; 0xfffffa8d
     820:	746e6576 	strbtvc	r6, [lr], #-1398	; 0xfffffa8a
                            if( pxTCB->uxPriority > pxCurrentTCB->uxPriority )
     824:	6d657449 	cfstrdvs	mvd7, [r5, #-292]!	; 0xfffffedc
     828:	756c6156 	strbvc	r6, [ip, #-342]!	; 0xfffffeaa
     82c:	694c0065 	stmdbvs	ip, {r0, r2, r5, r6}^
     830:	745f7473 	ldrbvc	r7, [pc], #-1139	; 838 <xTaskResumeAll+0x150>
                                xYieldPendings[ xCoreID ] = pdTRUE;
     834:	61547800 	cmpvs	r4, r0, lsl #16
     838:	6f546b73 	svcvs	0x00546b73
                    while( listLIST_IS_EMPTY( &xPendingReadyList ) == pdFALSE )
     83c:	72657551 	rsbvc	r7, r5, #339738624	; 0x14400000
     840:	69540079 	ldmdbvs	r4, {r0, r3, r4, r5, r6}^
     844:	79546b63 	ldmdbvc	r4, {r0, r1, r5, r6, r8, r9, fp, sp, lr}^
                    if( pxTCB != NULL )
     848:	745f6570 	ldrbvc	r6, [pc], #-1392	; 850 <xTaskResumeAll+0x168>
                        prvResetNextTaskUnblockTime();
     84c:	61547800 	cmpvs	r4, r0, lsl #16
                        TickType_t xPendedCounts = xPendedTicks; /* Non-volatile copy. */
     850:	6f546b73 	svcvs	0x00546b73
     854:	69746f4e 	ldmdbvs	r4!, {r1, r2, r3, r6, r8, r9, sl, fp, sp, lr}^
                        if( xPendedCounts > ( TickType_t ) 0U )
     858:	78007966 	stmdavc	r0, {r1, r2, r5, r6, r8, fp, ip, sp, lr}
                                if( xTaskIncrementTick() != pdFALSE )
     85c:	6b736154 	blvs	1cd8db4 <_etext+0x1cd6920>
     860:	65536500 	ldrbvs	r6, [r3, #-1280]	; 0xfffffb00
     864:	74694274 	strbtvc	r4, [r9], #-628	; 0xfffffd8c
                                    xYieldPendings[ xCoreID ] = pdTRUE;
     868:	4d780073 	ldclmi	0, cr0, [r8, #-460]!	; 0xfffffe34
     86c:	524f4d45 	subpl	r4, pc, #4416	; 0x1140
                                --xPendedCounts;
     870:	45525f59 	ldrbmi	r5, [r2, #-3929]	; 0xfffff0a7
     874:	4e4f4947 	vmlsmi.f16	s9, s30, s14	; <UNPREDICTABLE>
                            } while( xPendedCounts > ( TickType_t ) 0U );
     878:	61547600 	cmpvs	r4, r0, lsl #12
                            xPendedTicks = 0;
     87c:	77536b73 			; <UNDEFINED> instruction: 0x77536b73
     880:	68637469 	stmdavs	r3!, {r0, r3, r5, r6, sl, ip, sp, lr}^
                    if( xYieldPendings[ xCoreID ] != pdFALSE )
     884:	746e6f43 	strbtvc	r6, [lr], #-3907	; 0xfffff0bd
     888:	00747865 	rsbseq	r7, r4, r5, ror #16
     88c:	6d754e78 	ldclvs	14, cr4, [r5, #-480]!	; 0xfffffe20
                            xAlreadyYielded = pdTRUE;
     890:	764f664f 	strbvc	r6, [pc], -pc, asr #12
                            taskYIELD_TASK_CORE_IF_USING_PREEMPTION( pxCurrentTCB );
     894:	6c667265 	sfmvs	f7, 2, [r6], #-404	; 0xfffffe6c
     898:	0073776f 	rsbseq	r7, r3, pc, ror #14
     89c:	6f437670 	svcvs	0x00437670
     8a0:	6961746e 	stmdbvs	r1!, {r1, r2, r3, r5, r6, sl, ip, sp, lr}^
     8a4:	0072656e 	rsbseq	r6, r2, lr, ror #10
        taskEXIT_CRITICAL();
     8a8:	75437870 	strbvc	r7, [r3, #-2160]	; 0xfffff790
}
     8ac:	6e657272 	mcrvs	2, 3, r7, cr5, cr2, {3}
     8b0:	42435474 	submi	r5, r3, #116, 8	; 0x74000000
     8b4:	68537800 	ldmdavs	r3, {fp, ip, sp, lr}^
     8b8:	646c756f 	strbtvs	r7, [ip], #-1391	; 0xfffffa91
     8bc:	636f6c42 	cmnvs	pc, #16896	; 0x4200
     8c0:	4963006b 	stmdbmi	r3!, {r0, r1, r3, r5, r6}^
     8c4:	4e656c64 	cdpmi	12, 6, cr6, cr5, cr4, {3}
     8c8:	00656d61 	rsbeq	r6, r5, r1, ror #26
     8cc:	49767270 	ldmdbmi	r6!, {r4, r5, r6, r9, ip, sp, lr}^
     8d0:	6974696e 	ldmdbvs	r4!, {r1, r2, r3, r5, r6, r8, fp, sp, lr}^
     8d4:	73696c61 	cmnvc	r9, #24832	; 0x6100
{
     8d8:	77654e65 	strbvc	r4, [r5, -r5, ror #28]!
     8dc:	6b736154 	blvs	1cd8e34 <_etext+0x1cd69a0>
        xTicks = xTickCount;
     8e0:	74497800 	strbvc	r7, [r9], #-2048	; 0xfffff800
    return xTicks;
     8e4:	61566d65 	cmpvs	r6, r5, ror #26
}
     8e8:	0065756c 	rsbeq	r7, r5, ip, ror #10
     8ec:	73615478 	cmnvc	r1, #120, 8	; 0x78000000
     8f0:	7365526b 	cmnvc	r5, #-1342177274	; 0xb0000006
{
     8f4:	41656d75 	smcmi	22229	; 0x56d5
     8f8:	70006c6c 	andvc	r6, r0, ip, ror #24
    uxSavedInterruptStatus = portTICK_TYPE_SET_INTERRUPT_MASK_FROM_ISR();
     8fc:	6c654478 	cfstrdvs	mvd4, [r5], #-480	; 0xfffffe20
        xReturn = xTickCount;
     900:	64657961 	strbtvs	r7, [r5], #-2401	; 0xfffff69f
    return xReturn;
     904:	6b736154 	blvs	1cd8e5c <_etext+0x1cd69c8>
}
     908:	7473694c 	ldrbtvc	r6, [r3], #-2380	; 0xfffff6b4
     90c:	77537800 	ldrbvc	r7, [r3, -r0, lsl #16]
     910:	68637469 	stmdavs	r3!, {r0, r3, r5, r6, sl, ip, sp, lr}^
{
     914:	75716552 	ldrbvc	r6, [r1, #-1362]!	; 0xfffffaae
    return uxCurrentNumberOfTasks;
     918:	64657269 	strbtvs	r7, [r5], #-617	; 0xfffffd97
}
     91c:	53787000 	cmnpl	r8, #0
     920:	6b636174 	blvs	18d8ef8 <_etext+0x18d6a64>
     924:	566c7500 	strbtpl	r7, [ip], -r0, lsl #10
{
     928:	65756c61 	ldrbvs	r6, [r5, #-3169]!	; 0xfffff39f
     92c:	61547800 	cmpvs	r4, r0, lsl #16
    pxTCB = prvGetTCBFromHandle( xTaskToQuery );
     930:	68436b73 	stmdavs	r3, {r0, r1, r4, r5, r6, r8, r9, fp, sp, lr}^
     934:	466b6365 	strbtmi	r6, [fp], -r5, ror #6
     938:	6954726f 	ldmdbvs	r4, {r0, r1, r2, r3, r5, r6, r9, ip, sp, lr}^
     93c:	754f656d 	strbvc	r6, [pc, #-1389]	; 3d7 <prvInitialiseNewTask+0x39>
    return &( pxTCB->pcTaskName[ 0 ] );
     940:	78700074 	ldmdavc	r0!, {r2, r4, r5, r6}^
}
     944:	656c6449 	strbvs	r6, [ip, #-1097]!	; 0xfffffbb7
     948:	6b736154 	blvs	1cd8ea0 <_etext+0x1cd6a0c>
     94c:	636e7546 	cmnvs	lr, #293601280	; 0x11800000
     950:	6e6f6974 			; <UNDEFINED> instruction: 0x6e6f6974
{
     954:	52637500 	rsbpl	r7, r3, #0, 10
     958:	72757465 	rsbsvc	r7, r5, #1694498816	; 0x65000000
    vTaskSuspendAll();
     95c:	7570006e 	ldrbvc	r0, [r0, #-110]!	; 0xffffff92
    taskENTER_CRITICAL();
     960:	746f4e6c 	strbtvc	r4, [pc], #-3692	; 968 <xTaskCatchUpTicks+0x14>
        xPendedTicks += xTicksToCatchUp;
     964:	63696669 	cmnvs	r9, #110100480	; 0x6900000
     968:	6f697461 	svcvs	0x00697461
     96c:	6c61566e 	stclvs	6, cr5, [r1], #-440	; 0xfffffe48
    taskEXIT_CRITICAL();
     970:	76006575 			; <UNDEFINED> instruction: 0x76006575
    xYieldOccurred = xTaskResumeAll();
     974:	6b736154 	blvs	1cd8ecc <_etext+0x1cd6a38>
     978:	7373694d 	cmnvc	r3, #1261568	; 0x134000
}
     97c:	69596465 	ldmdbvs	r9, {r0, r2, r5, r6, sl, sp, lr}^
     980:	00646c65 	rsbeq	r6, r4, r5, ror #24
     984:	726f5076 	rsbvc	r5, pc, #118	; 0x76
{
     988:	69615274 	stmdbvs	r1!, {r2, r4, r5, r6, r9, ip, lr}^
     98c:	41426573 	hvcmi	9811	; 0x2653
    BaseType_t xSwitchRequired = pdFALSE;
     990:	52504553 	subspl	r4, r0, #348127232	; 0x14c00000
    if( uxSchedulerSuspended == ( UBaseType_t ) 0U )
     994:	63700049 	cmnvs	r0, #73	; 0x49
     998:	6b736154 	blvs	1cd8ef0 <_etext+0x1cd6a5c>
        const TickType_t xConstTickCount = xTickCount + ( TickType_t ) 1;
     99c:	4e746547 	cdpmi	5, 7, cr6, cr4, cr7, {2}
     9a0:	00656d61 	rsbeq	r6, r5, r1, ror #26
        xTickCount = xConstTickCount;
     9a4:	63695478 	cmnvs	r9, #120, 8	; 0x78000000
     9a8:	7600736b 	strvc	r7, [r0], -fp, ror #6
        if( xConstTickCount == ( TickType_t ) 0U )
     9ac:	6b736154 	blvs	1cd8f04 <_etext+0x1cd6a70>
            taskSWITCH_DELAYED_LISTS();
     9b0:	72617453 	rsbvc	r7, r1, #1392508928	; 0x53000000
     9b4:	68635374 	stmdavs	r3!, {r2, r4, r5, r6, r8, r9, ip, lr}^
     9b8:	6c756465 	cfldrdvs	mvd6, [r5], #-404	; 0xfffffe6c
     9bc:	78007265 	stmdavc	r0, {r0, r2, r5, r6, r9, ip, sp, lr}
     9c0:	426e6143 	rsbmi	r6, lr, #-1073741808	; 0xc0000010
     9c4:	6b636f6c 	blvs	18dc77c <_etext+0x18da2e8>
     9c8:	65646e49 	strbvs	r6, [r4, #-3657]!	; 0xfffff1b7
     9cc:	696e6966 	stmdbvs	lr!, {r1, r2, r5, r6, r8, fp, sp, lr}^
     9d0:	796c6574 	stmdbvc	ip!, {r2, r4, r5, r6, r8, sl, sp, lr}^
        if( xConstTickCount >= xNextTaskUnblockTime )
     9d4:	42767000 	rsbsmi	r7, r6, #0
     9d8:	41657361 	cmnmi	r5, r1, ror #6
     9dc:	65726464 	ldrbvs	r6, [r2, #-1124]!	; 0xfffffb9c
                if( listLIST_IS_EMPTY( pxDelayedTaskList ) != pdFALSE )
     9e0:	76007373 			; <UNDEFINED> instruction: 0x76007373
     9e4:	6b736154 	blvs	1cd8f3c <_etext+0x1cd6aa8>
                    xNextTaskUnblockTime = portMAX_DELAY;
     9e8:	656e6547 	strbvs	r6, [lr, #-1351]!	; 0xfffffab9
     9ec:	4e636972 			; <UNDEFINED> instruction: 0x4e636972
                    break;
     9f0:	6669746f 	strbtvs	r7, [r9], -pc, ror #8
                    pxTCB = listGET_OWNER_OF_HEAD_ENTRY( pxDelayedTaskList );
     9f4:	76694779 			; <UNDEFINED> instruction: 0x76694779
     9f8:	6f724665 	svcvs	0x00724665
                    xItemValue = listGET_LIST_ITEM_VALUE( &( pxTCB->xStateListItem ) );
     9fc:	5253496d 	subspl	r4, r3, #1785856	; 0x1b4000
     a00:	61547600 	cmpvs	r4, r0, lsl #12
                    if( xConstTickCount < xItemValue )
     a04:	6c506b73 	mrrcvs	11, 7, r6, r0, cr3
     a08:	4f656361 	svcmi	0x00656361
                        xNextTaskUnblockTime = xItemValue;
     a0c:	6f6e556e 	svcvs	0x006e556e
                        break;
     a10:	72656472 	rsbvc	r6, r5, #1912602624	; 0x72000000
                    listREMOVE_ITEM( &( pxTCB->xStateListItem ) );
     a14:	76456465 	strbvc	r6, [r5], -r5, ror #8
     a18:	4c746e65 	ldclmi	14, cr6, [r4], #-404	; 0xfffffe6c
     a1c:	00747369 	rsbseq	r7, r4, r9, ror #6
     a20:	69547870 	ldmdbvs	r4, {r4, r5, r6, fp, ip, sp, lr}^
     a24:	54736b63 	ldrbtpl	r6, [r3], #-2915	; 0xfffff49d
     a28:	6961576f 	stmdbvs	r1!, {r0, r1, r2, r3, r5, r6, r8, r9, sl, ip, lr}^
     a2c:	78750074 	ldmdavc	r5!, {r2, r4, r5, r6}^
     a30:	50706f54 	rsbspl	r6, r0, r4, asr pc
     a34:	726f6972 	rsbvc	r6, pc, #1867776	; 0x1c8000
     a38:	00797469 	rsbseq	r7, r9, r9, ror #8
     a3c:	5f424354 	svcpl	0x00424354
     a40:	76700074 			; <UNDEFINED> instruction: 0x76700074
     a44:	656e774f 	strbvs	r7, [lr, #-1871]!	; 0xfffff8b1
     a48:	41780072 	cmnmi	r8, r2, ror r0
     a4c:	6165726c 	cmnvs	r5, ip, ror #4
                    if( listLIST_ITEM_CONTAINER( &( pxTCB->xEventListItem ) ) != NULL )
     a50:	69597964 	ldmdbvs	r9, {r2, r5, r6, r8, fp, ip, sp, lr}^
     a54:	65646c65 	strbvs	r6, [r4, #-3173]!	; 0xfffff39b
                        listREMOVE_ITEM( &( pxTCB->xEventListItem ) );
     a58:	54780064 	ldrbtpl	r0, [r8], #-100	; 0xffffff9c
     a5c:	476b7361 	strbmi	r7, [fp, -r1, ror #6]!
     a60:	75437465 	strbvc	r7, [r3, #-1125]	; 0xfffffb9b
     a64:	6e657272 	mcrvs	2, 3, r7, cr5, cr2, {3}
     a68:	73615474 	cmnvc	r1, #116, 8	; 0x74000000
     a6c:	6e61486b 	cdpvs	8, 6, cr4, cr1, cr11, {3}
     a70:	00656c64 	rsbeq	r6, r5, r4, ror #24
     a74:	76457870 			; <UNDEFINED> instruction: 0x76457870
     a78:	4c746e65 	ldclmi	14, cr6, [r4], #-404	; 0xfffffe6c
     a7c:	49747369 	ldmdbmi	r4!, {r0, r3, r5, r6, r8, r9, ip, sp, lr}^
     a80:	006d6574 	rsbeq	r6, sp, r4, ror r5
     a84:	6e655078 	mcrvs	0, 3, r5, cr5, cr8, {3}
     a88:	54646564 	strbtpl	r6, [r4], #-1380	; 0xfffffa9c
     a8c:	736b6369 	cmnvc	fp, #-1543503871	; 0xa4000001
     a90:	69547800 	ldmdbvs	r4, {fp, ip, sp, lr}^
     a94:	54736b63 	ldrbtpl	r6, [r3], #-2915	; 0xfffff49d
                    prvAddTaskToReadyList( pxTCB );
     a98:	7461436f 	strbtvc	r4, [r1], #-879	; 0xfffffc91
     a9c:	70556863 	subsvc	r6, r5, r3, ror #16
     aa0:	65527800 	ldrbvs	r7, [r2, #-2048]	; 0xfffff800
     aa4:	6e6f6967 	vnmulvs.f16	s13, s30, s15	; <UNPREDICTABLE>
     aa8:	72700073 	rsbsvc	r0, r0, #115	; 0x73
     aac:	64644176 	strbtvs	r4, [r4], #-374	; 0xfffffe8a
     ab0:	72727543 	rsbsvc	r7, r2, #281018368	; 0x10c00000
     ab4:	54746e65 	ldrbtpl	r6, [r4], #-3685	; 0xfffff19b
     ab8:	546b7361 	strbtpl	r7, [fp], #-865	; 0xfffffc9f
     abc:	6c65446f 	cfstrdvs	mvd4, [r5], #-444	; 0xfffffe44
     ac0:	64657961 	strbtvs	r7, [r5], #-2401	; 0xfffff69f
     ac4:	7473694c 	ldrbtvc	r6, [r3], #-2380	; 0xfffff6b4
     ac8:	61547800 	cmpvs	r4, r0, lsl #16
     acc:	65476b73 	strbvs	r6, [r7, #-2931]	; 0xfffff48d
     ad0:	72754374 	rsbsvc	r4, r5, #116, 6	; 0xd0000001
     ad4:	746e6572 	strbtvc	r6, [lr], #-1394	; 0xfffffa8e
     ad8:	6b736154 	blvs	1cd9030 <_etext+0x1cd6b9c>
     adc:	646e6148 	strbtvs	r6, [lr], #-328	; 0xfffffeb8
     ae0:	6f46656c 	svcvs	0x0046656c
     ae4:	726f4372 	rsbvc	r4, pc, #-939524095	; 0xc8000001
     ae8:	78750065 	ldmdavc	r5!, {r0, r2, r5, r6}^
     aec:	72727543 	rsbsvc	r7, r2, #281018368	; 0x10c00000
     af0:	4e746e65 	cdpmi	14, 7, cr6, cr4, cr5, {3}
     af4:	65626d75 	strbvs	r6, [r2, #-3445]!	; 0xfffff28b
     af8:	54664f72 	strbtpl	r4, [r6], #-3954	; 0xfffff08e
     afc:	736b7361 	cmnvc	fp, #-2080374783	; 0x84000001
     b00:	69547800 	ldmdbvs	r4, {fp, ip, sp, lr}^
     b04:	6f54656d 	svcvs	0x0054656d
     b08:	656b6157 	strbvs	r6, [fp, #-343]!	; 0xfffffea9
     b0c:	74537800 	ldrbvc	r7, [r3], #-2048	; 0xfffff800
     b10:	4c657461 	cfstrdmi	mvd7, [r5], #-388	; 0xfffffe7c
     b14:	49747369 	ldmdbmi	r4!, {r0, r3, r5, r6, r8, r9, ip, sp, lr}^
                            if( pxTCB->uxPriority > pxCurrentTCB->uxPriority )
     b18:	006d6574 	rsbeq	r6, sp, r4, ror r5
     b1c:	43547870 	cmpmi	r4, #112, 16	; 0x700000
     b20:	54780042 	ldrbtpl	r0, [r8], #-66	; 0xffffffbe
     b24:	476b7361 	strbmi	r7, [fp, -r1, ror #6]!
                                xSwitchRequired = pdTRUE;
     b28:	72656e65 	rsbvc	r6, r5, #1616	; 0x650
                if( listLIST_IS_EMPTY( pxDelayedTaskList ) != pdFALSE )
     b2c:	6f4e6369 	svcvs	0x004e6369
                if( listCURRENT_LIST_LENGTH( &( pxReadyTasksLists[ pxCurrentTCB->uxPriority ] ) ) > 1U )
     b30:	79666974 	stmdbvc	r6!, {r2, r4, r5, r6, r8, fp, sp, lr}^
     b34:	74617453 	strbtvc	r7, [r1], #-1107	; 0xfffffbad
     b38:	656c4365 	strbvs	r4, [ip, #-869]!	; 0xfffffc9b
     b3c:	75007261 	strvc	r7, [r0, #-609]	; 0xfffffd9f
     b40:	68635378 	stmdavs	r3!, {r3, r4, r5, r6, r8, r9, ip, lr}^
     b44:	6c756465 	cfldrdvs	mvd6, [r5], #-404	; 0xfffffe6c
                    xSwitchRequired = pdTRUE;
     b48:	75537265 	ldrbvc	r7, [r3, #-613]	; 0xfffffd9b
                if( xYieldPendings[ 0 ] != pdFALSE )
     b4c:	6e657073 	mcrvs	0, 3, r7, cr5, cr3, {3}
     b50:	00646564 	rsbeq	r6, r4, r4, ror #10
                    xSwitchRequired = pdTRUE;
     b54:	6f547870 	svcvs	0x00547870
        xPendedTicks += 1U;
     b58:	53664f70 	cmnpl	r6, #112, 30	; 0x1c0
     b5c:	6b636174 	blvs	18d9134 <_etext+0x18d6ca0>
     b60:	76727000 	ldrbtvc	r7, [r2], -r0
}
     b64:	74696e49 	strbtvc	r6, [r9], #-3657	; 0xfffff1b7
     b68:	696c6169 	stmdbvs	ip!, {r0, r3, r5, r6, r8, sp, lr}^
     b6c:	61546573 	cmpvs	r4, r3, ror r5
     b70:	694c6b73 	stmdbvs	ip, {r0, r1, r4, r5, r6, r8, r9, fp, sp, lr}^
     b74:	00737473 	rsbseq	r7, r3, r3, ror r4
     b78:	694c7870 	stmdbvs	ip, {r4, r5, r6, fp, ip, sp, lr}^
     b7c:	75007473 	strvc	r7, [r0, #-1139]	; 0xfffffb8d
     b80:	646e4978 	strbtvs	r4, [lr], #-2424	; 0xfffff688
     b84:	6f547865 	svcvs	0x00547865
     b88:	69746f4e 	ldmdbvs	r4!, {r1, r2, r3, r6, r8, r9, sl, fp, sp, lr}^
     b8c:	70007966 	andvc	r7, r0, r6, ror #18
     b90:	65724378 	ldrbvs	r4, [r2, #-888]!	; 0xfffffc88
     b94:	64657461 	strbtvs	r7, [r5], #-1121	; 0xfffffb9f
    {
     b98:	6b736154 	blvs	1cd90f0 <_etext+0x1cd6c5c>
     b9c:	76727000 	ldrbtvc	r7, [r2], -r0
        if( uxSchedulerSuspended != ( UBaseType_t ) 0U )
     ba0:	63656843 	cmnvs	r5, #4390912	; 0x430000
     ba4:	7361546b 	cmnvc	r1, #1795162112	; 0x6b000000
            xYieldPendings[ 0 ] = pdTRUE;
     ba8:	6157736b 	cmpvs	r7, fp, ror #6
    }
     bac:	6e697469 	cdpvs	4, 6, cr7, cr9, cr9, {3}
            xYieldPendings[ 0 ] = pdFALSE;
     bb0:	72655467 	rsbvc	r5, r5, #1728053248	; 0x67000000
            taskSELECT_HIGHEST_PRIORITY_TASK();
     bb4:	616e696d 	cmnvs	lr, sp, ror #18
     bb8:	6e6f6974 			; <UNDEFINED> instruction: 0x6e6f6974
        __asm volatile ( "clz %0, %1" : "=r" ( ucReturn ) : "r" ( ulBitmap ) : "memory" );
     bbc:	4f787000 	svcmi	0x00787000
     bc0:	66726576 			; <UNDEFINED> instruction: 0x66726576
     bc4:	44776f6c 	ldrbtmi	r6, [r7], #-3948	; 0xfffff094
     bc8:	79616c65 	stmdbvc	r1!, {r0, r2, r5, r6, sl, fp, sp, lr}^
     bcc:	694c6465 	stmdbvs	ip, {r0, r2, r5, r6, sl, sp, lr}^
     bd0:	75007473 	strvc	r7, [r0, #-1139]	; 0xfffffb8d
     bd4:	646e4978 	strbtvs	r4, [lr], #-2424	; 0xfffff688
     bd8:	6f547865 	svcvs	0x00547865
     bdc:	74696157 	strbtvc	r6, [r9], #-343	; 0xfffffea9
     be0:	2e006e4f 	cdpcs	14, 0, cr6, cr0, cr15, {2}
     be4:	72462f2e 	subvc	r2, r6, #46, 30	; 0xb8
     be8:	54526565 	ldrbpl	r6, [r2], #-1381	; 0xfffffa9b
     bec:	4b2d534f 	blmi	b55930 <_etext+0xb5349c>
     bf0:	656e7265 	strbvs	r7, [lr, #-613]!	; 0xfffffd9b
     bf4:	696c2f6c 	stmdbvs	ip!, {r2, r3, r5, r6, r8, r9, sl, fp, sp}^
     bf8:	632e7473 			; <UNDEFINED> instruction: 0x632e7473
     bfc:	49787000 	ldmdbmi	r8!, {ip, sp, lr}^
     c00:	546d6574 	strbtpl	r6, [sp], #-1396	; 0xfffffa8c
            portTASK_SWITCH_HOOK( pxCurrentTCB );
     c04:	6d65526f 	sfmvs	f5, 2, [r5, #-444]!	; 0xfffffe44
    }
     c08:	0065766f 	rsbeq	r7, r5, pc, ror #12
     c0c:	73694c76 	cmnvc	r9, #30208	; 0x7600
     c10:	696e4974 	stmdbvs	lr!, {r2, r4, r5, r6, r8, fp, lr}^
     c14:	6c616974 			; <UNDEFINED> instruction: 0x6c616974
     c18:	49657369 	stmdbmi	r5!, {r0, r3, r5, r6, r8, r9, ip, sp, lr}^
     c1c:	006d6574 	rsbeq	r6, sp, r4, ror r5
     c20:	73694c76 	cmnvc	r9, #30208	; 0x7600
{
     c24:	736e4974 	cmnvc	lr, #116, 18	; 0x1d0000
     c28:	45747265 	ldrbmi	r7, [r4, #-613]!	; 0xfffffd9b
     c2c:	7600646e 	strvc	r6, [r0], -lr, ror #8
    vListInsert( pxEventList, &( pxCurrentTCB->xEventListItem ) );
     c30:	7473694c 	ldrbtvc	r6, [r3], #-2380	; 0xfffff6b4
     c34:	74696e49 	strbtvc	r6, [r9], #-3657	; 0xfffff1b7
     c38:	696c6169 	stmdbvs	ip!, {r0, r3, r5, r6, r8, sp, lr}^
    prvAddCurrentTaskToDelayedList( xTicksToWait, pdTRUE );
     c3c:	78006573 	stmdavc	r0, {r0, r1, r4, r5, r6, r8, sl, sp, lr}
     c40:	756c6156 	strbvc	r6, [ip, #-342]!	; 0xfffffeaa
}
     c44:	49664f65 	stmdbmi	r6!, {r0, r2, r5, r6, r8, r9, sl, fp, lr}^
     c48:	7265736e 	rsbvc	r7, r5, #-1207959551	; 0xb8000001
     c4c:	6e6f6974 			; <UNDEFINED> instruction: 0x6e6f6974
{
     c50:	49787000 	ldmdbmi	r8!, {ip, sp, lr}^
     c54:	006d6574 	rsbeq	r6, sp, r4, ror r5
     c58:	74497870 	strbvc	r7, [r9], #-2160	; 0xfffff790
    listSET_LIST_ITEM_VALUE( &( pxCurrentTCB->xEventListItem ), xItemValue | taskEVENT_LIST_ITEM_VALUE_IN_USE );
     c5c:	74617265 	strbtvc	r7, [r1], #-613	; 0xfffffd9b
     c60:	7500726f 	strvc	r7, [r0, #-623]	; 0xfffffd91
     c64:	73694c78 	cmnvc	r9, #120, 24	; 0x7800
    listINSERT_END( pxEventList, &( pxCurrentTCB->xEventListItem ) );
     c68:	6d655274 	sfmvs	f5, 2, [r5, #-464]!	; 0xfffffe30
     c6c:	0065766f 	rsbeq	r7, r5, pc, ror #12
     c70:	654e7870 	strbvs	r7, [lr, #-2160]	; 0xfffff790
     c74:	73694c77 	cmnvc	r9, #30464	; 0x7700
     c78:	65744974 	ldrbvs	r4, [r4, #-2420]!	; 0xfffff68c
     c7c:	4c76006d 	ldclmi	0, cr0, [r6], #-436	; 0xfffffe4c
     c80:	49747369 	ldmdbmi	r4!, {r0, r3, r5, r6, r8, r9, ip, sp, lr}^
     c84:	7265736e 	rsbvc	r7, r5, #-1207959551	; 0xb8000001
     c88:	78700074 	ldmdavc	r0!, {r2, r4, r5, r6}^
     c8c:	76657250 			; <UNDEFINED> instruction: 0x76657250
     c90:	73756f69 	cmnvc	r5, #420	; 0x1a4
     c94:	636f6c42 	cmnvs	pc, #16896	; 0x4200
     c98:	7870006b 	ldmdavc	r0!, {r0, r1, r3, r5, r6}^
     c9c:	70616548 	rsbvc	r6, r1, r8, asr #10
     ca0:	74617453 	strbtvc	r7, [r1], #-1107	; 0xfffffbad
     ca4:	4d780073 	ldclmi	0, cr0, [r8, #-460]!	; 0xfffffe34
     ca8:	6d696e69 	stclvs	14, cr6, [r9, #-420]!	; 0xfffffe5c
    prvAddCurrentTaskToDelayedList( xTicksToWait, pdTRUE );
     cac:	76456d75 			; <UNDEFINED> instruction: 0x76456d75
     cb0:	72467265 	subvc	r7, r6, #1342177286	; 0x50000006
}
     cb4:	79426565 	stmdbvc	r2, {r0, r2, r5, r6, r8, sl, sp, lr}^
     cb8:	52736574 	rsbspl	r6, r3, #116, 10	; 0x1d000000
     cbc:	69616d65 	stmdbvs	r1!, {r0, r2, r5, r6, r8, sl, fp, sp, lr}^
{
     cc0:	676e696e 	strbvs	r6, [lr, -lr, ror #18]!
     cc4:	61654800 	cmnvs	r5, r0, lsl #16
    pxUnblockedTCB = listGET_OWNER_OF_HEAD_ENTRY( pxEventList );
     cc8:	61745370 	cmnvs	r4, r0, ror r3
     ccc:	745f7374 	ldrbvc	r7, [pc], #-884	; cd4 <xTaskRemoveFromEventList+0x14>
    listREMOVE_ITEM( &( pxUnblockedTCB->xEventListItem ) );
     cd0:	4e787000 	cdpmi	0, 7, cr7, cr8, cr0, {0}
     cd4:	46747865 	ldrbtmi	r7, [r4], -r5, ror #16
     cd8:	42656572 	rsbmi	r6, r5, #478150656	; 0x1c800000
     cdc:	6b636f6c 	blvs	18dca94 <_etext+0x18da600>
     ce0:	42787000 	rsbsmi	r7, r8, #0
     ce4:	6b636f6c 	blvs	18dca9c <_etext+0x18da608>
     ce8:	694d7800 	stmdbvs	sp, {fp, ip, sp, lr}^
     cec:	7a69536e 	bvc	1a55aac <_etext+0x1a53618>
     cf0:	4e780065 	cdpmi	0, 7, cr0, cr8, cr5, {3}
     cf4:	65626d75 	strbvs	r6, [r2, #-3445]!	; 0xfffff28b
     cf8:	46664f72 	uqsub16mi	r4, r6, r2
     cfc:	42656572 	rsbmi	r6, r5, #478150656	; 0x1c800000
     d00:	6b636f6c 	blvs	18dcab8 <_etext+0x18da624>
     d04:	78700073 	ldmdavc	r0!, {r0, r1, r4, r5, r6}^
     d08:	00646e45 	rsbeq	r6, r4, r5, asr #28
     d0c:	49767270 	ldmdbmi	r6!, {r4, r5, r6, r9, ip, sp, lr}^
    if( uxSchedulerSuspended == ( UBaseType_t ) 0U )
     d10:	7265736e 	rsbvc	r7, r5, #-1207959551	; 0xb8000001
     d14:	6f6c4274 	svcvs	0x006c4274
        listREMOVE_ITEM( &( pxUnblockedTCB->xStateListItem ) );
     d18:	6e496b63 	vmlsvs.f64	d22, d9, d19
     d1c:	72466f74 	subvc	r6, r6, #116, 30	; 0x1d0
     d20:	694c6565 	stmdbvs	ip, {r0, r2, r5, r6, r8, sl, sp, lr}^
     d24:	78007473 	stmdavc	r0, {r0, r1, r4, r5, r6, sl, ip, sp, lr}
     d28:	74726f50 	ldrbtvc	r6, [r2], #-3920	; 0xfffff0b0
     d2c:	65736552 	ldrbvs	r6, [r3, #-1362]!	; 0xfffffaae
     d30:	61654874 	smcvs	21636	; 0x5484
     d34:	6e694d70 	mcrvs	13, 3, r4, cr9, cr0, {3}
     d38:	6d756d69 	ldclvs	13, cr6, [r5, #-420]!	; 0xfffffe5c
     d3c:	72657645 	rsbvc	r7, r5, #72351744	; 0x4500000
     d40:	65657246 	strbvs	r7, [r5, #-582]!	; 0xfffffdba
     d44:	70616548 	rsbvc	r6, r1, r8, asr #10
     d48:	657a6953 	ldrbvs	r6, [sl, #-2387]!	; 0xfffff6ad
     d4c:	425f4100 	subsmi	r4, pc, #0, 2
     d50:	4b434f4c 	blmi	10d4a88 <_etext+0x10d25f4>
        prvAddTaskToReadyList( pxUnblockedTCB );
     d54:	4e494c5f 	mcrmi	12, 2, r4, cr9, cr15, {2}
     d58:	7875004b 	ldmdavc	r5!, {r0, r1, r3, r6}^
     d5c:	72617453 	rsbvc	r7, r1, #1392508928	; 0x53000000
     d60:	64644174 	strbtvs	r4, [r4], #-372	; 0xfffffe8c
     d64:	73736572 	cmnvc	r3, #478150656	; 0x1c800000
     d68:	69537800 	ldmdbvs	r3, {fp, ip, sp, lr}^
     d6c:	664f657a 			; <UNDEFINED> instruction: 0x664f657a
     d70:	6c616d53 	stclvs	13, cr6, [r1], #-332	; 0xfffffeb4
     d74:	7473656c 	ldrbtvc	r6, [r3], #-1388	; 0xfffffa94
     d78:	65657246 	strbvs	r7, [r5, #-582]!	; 0xfffffdba
     d7c:	636f6c42 	cmnvs	pc, #16896	; 0x4200
     d80:	426e496b 	rsbmi	r4, lr, #1753088	; 0x1ac000
     d84:	73657479 	cmnvc	r5, #2030043136	; 0x79000000
     d88:	65487800 	strbvs	r7, [r8, #-2048]	; 0xfffff800
     d8c:	74537061 	ldrbvc	r7, [r3], #-97	; 0xffffff9f
     d90:	74637572 	strbtvc	r7, [r3], #-1394	; 0xfffffa8e
     d94:	657a6953 	ldrbvs	r6, [sl, #-2387]!	; 0xfffff6ad
     d98:	6c417800 	mcrrvs	8, 0, r7, r1, cr0
     d9c:	61636f6c 	cmnvs	r3, ip, ror #30
     da0:	42646574 	rsbmi	r6, r4, #116, 10	; 0x1d000000
     da4:	6b636f6c 	blvs	18dcb5c <_etext+0x18da6c8>
     da8:	657a6953 	ldrbvs	r6, [sl, #-2387]!	; 0xfffff6ad
     dac:	45787500 	ldrbmi	r7, [r8, #-1280]!	; 0xfffffb00
     db0:	6441646e 	strbvs	r6, [r1], #-1134	; 0xfffffb92
     db4:	73657264 	cmnvc	r5, #100, 4	; 0x40000006
     db8:	78700073 	ldmdavc	r0!, {r0, r1, r4, r5, r6}^
     dbc:	4277654e 	rsbsmi	r6, r7, #327155712	; 0x13800000
     dc0:	6b636f6c 	blvs	18dcb78 <_etext+0x18da6e4>
     dc4:	6b6e694c 	blvs	1b9b2fc <_etext+0x1b98e68>
     dc8:	6f507800 	svcvs	0x00507800
     dcc:	65477472 	strbvs	r7, [r7, #-1138]	; 0xfffffb8e
     dd0:	65724674 	ldrbvs	r4, [r2, #-1652]!	; 0xfffff98c
     dd4:	61654865 	cmnvs	r5, r5, ror #16
        listINSERT_END( &( xPendingReadyList ), &( pxUnblockedTCB->xEventListItem ) );
     dd8:	7a695370 	bvc	1a55ba0 <_etext+0x1a5370c>
     ddc:	41780065 	cmnmi	r8, r5, rrx
     de0:	74696464 	strbtvc	r6, [r9], #-1124	; 0xfffffb9c
     de4:	616e6f69 	cmnvs	lr, r9, ror #30
     de8:	7165526c 	cmnvc	r5, ip, ror #4
     dec:	65726975 	ldrbvs	r6, [r2, #-2421]!	; 0xfffff68b
     df0:	7a695364 	bvc	1a55b88 <_etext+0x1a536f4>
     df4:	76700065 	ldrbtvc	r0, [r0], -r5, rrx
     df8:	75746552 	ldrbvc	r6, [r4, #-1362]!	; 0xfffffaae
     dfc:	76006e72 			; <UNDEFINED> instruction: 0x76006e72
     e00:	74726f50 	ldrbtvc	r6, [r2], #-3920	; 0xfffff0b0
     e04:	70616548 	rsbvc	r6, r1, r8, asr #10
     e08:	65736552 	ldrbvs	r6, [r3, #-1362]!	; 0xfffffaae
     e0c:	61745374 	cmnvs	r4, r4, ror r3
        if( pxUnblockedTCB->uxPriority > pxCurrentTCB->uxPriority )
     e10:	78006574 	stmdavc	r0, {r2, r4, r5, r6, r8, sl, sp, lr}
     e14:	5378614d 	cmnpl	r8, #1073741843	; 0x40000013
     e18:	00657a69 	rsbeq	r7, r5, r9, ror #20
     e1c:	726f5078 	rsbvc	r5, pc, #120	; 0x78
            xReturn = pdTRUE;
     e20:	74654774 	strbtvc	r4, [r5], #-1908	; 0xfffff88c
            xYieldPendings[ 0 ] = pdTRUE;
     e24:	696e694d 	stmdbvs	lr!, {r0, r2, r3, r6, r8, fp, sp, lr}^
     e28:	456d756d 	strbmi	r7, [sp, #-1389]!	; 0xfffffa93
            xReturn = pdFALSE;
     e2c:	46726576 			; <UNDEFINED> instruction: 0x46726576
}
     e30:	48656572 	stmdami	r5!, {r1, r4, r5, r6, r8, sl, sp, lr}^
     e34:	53706165 	cmnpl	r0, #1073741849	; 0x40000019
     e38:	00657a69 	rsbeq	r7, r5, r9, ror #20
     e3c:	636f6c42 	cmnvs	pc, #16896	; 0x4200
     e40:	6e694c6b 	cdpvs	12, 6, cr4, cr9, cr11, {3}
     e44:	00745f6b 	rsbseq	r5, r4, fp, ror #30
     e48:	6d754e78 	ldclvs	14, cr4, [r5, #-480]!	; 0xfffffe20
     e4c:	4f726562 	svcmi	0x00726562
     e50:	63755366 	cmnvs	r5, #-1744830463	; 0x98000001
{
     e54:	73736563 	cmnvc	r3, #415236096	; 0x18c00000
     e58:	416c7566 	cmnmi	ip, r6, ror #10
     e5c:	636f6c6c 	cmnvs	pc, #108, 24	; 0x6c00
    listSET_LIST_ITEM_VALUE( pxEventListItem, xItemValue | taskEVENT_LIST_ITEM_VALUE_IN_USE );
     e60:	6f697461 	svcvs	0x00697461
     e64:	7800736e 	stmdavc	r0, {r1, r2, r3, r5, r6, r8, r9, ip, sp, lr}
    pxUnblockedTCB = listGET_LIST_ITEM_OWNER( pxEventListItem );
     e68:	69617641 	stmdbvs	r1!, {r0, r6, r9, sl, ip, sp, lr}^
     e6c:	6c62616c 	stfvse	f6, [r2], #-432	; 0xfffffe50
    listREMOVE_ITEM( pxEventListItem );
     e70:	61654865 	cmnvs	r5, r5, ror #16
     e74:	61705370 	cmnvs	r0, r0, ror r3
     e78:	6e496563 	cdpvs	5, 4, cr6, cr9, cr3, {3}
     e7c:	65747942 	ldrbvs	r7, [r4, #-2370]!	; 0xfffff6be
     e80:	76700073 			; <UNDEFINED> instruction: 0x76700073
     e84:	74726f50 	ldrbtvc	r6, [r2], #-3920	; 0xfffff0b0
     e88:	6c6c6143 	stfvse	f6, [ip], #-268	; 0xfffffef4
     e8c:	2e00636f 	cdpcs	3, 0, cr6, cr0, cr15, {3}
     e90:	72462f2e 	subvc	r2, r6, #46, 30	; 0xb8
     e94:	54526565 	ldrbpl	r6, [r2], #-1381	; 0xfffffa9b
     e98:	4b2d534f 	blmi	b55bdc <_etext+0xb53748>
     e9c:	656e7265 	strbvs	r7, [lr, #-613]!	; 0xfffffd9b
     ea0:	6f702f6c 	svcvs	0x00702f6c
     ea4:	62617472 	rsbvs	r7, r1, #1912602624	; 0x72000000
     ea8:	4d2f656c 	cfstr32mi	mvfx6, [pc, #-432]!	; d00 <xTaskRemoveFromEventList+0x40>
    listREMOVE_ITEM( &( pxUnblockedTCB->xStateListItem ) );
     eac:	614d6d65 	cmpvs	sp, r5, ror #26
     eb0:	682f676e 	stmdavs	pc!, {r1, r2, r3, r5, r6, r8, r9, sl, sp, lr}	; <UNPREDICTABLE>
     eb4:	5f706165 	svcpl	0x00706165
     eb8:	00632e34 	rsbeq	r2, r3, r4, lsr lr
     ebc:	65724678 	ldrbvs	r4, [r2, #-1656]!	; 0xfffff988
     ec0:	74794265 	ldrbtvc	r4, [r9], #-613	; 0xfffffd9b
     ec4:	65527365 	ldrbvs	r7, [r2, #-869]	; 0xfffffc9b
     ec8:	6e69616d 	powvsez	f6, f1, #5.0
     ecc:	00676e69 	rsbeq	r6, r7, r9, ror #28
     ed0:	7a695378 	bvc	1a55cb8 <_etext+0x1a53824>
     ed4:	4c664f65 	stclmi	15, cr4, [r6], #-404	; 0xfffffe6c
     ed8:	65677261 	strbvs	r7, [r7, #-609]!	; 0xfffffd9f
     edc:	72467473 	subvc	r7, r6, #1929379840	; 0x73000000
     ee0:	6c426565 	cfstr64vs	mvdx6, [r2], {101}	; 0x65
     ee4:	496b636f 	stmdbmi	fp!, {r0, r1, r2, r3, r5, r6, r8, r9, sp, lr}^
    prvAddTaskToReadyList( pxUnblockedTCB );
     ee8:	7479426e 	ldrbtvc	r4, [r9], #-622	; 0xfffffd92
     eec:	76007365 	strvc	r7, [r0], -r5, ror #6
     ef0:	74726f50 	ldrbtvc	r6, [r2], #-3920	; 0xfffff0b0
     ef4:	65657246 	strbvs	r7, [r5, #-582]!	; 0xfffffdba
     ef8:	76727000 	ldrbtvc	r7, [r2], -r0
     efc:	70616548 	rsbvc	r6, r1, r8, asr #10
     f00:	74696e49 	strbtvc	r6, [r9], #-3657	; 0xfffff1b7
     f04:	42787000 	rsbsmi	r7, r8, #0
     f08:	6b636f6c 	blvs	18dccc0 <_etext+0x18da82c>
     f0c:	6e496f54 	mcrvs	15, 2, r6, cr9, cr4, {2}
     f10:	74726573 	ldrbtvc	r6, [r2], #-1395	; 0xfffffa8d
     f14:	6f547800 	svcvs	0x00547800
     f18:	486c6174 	stmdami	ip!, {r2, r4, r5, r6, r8, sp, lr}^
     f1c:	53706165 	cmnpl	r0, #1073741849	; 0x40000019
     f20:	00657a69 	rsbeq	r7, r5, r9, ror #20
     f24:	6d754e78 	ldclvs	14, cr4, [r5, #-480]!	; 0xfffffe20
     f28:	4f726562 	svcmi	0x00726562
     f2c:	63755366 	cmnvs	r5, #-1744830463	; 0x98000001
     f30:	73736563 	cmnvc	r3, #415236096	; 0x18c00000
     f34:	466c7566 	strbtmi	r7, [ip], -r6, ror #10
     f38:	73656572 	cmnvc	r5, #478150656	; 0x1c800000
     f3c:	6c427800 	mcrrvs	8, 0, r7, r2, cr0
     f40:	536b636f 	cmnpl	fp, #-1140850687	; 0xbc000001
     f44:	00657a69 	rsbeq	r7, r5, r9, ror #20
     f48:	61745378 	cmnvs	r4, r8, ror r3
     f4c:	78007472 	stmdavc	r0, {r1, r4, r5, r6, sl, ip, sp, lr}
     f50:	636f6c42 	cmnvs	pc, #16896	; 0x4200
     f54:	7800736b 	stmdavc	r0, {r0, r1, r3, r5, r6, r8, r9, ip, sp, lr}
     f58:	006d754e 	rsbeq	r7, sp, lr, asr #10
     f5c:	69467870 	stmdbvs	r6, {r4, r5, r6, fp, ip, sp, lr}^
     f60:	46747372 			; <UNDEFINED> instruction: 0x46747372
     f64:	42656572 	rsbmi	r6, r5, #478150656	; 0x1c800000
     f68:	6b636f6c 	blvs	18dcd20 <_etext+0x18da88c>
        if( pxUnblockedTCB->uxPriority > pxCurrentTCB->uxPriority )
     f6c:	61577800 	cmpvs	r7, r0, lsl #16
     f70:	6465746e 	strbtvs	r7, [r5], #-1134	; 0xfffffb92
     f74:	657a6953 	ldrbvs	r6, [sl, #-2387]!	; 0xfffff6ad
            xYieldPendings[ 0 ] = pdTRUE;
     f78:	6f507600 	svcvs	0x00507600
     f7c:	6e497472 	mcrvs	4, 2, r7, cr9, cr2, {3}
}
     f80:	61697469 	cmnvs	r9, r9, ror #8
     f84:	6573696c 	ldrbvs	r6, [r3, #-2412]!	; 0xfffff694
     f88:	636f6c42 	cmnvs	pc, #16896	; 0x4200
     f8c:	7000736b 	andvc	r7, r0, fp, ror #6
     f90:	726f5076 	rsbvc	r5, pc, #118	; 0x76
     f94:	6c614d74 	stclvs	13, cr4, [r1], #-464	; 0xfffffe30
{
     f98:	00636f6c 	rsbeq	r6, r3, ip, ror #30
     f9c:	726f5076 	rsbvc	r5, pc, #118	; 0x76
    taskENTER_CRITICAL();
     fa0:	74654774 	strbtvc	r4, [r5], #-1908	; 0xfffff88c
        pxTimeOut->xOverflowCount = xNumOfOverflows;
     fa4:	70616548 	rsbvc	r6, r1, r8, asr #10
     fa8:	74617453 	strbtvc	r7, [r1], #-1107	; 0xfffffbad
        pxTimeOut->xTimeOnEntering = xTickCount;
     fac:	78700073 	ldmdavc	r0!, {r0, r1, r4, r5, r6}^
     fb0:	6b6e694c 	blvs	1b9b4e8 <_etext+0x1b99054>
    taskEXIT_CRITICAL();
     fb4:	48637500 	stmdami	r3!, {r8, sl, ip, sp, lr}^
}
     fb8:	00706165 	rsbseq	r6, r0, r5, ror #2
     fbc:	726f5076 	rsbvc	r5, pc, #118	; 0x76
     fc0:	746e4574 	strbtvc	r4, [lr], #-1396	; 0xfffffa8c
     fc4:	72437265 	subvc	r7, r3, #1342177286	; 0x50000006
{
     fc8:	63697469 	cmnvs	r9, #1761607680	; 0x69000000
     fcc:	70006c61 	andvc	r6, r0, r1, ror #24
    pxTimeOut->xOverflowCount = xNumOfOverflows;
     fd0:	646f4378 	strbtvs	r4, [pc], #-888	; fd8 <vTaskInternalSetTimeOutState+0x10>
     fd4:	50760065 	rsbspl	r0, r6, r5, rrx
    pxTimeOut->xTimeOnEntering = xTickCount;
     fd8:	4574726f 	ldrbmi	r7, [r4, #-623]!	; 0xfffffd91
     fdc:	6353646e 	cmpvs	r3, #1845493760	; 0x6e000000
}
     fe0:	75646568 	strbvc	r6, [r4, #-1384]!	; 0xfffffa98
     fe4:	0072656c 	rsbseq	r6, r2, ip, ror #10
     fe8:	726f5078 	rsbvc	r5, pc, #120	; 0x78
     fec:	6e655074 	mcrvs	0, 3, r5, cr5, cr4, {3}
     ff0:	48565364 	ldmdami	r6, {r2, r5, r6, r8, r9, ip, lr}^
{
     ff4:	6c646e61 	stclvs	14, cr6, [r4], #-388	; 0xfffffe7c
     ff8:	70007265 	andvc	r7, r0, r5, ror #4
     ffc:	61547672 	cmpvs	r4, r2, ror r6
    taskENTER_CRITICAL();
    1000:	78456b73 	stmdavc	r5, {r0, r1, r4, r5, r6, r8, r9, fp, sp, lr}^
        const TickType_t xConstTickCount = xTickCount;
    1004:	72457469 	subvc	r7, r5, #1761607680	; 0x69000000
        const TickType_t xElapsedTime = xConstTickCount - pxTimeOut->xTimeOnEntering;
    1008:	00726f72 	rsbseq	r6, r2, r2, ror pc
    100c:	75446c75 	strbvc	r6, [r4, #-3189]	; 0xfffff38b
    1010:	00796d6d 	rsbseq	r6, r9, sp, ror #26
        if( ( xNumOfOverflows != pxTimeOut->xOverflowCount ) && ( xConstTickCount >= pxTimeOut->xTimeOnEntering ) )
    1014:	6f507870 	svcvs	0x00507870
    1018:	6e497472 	mcrvs	4, 2, r7, cr9, cr2, {3}
    101c:	61697469 	cmnvs	r9, r9, ror #8
    1020:	6573696c 	ldrbvs	r6, [r3, #-2412]!	; 0xfffff694
    1024:	63617453 	cmnvs	r1, #1392508928	; 0x53000000
            xReturn = pdTRUE;
    1028:	5078006b 	rsbspl	r0, r8, fp, rrx
            *pxTicksToWait = ( TickType_t ) 0;
    102c:	5374726f 	cmnpl	r4, #-268435450	; 0xf0000006
    1030:	69547379 	ldmdbvs	r4, {r0, r3, r4, r5, r6, r8, r9, ip, sp, lr}^
        else if( xElapsedTime < *pxTicksToWait )
    1034:	61486b63 	cmpvs	r8, r3, ror #22
    1038:	656c646e 	strbvs	r6, [ip, #-1134]!	; 0xfffffb92
    103c:	78750072 	ldmdavc	r5!, {r1, r4, r5, r6}^
            *pxTicksToWait -= xElapsedTime;
    1040:	74697243 	strbtvc	r7, [r9], #-579	; 0xfffffdbd
    1044:	6c616369 	stclvs	3, cr6, [r1], #-420	; 0xfffffe5c
    1048:	7473654e 	ldrbtvc	r6, [r3], #-1358	; 0xfffffab2
            vTaskInternalSetTimeOutState( pxTimeOut );
    104c:	00676e69 	rsbeq	r6, r7, r9, ror #28
            xReturn = pdFALSE;
    1050:	726f5076 	rsbvc	r5, pc, #118	; 0x76
    1054:	74655374 	strbtvc	r5, [r5], #-884	; 0xfffffc8c
            *pxTicksToWait = ( TickType_t ) 0;
    1058:	69547075 	ldmdbvs	r4, {r0, r2, r4, r5, r6, ip, sp, lr}^
            xReturn = pdTRUE;
    105c:	4972656d 	ldmdbmi	r2!, {r0, r2, r3, r5, r6, r8, sl, sp, lr}^
    taskEXIT_CRITICAL();
    1060:	7265746e 	rsbvc	r7, r5, #1845493760	; 0x6e000000
    return xReturn;
    1064:	74707572 	ldrbtvc	r7, [r0], #-1394	; 0xfffffa8e
}
    1068:	2f2e2e00 	svccs	0x002e2e00
    106c:	65657246 	strbvs	r7, [r5, #-582]!	; 0xfffffdba
    1070:	534f5452 	movtpl	r5, #62546	; 0xf452
    1074:	72654b2d 	rsbvc	r4, r5, #46080	; 0xb400
{
    1078:	2f6c656e 	svccs	0x006c656e
    xYieldPendings[ portGET_CORE_ID() ] = pdTRUE;
    107c:	74726f70 	ldrbtvc	r6, [r2], #-3952	; 0xfffff090
    1080:	656c6261 	strbvs	r6, [ip, #-609]!	; 0xfffffd9f
}
    1084:	4343472f 	movtmi	r4, #14127	; 0x372f
    1088:	4d52412f 	ldfmie	f4, [r2, #-188]	; 0xffffff44
    108c:	334d435f 	movtcc	r4, #54111	; 0xd35f
{
    1090:	726f702f 	rsbvc	r7, pc, #47	; 0x2f
    1094:	00632e74 	rsbeq	r2, r3, r4, ror lr
        prvCheckTasksWaitingTermination();
    1098:	65567870 	ldrbvs	r7, [r6, #-2160]	; 0xfffff790
            if( listCURRENT_LIST_LENGTH( &( pxReadyTasksLists[ tskIDLE_PRIORITY ] ) ) > ( UBaseType_t ) configNUMBER_OF_CORES )
    109c:	726f7463 	rsbvc	r7, pc, #1660944384	; 0x63000000
    10a0:	6c626154 	stfvse	f6, [r2], #-336	; 0xfffffeb0
                taskYIELD();
    10a4:	6f700065 	svcvs	0x00700065
    10a8:	53497472 	movtpl	r7, #38002	; 0x9472
    10ac:	00745f52 	rsbseq	r5, r4, r2, asr pc
    10b0:	726f5076 	rsbvc	r5, pc, #118	; 0x76
        prvCheckTasksWaitingTermination();
    10b4:	43565374 	cmpmi	r6, #116, 6	; 0xd0000001
    10b8:	646e6148 	strbtvs	r6, [lr], #-328	; 0xfffffeb8
    10bc:	0072656c 	rsbseq	r6, r2, ip, ror #10
{
    10c0:	726f5076 	rsbvc	r5, pc, #118	; 0x76
    10c4:	69784574 	ldmdbvs	r8!, {r2, r4, r5, r6, r8, sl, lr}^
    for( uxPriority = ( UBaseType_t ) 0U; uxPriority < ( UBaseType_t ) configMAX_PRIORITIES; uxPriority++ )
    10c8:	69724374 	ldmdbvs	r2!, {r2, r4, r5, r6, r8, r9, lr}^
        vListInitialise( &( pxReadyTasksLists[ uxPriority ] ) );
    10cc:	61636974 	smcvs	13972	; 0x3694
    10d0:	7270006c 	rsbsvc	r0, r0, #108	; 0x6c
    10d4:	726f5076 	rsbvc	r5, pc, #118	; 0x76
    10d8:	61745374 	cmnvs	r4, r4, ror r3
    10dc:	69467472 	stmdbvs	r6, {r1, r4, r5, r6, sl, ip, sp, lr}^
    for( uxPriority = ( UBaseType_t ) 0U; uxPriority < ( UBaseType_t ) configMAX_PRIORITIES; uxPriority++ )
    10e0:	54747372 	ldrbtpl	r7, [r4], #-882	; 0xfffffc8e
    10e4:	006b7361 	rsbeq	r7, fp, r1, ror #6
    10e8:	726f5078 	rsbvc	r5, pc, #120	; 0x78
    vListInitialise( &xDelayedTaskList1 );
    10ec:	61745374 	cmnvs	r4, r4, ror r3
    10f0:	63537472 	cmpvs	r3, #1912602624	; 0x72000000
    vListInitialise( &xDelayedTaskList2 );
    10f4:	75646568 	strbvc	r6, [r4, #-1384]!	; 0xfffffa98
    vListInitialise( &xPendingReadyList );
    10f8:	0072656c 	rsbseq	r6, r2, ip, ror #10

Disassembly of section .debug_frame:

00000000 <.debug_frame>:
   0:	0000000c 	andeq	r0, r0, ip
   4:	ffffffff 			; <UNDEFINED> instruction: 0xffffffff
   8:	7c020001 	stcvc	0, cr0, [r2], {1}
   c:	000d0c0e 	andeq	r0, sp, lr, lsl #24
  10:	00000018 	andeq	r0, r0, r8, lsl r0
  14:	00000000 	andeq	r0, r0, r0
  18:	000001d8 	ldrdeq	r0, [r0], -r8
  1c:	00000014 	andeq	r0, r0, r4, lsl r0
  20:	87040e41 	strhi	r0, [r4, -r1, asr #28]
  24:	180e4101 	stmdane	lr, {r0, r8, lr}
  28:	00070d41 	andeq	r0, r7, r1, asr #26
  2c:	00000018 	andeq	r0, r0, r8, lsl r0
  30:	00000000 	andeq	r0, r0, r0
  34:	000001ec 	andeq	r0, r0, ip, ror #3
  38:	00000014 	andeq	r0, r0, r4, lsl r0
  3c:	87040e41 	strhi	r0, [r4, -r1, asr #28]
  40:	180e4101 	stmdane	lr, {r0, r8, lr}
  44:	00070d41 	andeq	r0, r7, r1, asr #26
  48:	00000020 	andeq	r0, r0, r0, lsr #32
  4c:	00000000 	andeq	r0, r0, r0
  50:	00000200 	andeq	r0, r0, r0, lsl #4
  54:	000000a0 	andeq	r0, r0, r0, lsr #1
  58:	87080e41 	strhi	r0, [r8, -r1, asr #28]
  5c:	41018e02 	tstmi	r1, r2, lsl #28
  60:	0c41200e 	mcrreq	0, 0, r2, r1, cr14
  64:	0e791807 	cdpeq	8, 7, cr1, cr9, cr7, {0}
  68:	0d0d4108 	stfeqs	f4, [sp, #-32]	; 0xffffffe0
  6c:	0000000c 	andeq	r0, r0, ip
  70:	ffffffff 			; <UNDEFINED> instruction: 0xffffffff
  74:	7c020001 	stcvc	0, cr0, [r2], {1}
  78:	000d0c0e 	andeq	r0, sp, lr, lsl #24
  7c:	00000024 	andeq	r0, r0, r4, lsr #32
  80:	0000006c 	andeq	r0, r0, ip, rrx
  84:	000002a0 	andeq	r0, r0, r0, lsr #5
  88:	0000003e 	andeq	r0, r0, lr, lsr r0
  8c:	87040e41 	strhi	r0, [r4, -r1, asr #28]
  90:	200e4101 	andcs	r4, lr, r1, lsl #2
  94:	59070d41 	stmdbpl	r7, {r0, r6, r8, sl, fp}
  98:	0d41040e 	cfstrdeq	mvd0, [r1, #-56]	; 0xffffffc8
  9c:	0ec7410d 	poleqs	f4, f7, #5.0
  a0:	00000000 	andeq	r0, r0, r0
  a4:	0000000c 	andeq	r0, r0, ip
  a8:	ffffffff 			; <UNDEFINED> instruction: 0xffffffff
  ac:	7c020001 	stcvc	0, cr0, [r2], {1}
  b0:	000d0c0e 	andeq	r0, sp, lr, lsl #24
  b4:	00000020 	andeq	r0, r0, r0, lsr #32
  b8:	000000a4 	andeq	r0, r0, r4, lsr #1
  bc:	000002e0 	andeq	r0, r0, r0, ror #5
  c0:	00000078 	andeq	r0, r0, r8, ror r0
  c4:	87080e41 	strhi	r0, [r8, -r1, asr #28]
  c8:	41018e02 	tstmi	r1, r2, lsl #28
  cc:	0c41300e 	mcrreq	0, 0, r3, r1, cr14
  d0:	0e772007 	cdpeq	0, 7, cr2, cr7, cr7, {0}
  d4:	0d0d4108 	stfeqs	f4, [sp, #-32]	; 0xffffffe0
  d8:	00000020 	andeq	r0, r0, r0, lsr #32
  dc:	000000a4 	andeq	r0, r0, r4, lsr #1
  e0:	00000358 	andeq	r0, r0, r8, asr r3
  e4:	00000046 	andeq	r0, r0, r6, asr #32
  e8:	87080e41 	strhi	r0, [r8, -r1, asr #28]
  ec:	41018e02 	tstmi	r1, r2, lsl #28
  f0:	0c41280e 	mcrreq	8, 0, r2, r1, cr14
  f4:	0e5e2007 	cdpeq	0, 5, cr2, cr14, cr7, {0}
  f8:	0d0d4108 	stfeqs	f4, [sp, #-32]	; 0xffffffe0
  fc:	00000020 	andeq	r0, r0, r0, lsr #32
 100:	000000a4 	andeq	r0, r0, r4, lsr #1
 104:	0000039e 	muleq	r0, lr, r3
 108:	000000ca 	andeq	r0, r0, sl, asr #1
 10c:	87080e41 	strhi	r0, [r8, -r1, asr #28]
 110:	41018e02 	tstmi	r1, r2, lsl #28
 114:	0d41200e 	stcleq	0, cr2, [r1, #-56]	; 0xffffffc8
 118:	0e600207 	cdpeq	2, 6, cr0, cr0, cr7, {0}
 11c:	0d0d4108 	stfeqs	f4, [sp, #-32]	; 0xffffffe0
 120:	00000020 	andeq	r0, r0, r0, lsr #32
 124:	000000a4 	andeq	r0, r0, r4, lsr #1
 128:	00000468 	andeq	r0, r0, r8, ror #8
 12c:	00000128 	andeq	r0, r0, r8, lsr #2
 130:	87080e41 	strhi	r0, [r8, -r1, asr #28]
 134:	41018e02 	tstmi	r1, r2, lsl #28
 138:	0d41180e 	stcleq	8, cr1, [r1, #-56]	; 0xffffffc8
 13c:	0e810207 	cdpeq	2, 8, cr0, cr1, cr7, {0}
 140:	0d0d4108 	stfeqs	f4, [sp, #-32]	; 0xffffffe0
 144:	00000024 	andeq	r0, r0, r4, lsr #32
 148:	000000a4 	andeq	r0, r0, r4, lsr #1
 14c:	00000590 	muleq	r0, r0, r5
 150:	000000b0 	strheq	r0, [r0], -r0	; <UNPREDICTABLE>
 154:	87080e41 	strhi	r0, [r8, -r1, asr #28]
 158:	41018e02 	tstmi	r1, r2, lsl #28
 15c:	0c41300e 	mcrreq	0, 0, r3, r1, cr14
 160:	4c022807 	stcmi	8, cr2, [r2], {7}
 164:	0d41080e 	stcleq	8, cr0, [r1, #-56]	; 0xffffffc8
 168:	0000000d 	andeq	r0, r0, sp
 16c:	00000020 	andeq	r0, r0, r0, lsr #32
 170:	000000a4 	andeq	r0, r0, r4, lsr #1
 174:	00000640 	andeq	r0, r0, r0, asr #12
 178:	0000005c 	andeq	r0, r0, ip, asr r0
 17c:	87080e41 	strhi	r0, [r8, -r1, asr #28]
 180:	41018e02 	tstmi	r1, r2, lsl #28
 184:	0d41100e 	stcleq	0, cr1, [r1, #-56]	; 0xffffffc8
 188:	080e6007 	stmdaeq	lr, {r0, r1, r2, sp, lr}
 18c:	000d0d41 	andeq	r0, sp, r1, asr #26
 190:	00000020 	andeq	r0, r0, r0, lsr #32
 194:	000000a4 	andeq	r0, r0, r4, lsr #1
 198:	0000069c 	muleq	r0, ip, r6
 19c:	00000030 	andeq	r0, r0, r0, lsr r0
 1a0:	87080e41 	strhi	r0, [r8, -r1, asr #28]
 1a4:	41018e02 	tstmi	r1, r2, lsl #28
 1a8:	0d41100e 	stcleq	0, cr1, [r1, #-56]	; 0xffffffc8
 1ac:	080e5107 	stmdaeq	lr, {r0, r1, r2, r8, ip, lr}
 1b0:	000d0d41 	andeq	r0, sp, r1, asr #26
 1b4:	0000001c 	andeq	r0, r0, ip, lsl r0
 1b8:	000000a4 	andeq	r0, r0, r4, lsr #1
 1bc:	000006cc 	andeq	r0, r0, ip, asr #13
 1c0:	0000001c 	andeq	r0, r0, ip, lsl r0
 1c4:	87040e41 	strhi	r0, [r4, -r1, asr #28]
 1c8:	070d4101 	streq	r4, [sp, -r1, lsl #2]
 1cc:	410d0d47 	tstmi	sp, r7, asr #26
    b start
 1d0:	00000ec7 	andeq	r0, r0, r7, asr #29
     b .
 1d4:	00000020 	andeq	r0, r0, r0, lsr #32
static void vTask1(void *pvParameters) {
 1d8:	000000a4 	andeq	r0, r0, r4, lsr #1
 1dc:	000006e8 	andeq	r0, r0, r8, ror #13
    volatile int a = 0;
 1e0:	000001f0 	strdeq	r0, [r0], -r0	; <UNPREDICTABLE>
        a++;
 1e4:	87080e41 	strhi	r0, [r8, -r1, asr #28]
 1e8:	41018e02 	tstmi	r1, r2, lsl #28
static void vTask2(void *pvParameters) {
 1ec:	0d41280e 	stcleq	8, cr2, [r1, #-56]	; 0xffffffc8
 1f0:	0ee10207 	cdpeq	2, 14, cr0, cr1, cr7, {0}
    volatile int b = 0;
 1f4:	0d0d4108 	stfeqs	f4, [sp, #-32]	; 0xffffffe0
        b++;
 1f8:	00000024 	andeq	r0, r0, r4, lsr #32
 1fc:	000000a4 	andeq	r0, r0, r4, lsr #1
{
 200:	000008d8 	ldrdeq	r0, [r0], -r8
 204:	0000001c 	andeq	r0, r0, ip, lsl r0
    uint32_t *src =&_sidata; //source (flash)
 208:	87040e41 	strhi	r0, [r4, -r1, asr #28]
    uint32_t *dst =&_sdata; //desatination flash (RAM)
 20c:	100e4101 	andne	r4, lr, r1, lsl #2
        *dst++ = *src++; //copy word and incremtn ptr
 210:	46070d41 	strmi	r0, [r7], -r1, asr #26
 214:	0d41040e 	cfstrdeq	mvd0, [r1, #-56]	; 0xffffffc8
 218:	0ec7410d 	poleqs	f4, f7, #5.0
 21c:	00000000 	andeq	r0, r0, r0
    while(dst < &_edata){
 220:	00000024 	andeq	r0, r0, r4, lsr #32
 224:	000000a4 	andeq	r0, r0, r4, lsr #1
    dst= &_sbss;
 228:	000008f4 	strdeq	r0, [r0], -r4
    while(dst < &_ebss){
 22c:	00000020 	andeq	r0, r0, r0, lsr #32
        *dst++ = 0;// zero word and increment ptr
 230:	87040e41 	strhi	r0, [r4, -r1, asr #28]
 234:	100e4101 	andne	r4, lr, r1, lsl #2
    while(dst < &_ebss){
 238:	48070d41 	stmdami	r7, {r0, r6, r8, sl, fp}
 23c:	0d41040e 	cfstrdeq	mvd0, [r1, #-56]	; 0xffffffc8
    xReturn = xTaskCreate(vTask1, "T1", configMINIMAL_STACK_SIZE, NULL, 1, NULL);
 240:	0ec7410d 	poleqs	f4, f7, #5.0
 244:	00000000 	andeq	r0, r0, r0
 248:	0000001c 	andeq	r0, r0, ip, lsl r0
 24c:	000000a4 	andeq	r0, r0, r4, lsr #1
 250:	00000914 	andeq	r0, r0, r4, lsl r9
 254:	00000014 	andeq	r0, r0, r4, lsl r0
    xReturn = xTaskCreate(vTask2, "T2", configMINIMAL_STACK_SIZE, NULL, 1, NULL);
 258:	87040e41 	strhi	r0, [r4, -r1, asr #28]
 25c:	070d4101 	streq	r4, [sp, -r1, lsl #2]
 260:	410d0d44 	tstmi	sp, r4, asr #26
 264:	00000ec7 	andeq	r0, r0, r7, asr #29
 268:	00000024 	andeq	r0, r0, r4, lsr #32
 26c:	000000a4 	andeq	r0, r0, r4, lsr #1
    vTaskStartScheduler();
 270:	00000928 	andeq	r0, r0, r8, lsr #18
    return;
 274:	0000002c 	andeq	r0, r0, ip, lsr #32
 278:	87040e41 	strhi	r0, [r4, -r1, asr #28]
 27c:	180e4101 	stmdane	lr, {r0, r8, lr}
 280:	4d070d41 	stcmi	13, cr0, [r7, #-260]	; 0xfffffefc
 284:	0d41040e 	cfstrdeq	mvd0, [r1, #-56]	; 0xffffffc8
 288:	0ec7410d 	poleqs	f4, f7, #5.0
 28c:	00000000 	andeq	r0, r0, r0
 290:	00000020 	andeq	r0, r0, r0, lsr #32
 294:	000000a4 	andeq	r0, r0, r4, lsr #1
 298:	00000954 	andeq	r0, r0, r4, asr r9
 29c:	00000034 	andeq	r0, r0, r4, lsr r0
{
 2a0:	87080e41 	strhi	r0, [r8, -r1, asr #28]
 2a4:	41018e02 	tstmi	r1, r2, lsl #28
 2a8:	0d41180e 	stcleq	8, cr1, [r1, #-56]	; 0xffffffc8
    unsigned char *ptr = (unsigned char *)dst;
 2ac:	080e5307 	stmdaeq	lr, {r0, r1, r2, r8, r9, ip, lr}
    unsigned char val = (unsigned char)value;
 2b0:	000d0d41 	andeq	r0, sp, r1, asr #26
    while (size >0)
 2b4:	00000020 	andeq	r0, r0, r0, lsr #32
        *ptr++ = val;
 2b8:	000000a4 	andeq	r0, r0, r4, lsr #1
 2bc:	00000988 	andeq	r0, r0, r8, lsl #19
        ptr++;
 2c0:	00000210 	andeq	r0, r0, r0, lsl r2
 2c4:	87080e41 	strhi	r0, [r8, -r1, asr #28]
        size--;
 2c8:	41018e02 	tstmi	r1, r2, lsl #28
    while (size >0)
 2cc:	0d41280e 	stcleq	8, cr2, [r1, #-56]	; 0xffffffc8
 2d0:	0eed0207 	cdpeq	2, 14, cr0, cr13, cr7, {0}
 2d4:	0d0d4108 	stfeqs	f4, [sp, #-32]	; 0xffffffe0
 2d8:	00000024 	andeq	r0, r0, r4, lsr #32
 2dc:	000000a4 	andeq	r0, r0, r4, lsr #1
    {
 2e0:	00000b98 	muleq	r0, r8, fp
 2e4:	0000008c 	andeq	r0, r0, ip, lsl #1
 2e8:	87040e41 	strhi	r0, [r4, -r1, asr #28]
 2ec:	180e4101 	stmdane	lr, {r0, r8, lr}
            pxStack = ( StackType_t * ) pvPortMallocStack( ( ( ( size_t ) uxStackDepth ) * sizeof( StackType_t ) ) );
 2f0:	76070d41 	strvc	r0, [r7], -r1, asr #26
 2f4:	0d41040e 	cfstrdeq	mvd0, [r1, #-56]	; 0xffffffc8
 2f8:	0ec7410d 	poleqs	f4, f7, #5.0
            if( pxStack != NULL )
 2fc:	00000000 	andeq	r0, r0, r0
                pxNewTCB = ( TCB_t * ) pvPortMalloc( sizeof( TCB_t ) );
 300:	00000020 	andeq	r0, r0, r0, lsr #32
 304:	000000a4 	andeq	r0, r0, r4, lsr #1
                if( pxNewTCB != NULL )
 308:	00000c24 	andeq	r0, r0, r4, lsr #24
 30c:	0000002c 	andeq	r0, r0, ip, lsr #32
                    ( void ) memset( ( void * ) pxNewTCB, 0x00, sizeof( TCB_t ) );
 310:	87080e41 	strhi	r0, [r8, -r1, asr #28]
 314:	41018e02 	tstmi	r1, r2, lsl #28
                    pxNewTCB->pxStack = pxStack;
 318:	0d41100e 	stcleq	0, cr1, [r1, #-56]	; 0xffffffc8
 31c:	080e4f07 	stmdaeq	lr, {r0, r1, r2, r8, r9, sl, fp, lr}
                    vPortFreeStack( pxStack );
 320:	000d0d41 	andeq	r0, sp, r1, asr #26
 324:	00000020 	andeq	r0, r0, r0, lsr #32
                pxNewTCB = NULL;
 328:	000000a4 	andeq	r0, r0, r4, lsr #1
        if( pxNewTCB != NULL )
 32c:	00000c50 	andeq	r0, r0, r0, asr ip
 330:	00000070 	andeq	r0, r0, r0, ror r0
            prvInitialiseNewTask( pxTaskCode, pcName, uxStackDepth, pvParameters, uxPriority, pxCreatedTask, pxNewTCB, NULL );
 334:	87080e41 	strhi	r0, [r8, -r1, asr #28]
 338:	41018e02 	tstmi	r1, r2, lsl #28
 33c:	0d41200e 	stcleq	0, cr2, [r1, #-56]	; 0xffffffc8
 340:	080e7007 	stmdaeq	lr, {r0, r1, r2, ip, sp, lr}
 344:	000d0d41 	andeq	r0, sp, r1, asr #26
 348:	00000024 	andeq	r0, r0, r4, lsr #32
 34c:	000000a4 	andeq	r0, r0, r4, lsr #1
    }
 350:	00000cc0 	andeq	r0, r0, r0, asr #25
 354:	00000194 	muleq	r0, r4, r1
    {
 358:	87040e41 	strhi	r0, [r4, -r1, asr #28]
 35c:	280e4101 	stmdacs	lr, {r0, r8, lr}
 360:	02070d41 	andeq	r0, r7, #4160	; 0x1040
 364:	41040eb7 			; <UNDEFINED> instruction: 0x41040eb7
        pxNewTCB = prvCreateTask( pxTaskCode, pcName, uxStackDepth, pvParameters, uxPriority, pxCreatedTask );
 368:	c7410d0d 	strbgt	r0, [r1, -sp, lsl #26]
 36c:	0000000e 	andeq	r0, r0, lr
 370:	00000024 	andeq	r0, r0, r4, lsr #32
 374:	000000a4 	andeq	r0, r0, r4, lsr #1
 378:	00000e54 	andeq	r0, r0, r4, asr lr
        if( pxNewTCB != NULL )
 37c:	00000144 	andeq	r0, r0, r4, asr #2
 380:	87040e41 	strhi	r0, [r4, -r1, asr #28]
            prvAddNewTaskToReadyList( pxNewTCB );
 384:	200e4101 	andcs	r4, lr, r1, lsl #2
            xReturn = pdPASS;
 388:	02070d41 	andeq	r0, r7, #4160	; 0x1040
 38c:	41040e94 			; <UNDEFINED> instruction: 0x41040e94
            xReturn = errCOULD_NOT_ALLOCATE_REQUIRED_MEMORY;
 390:	c7410d0d 	strbgt	r0, [r1, -sp, lsl #26]
        return xReturn;
 394:	0000000e 	andeq	r0, r0, lr
    }
 398:	00000020 	andeq	r0, r0, r0, lsr #32
 39c:	000000a4 	andeq	r0, r0, r4, lsr #1
{
 3a0:	00000f98 	muleq	r0, r8, pc	; <UNPREDICTABLE>
 3a4:	00000030 	andeq	r0, r0, r0, lsr r0
 3a8:	87080e41 	strhi	r0, [r8, -r1, asr #28]
        pxTopOfStack = &( pxNewTCB->pxStack[ uxStackDepth - ( configSTACK_DEPTH_TYPE ) 1 ] );
 3ac:	41018e02 	tstmi	r1, r2, lsl #28
 3b0:	0d41100e 	stcleq	0, cr1, [r1, #-56]	; 0xffffffc8
 3b4:	080e4f07 	stmdaeq	lr, {r0, r1, r2, r8, r9, sl, fp, lr}
 3b8:	000d0d41 	andeq	r0, sp, r1, asr #26
 3bc:	00000024 	andeq	r0, r0, r4, lsr #32
        pxTopOfStack = ( StackType_t * ) ( ( ( portPOINTER_SIZE_TYPE ) pxTopOfStack ) & ( ~( ( portPOINTER_SIZE_TYPE ) portBYTE_ALIGNMENT_MASK ) ) );
 3c0:	000000a4 	andeq	r0, r0, r4, lsr #1
 3c4:	00000fc8 	andeq	r0, r0, r8, asr #31
    if( pcName != NULL )
 3c8:	0000002c 	andeq	r0, r0, ip, lsr #32
        for( x = ( UBaseType_t ) 0; x < ( UBaseType_t ) configMAX_TASK_NAME_LEN; x++ )
 3cc:	87040e41 	strhi	r0, [r4, -r1, asr #28]
 3d0:	100e4101 	andne	r4, lr, r1, lsl #2
            pxNewTCB->pcTaskName[ x ] = pcName[ x ];
 3d4:	4b070d41 	blmi	1c38e0 <_etext+0x1c144c>
 3d8:	0d41040e 	cfstrdeq	mvd0, [r1, #-56]	; 0xffffffc8
 3dc:	0ec7410d 	poleqs	f4, f7, #5.0
 3e0:	00000000 	andeq	r0, r0, r0
 3e4:	00000020 	andeq	r0, r0, r0, lsr #32
            if( pcName[ x ] == ( char ) 0x00 )
 3e8:	000000a4 	andeq	r0, r0, r4, lsr #1
 3ec:	00000ff4 	strdeq	r0, [r0], -r4
 3f0:	00000084 	andeq	r0, r0, r4, lsl #1
        for( x = ( UBaseType_t ) 0; x < ( UBaseType_t ) configMAX_TASK_NAME_LEN; x++ )
 3f4:	87080e41 	strhi	r0, [r8, -r1, asr #28]
 3f8:	41018e02 	tstmi	r1, r2, lsl #28
 3fc:	0d41200e 	stcleq	0, cr2, [r1, #-56]	; 0xffffffc8
                break;
 400:	080e7807 	stmdaeq	lr, {r0, r1, r2, fp, ip, sp, lr}
        pxNewTCB->pcTaskName[ configMAX_TASK_NAME_LEN - 1U ] = '\0';
 404:	000d0d41 	andeq	r0, sp, r1, asr #26
 408:	0000001c 	andeq	r0, r0, ip, lsl r0
    if( uxPriority >= ( UBaseType_t ) configMAX_PRIORITIES )
 40c:	000000a4 	andeq	r0, r0, r4, lsr #1
        uxPriority = ( UBaseType_t ) configMAX_PRIORITIES - ( UBaseType_t ) 1U;
 410:	00001078 	andeq	r1, r0, r8, ror r0
    pxNewTCB->uxPriority = uxPriority;
 414:	00000018 	andeq	r0, r0, r8, lsl r0
 418:	87040e41 	strhi	r0, [r4, -r1, asr #28]
    vListInitialiseItem( &( pxNewTCB->xStateListItem ) );
 41c:	070d4101 	streq	r4, [sp, -r1, lsl #2]
 420:	410d0d45 	tstmi	sp, r5, asr #26
    vListInitialiseItem( &( pxNewTCB->xEventListItem ) );
 424:	00000ec7 	andeq	r0, r0, r7, asr #29
 428:	0000001c 	andeq	r0, r0, ip, lsl r0
 42c:	000000a4 	andeq	r0, r0, r4, lsr #1
    listSET_LIST_ITEM_OWNER( &( pxNewTCB->xStateListItem ), pxNewTCB );
 430:	00001090 	muleq	r0, r0, r0
    listSET_LIST_ITEM_VALUE( &( pxNewTCB->xEventListItem ), ( TickType_t ) configMAX_PRIORITIES - ( TickType_t ) uxPriority );
 434:	00000030 	andeq	r0, r0, r0, lsr r0
 438:	87080e41 	strhi	r0, [r8, -r1, asr #28]
 43c:	41018e02 	tstmi	r1, r2, lsl #28
    listSET_LIST_ITEM_OWNER( &( pxNewTCB->xEventListItem ), pxNewTCB );
 440:	0d41100e 	stcleq	0, cr1, [r1, #-56]	; 0xffffffc8
            pxNewTCB->pxTopOfStack = pxPortInitialiseStack( pxTopOfStack, pxTaskCode, pvParameters );
 444:	00000007 	andeq	r0, r0, r7
 448:	00000020 	andeq	r0, r0, r0, lsr #32
 44c:	000000a4 	andeq	r0, r0, r4, lsr #1
 450:	000010c0 	andeq	r1, r0, r0, asr #1
    if( pxCreatedTask != NULL )
 454:	0000006c 	andeq	r0, r0, ip, rrx
 458:	87080e41 	strhi	r0, [r8, -r1, asr #28]
        *pxCreatedTask = ( TaskHandle_t ) pxNewTCB;
 45c:	41018e02 	tstmi	r1, r2, lsl #28
}
 460:	0d41100e 	stcleq	0, cr1, [r1, #-56]	; 0xffffffc8
 464:	080e6407 	stmdaeq	lr, {r0, r1, r2, sl, sp, lr}
    {
 468:	000d0d41 	andeq	r0, sp, r1, asr #26
 46c:	0000001c 	andeq	r0, r0, ip, lsl r0
        taskENTER_CRITICAL();
 470:	000000a4 	andeq	r0, r0, r4, lsr #1
            uxCurrentNumberOfTasks = ( UBaseType_t ) ( uxCurrentNumberOfTasks + 1U );
 474:	0000112c 	andeq	r1, r0, ip, lsr #2
 478:	0000000c 	andeq	r0, r0, ip
 47c:	87040e41 	strhi	r0, [r4, -r1, asr #28]
            if( pxCurrentTCB == NULL )
 480:	070d4101 	streq	r4, [sp, -r1, lsl #2]
 484:	410d0d42 	tstmi	sp, r2, asr #26
                pxCurrentTCB = pxNewTCB;
 488:	00000ec7 	andeq	r0, r0, r7, asr #29
                if( uxCurrentNumberOfTasks == ( UBaseType_t ) 1 )
 48c:	0000001c 	andeq	r0, r0, ip, lsl r0
 490:	000000a4 	andeq	r0, r0, r4, lsr #1
                    prvInitialiseTaskLists();
 494:	00001138 	andeq	r1, r0, r8, lsr r1
 498:	00000034 	andeq	r0, r0, r4, lsr r0
                if( xSchedulerRunning == pdFALSE )
 49c:	87040e41 	strhi	r0, [r4, -r1, asr #28]
 4a0:	070d4101 	streq	r4, [sp, -r1, lsl #2]
                    if( pxCurrentTCB->uxPriority <= pxNewTCB->uxPriority )
 4a4:	410d0d52 	tstmi	sp, r2, asr sp
 4a8:	00000ec7 	andeq	r0, r0, r7, asr #29
 4ac:	00000024 	andeq	r0, r0, r4, lsr #32
                        pxCurrentTCB = pxNewTCB;
 4b0:	000000a4 	andeq	r0, r0, r4, lsr #1
 4b4:	0000116c 	andeq	r1, r0, ip, ror #2
            uxTaskNumber++;
 4b8:	0000001c 	andeq	r0, r0, ip, lsl r0
 4bc:	87040e41 	strhi	r0, [r4, -r1, asr #28]
            prvAddTaskToReadyList( pxNewTCB );
 4c0:	100e4101 	andne	r4, lr, r1, lsl #2
 4c4:	46070d41 	strmi	r0, [r7], -r1, asr #26
 4c8:	0d41040e 	cfstrdeq	mvd0, [r1, #-56]	; 0xffffffc8
 4cc:	0ec7410d 	poleqs	f4, f7, #5.0
 4d0:	00000000 	andeq	r0, r0, r0
 4d4:	00000024 	andeq	r0, r0, r4, lsr #32
 4d8:	000000a4 	andeq	r0, r0, r4, lsr #1
 4dc:	00001188 	andeq	r1, r0, r8, lsl #3
 4e0:	00000030 	andeq	r0, r0, r0, lsr r0
 4e4:	87040e41 	strhi	r0, [r4, -r1, asr #28]
 4e8:	180e4101 	stmdane	lr, {r0, r8, lr}
 4ec:	4f070d41 	svcmi	0x00070d41
 4f0:	0d41040e 	cfstrdeq	mvd0, [r1, #-56]	; 0xffffffc8
 4f4:	0ec7410d 	poleqs	f4, f7, #5.0
 4f8:	00000000 	andeq	r0, r0, r0
 4fc:	00000024 	andeq	r0, r0, r4, lsr #32
 500:	000000a4 	andeq	r0, r0, r4, lsr #1
 504:	000011b8 			; <UNDEFINED> instruction: 0x000011b8
 508:	00000030 	andeq	r0, r0, r0, lsr r0
 50c:	87040e41 	strhi	r0, [r4, -r1, asr #28]
 510:	100e4101 	andne	r4, lr, r1, lsl #2
 514:	4f070d41 	svcmi	0x00070d41
 518:	0d41040e 	cfstrdeq	mvd0, [r1, #-56]	; 0xffffffc8
 51c:	0ec7410d 	poleqs	f4, f7, #5.0
 520:	00000000 	andeq	r0, r0, r0
 524:	00000020 	andeq	r0, r0, r0, lsr #32
 528:	000000a4 	andeq	r0, r0, r4, lsr #1
 52c:	000011e8 	andeq	r1, r0, r8, ror #3
 530:	000000f0 	strdeq	r0, [r0], -r0	; <UNPREDICTABLE>
 534:	87080e41 	strhi	r0, [r8, -r1, asr #28]
 538:	41018e02 	tstmi	r1, r2, lsl #28
 53c:	0d41280e 	stcleq	8, cr2, [r1, #-56]	; 0xffffffc8
 540:	0e6f0207 	cdpeq	2, 6, cr0, cr15, cr7, {0}
        taskEXIT_CRITICAL();
 544:	0d0d4108 	stfeqs	f4, [sp, #-32]	; 0xffffffe0
        if( xSchedulerRunning != pdFALSE )
 548:	00000020 	andeq	r0, r0, r0, lsr #32
 54c:	000000a4 	andeq	r0, r0, r4, lsr #1
            taskYIELD_ANY_CORE_IF_USING_PREEMPTION( pxNewTCB );
 550:	000012d8 	ldrdeq	r1, [r0], -r8
 554:	00000124 	andeq	r0, r0, r4, lsr #2
 558:	87080e41 	strhi	r0, [r8, -r1, asr #28]
 55c:	41018e02 	tstmi	r1, r2, lsl #28
 560:	0d41280e 	stcleq	8, cr2, [r1, #-56]	; 0xffffffc8
 564:	0e880207 	cdpeq	2, 8, cr0, cr8, cr7, {0}
 568:	0d0d4108 	stfeqs	f4, [sp, #-32]	; 0xffffffe0
    }
 56c:	00000020 	andeq	r0, r0, r0, lsr #32
 570:	000000a4 	andeq	r0, r0, r4, lsr #1
 574:	000013fc 	strdeq	r1, [r0], -ip
 578:	000001d4 	ldrdeq	r0, [r0], -r4
 57c:	87080e41 	strhi	r0, [r8, -r1, asr #28]
 580:	41018e02 	tstmi	r1, r2, lsl #28
 584:	0d41300e 	stcleq	0, cr3, [r1, #-56]	; 0xffffffc8
 588:	0edc0207 	cdpeq	2, 13, cr0, cr12, cr7, {0}
 58c:	0d0d4108 	stfeqs	f4, [sp, #-32]	; 0xffffffe0
{
 590:	00000024 	andeq	r0, r0, r4, lsr #32
 594:	000000a4 	andeq	r0, r0, r4, lsr #1
    BaseType_t xReturn = pdPASS;
 598:	000015d0 	ldrdeq	r1, [r0], -r0
    char cIdleName[ configMAX_TASK_NAME_LEN ] = { 0 };
 59c:	0000024c 	andeq	r0, r0, ip, asr #4
 5a0:	87040e41 	strhi	r0, [r4, -r1, asr #28]
 5a4:	400e4101 	andmi	r4, lr, r1, lsl #2
    TaskFunction_t pxIdleTaskFunction = NULL;
 5a8:	03070d41 	movweq	r0, #32065	; 0x7d41
    for( xIdleTaskNameIndex = 0U; xIdleTaskNameIndex < ( configMAX_TASK_NAME_LEN - taskRESERVED_TASK_NAME_LENGTH ); xIdleTaskNameIndex++ )
 5ac:	040e0113 	streq	r0, [lr], #-275	; 0xfffffeed
 5b0:	410d0d41 	tstmi	sp, r1, asr #26
        cIdleName[ xIdleTaskNameIndex ] = configIDLE_TASK_NAME[ xIdleTaskNameIndex ];
 5b4:	00000ec7 	andeq	r0, r0, r7, asr #29
 5b8:	00000024 	andeq	r0, r0, r4, lsr #32
 5bc:	000000a4 	andeq	r0, r0, r4, lsr #1
 5c0:	0000181c 	andeq	r1, r0, ip, lsl r8
        if( cIdleName[ xIdleTaskNameIndex ] == ( char ) 0x00 )
 5c4:	000001bc 			; <UNDEFINED> instruction: 0x000001bc
 5c8:	87040e41 	strhi	r0, [r4, -r1, asr #28]
 5cc:	400e4101 	andmi	r4, lr, r1, lsl #2
    for( xIdleTaskNameIndex = 0U; xIdleTaskNameIndex < ( configMAX_TASK_NAME_LEN - taskRESERVED_TASK_NAME_LENGTH ); xIdleTaskNameIndex++ )
 5d0:	02070d41 	andeq	r0, r7, #4160	; 0x1040
 5d4:	41040ecb 	smlabtmi	r4, fp, lr, r0
 5d8:	c7410d0d 	strbgt	r0, [r1, -sp, lsl #26]
 5dc:	0000000e 	andeq	r0, r0, lr
    cIdleName[ xIdleTaskNameIndex ] = '\0';
 5e0:	00000020 	andeq	r0, r0, r0, lsr #32
 5e4:	000000a4 	andeq	r0, r0, r4, lsr #1
 5e8:	000019d8 	ldrdeq	r1, [r0], -r8
    for( xCoreID = ( BaseType_t ) 0; xCoreID < ( BaseType_t ) configNUMBER_OF_CORES; xCoreID++ )
 5ec:	00000058 	andeq	r0, r0, r8, asr r0
            pxIdleTaskFunction = &prvIdleTask;
 5f0:	87080e41 	strhi	r0, [r8, -r1, asr #28]
            xReturn = xTaskCreate( pxIdleTaskFunction,
 5f4:	41018e02 	tstmi	r1, r2, lsl #28
 5f8:	0d41180e 	stcleq	8, cr1, [r1, #-56]	; 0xffffffc8
 5fc:	080e6407 	stmdaeq	lr, {r0, r1, r2, sl, sp, lr}
 600:	000d0d41 	andeq	r0, sp, r1, asr #26
 604:	00000020 	andeq	r0, r0, r0, lsr #32
 608:	000000a4 	andeq	r0, r0, r4, lsr #1
 60c:	00001a30 	andeq	r1, r0, r0, lsr sl
 610:	00000060 	andeq	r0, r0, r0, rrx
        if( xReturn != pdPASS )
 614:	87080e41 	strhi	r0, [r8, -r1, asr #28]
    for( xCoreID = ( BaseType_t ) 0; xCoreID < ( BaseType_t ) configNUMBER_OF_CORES; xCoreID++ )
 618:	41018e02 	tstmi	r1, r2, lsl #28
 61c:	0d41200e 	stcleq	0, cr2, [r1, #-56]	; 0xffffffc8
 620:	080e6807 	stmdaeq	lr, {r0, r1, r2, fp, sp, lr}
 624:	000d0d41 	andeq	r0, sp, r1, asr #26
    return xReturn;
 628:	00000020 	andeq	r0, r0, r0, lsr #32
}
 62c:	000000a4 	andeq	r0, r0, r4, lsr #1
 630:	00001a90 	muleq	r0, r0, sl
 634:	000000ac 	andeq	r0, r0, ip, lsr #1
 638:	87080e41 	strhi	r0, [r8, -r1, asr #28]
 63c:	41018e02 	tstmi	r1, r2, lsl #28
{
 640:	0d41200e 	stcleq	0, cr2, [r1, #-56]	; 0xffffffc8
 644:	0e450207 	cdpeq	2, 4, cr0, cr5, cr7, {0}
    xReturn = prvCreateIdleTasks();
 648:	0d0d4108 	stfeqs	f4, [sp, #-32]	; 0xffffffe0
    if( xReturn == pdPASS )
 64c:	00000024 	andeq	r0, r0, r4, lsr #32
 650:	000000a4 	andeq	r0, r0, r4, lsr #1
    __asm volatile
 654:	00001b3c 	andeq	r1, r0, ip, lsr fp
 658:	00000094 	muleq	r0, r4, r0
 65c:	87040e41 	strhi	r0, [r4, -r1, asr #28]
 660:	100e4101 	andne	r4, lr, r1, lsl #2
}
 664:	6e070d41 	cdpvs	13, 0, cr0, cr7, cr1, {2}
        xNextTaskUnblockTime = portMAX_DELAY;
 668:	0d41040e 	cfstrdeq	mvd0, [r1, #-56]	; 0xffffffc8
 66c:	0ec7410d 	poleqs	f4, f7, #5.0
        xSchedulerRunning = pdTRUE;
 670:	00000000 	andeq	r0, r0, r0
        xTickCount = ( TickType_t ) configINITIAL_TICK_COUNT;
 674:	0000000c 	andeq	r0, r0, ip
 678:	ffffffff 			; <UNDEFINED> instruction: 0xffffffff
        ( void ) xPortStartScheduler();
 67c:	7c020001 	stcvc	0, cr0, [r2], {1}
    ( void ) uxTopUsedPriority;
 680:	000d0c0e 	andeq	r0, sp, lr, lsl #24
}
 684:	00000024 	andeq	r0, r0, r4, lsr #32
 688:	00000674 	andeq	r0, r0, r4, ror r6
 68c:	00001bd0 	ldrdeq	r1, [r0], -r0
 690:	0000003e 	andeq	r0, r0, lr, lsr r0
 694:	87040e41 	strhi	r0, [r4, -r1, asr #28]
 698:	100e4101 	andne	r4, lr, r1, lsl #2
{
 69c:	59070d41 	stmdbpl	r7, {r0, r6, r8, sl, fp}
 6a0:	0d41040e 	cfstrdeq	mvd0, [r1, #-56]	; 0xffffffc8
    __asm volatile
 6a4:	0ec7410d 	poleqs	f4, f7, #5.0
 6a8:	00000000 	andeq	r0, r0, r0
 6ac:	00000024 	andeq	r0, r0, r4, lsr #32
 6b0:	00000674 	andeq	r0, r0, r4, ror r6
}
 6b4:	00001c0e 	andeq	r1, r0, lr, lsl #24
    xSchedulerRunning = pdFALSE;
 6b8:	00000018 	andeq	r0, r0, r8, lsl r0
    vPortEndScheduler();
 6bc:	87040e41 	strhi	r0, [r4, -r1, asr #28]
}
 6c0:	100e4101 	andne	r4, lr, r1, lsl #2
 6c4:	46070d41 	strmi	r0, [r7], -r1, asr #26
 6c8:	0d41040e 	cfstrdeq	mvd0, [r1, #-56]	; 0xffffffc8
{
 6cc:	0ec7410d 	poleqs	f4, f7, #5.0
        uxSchedulerSuspended = ( UBaseType_t ) ( uxSchedulerSuspended + 1U );
 6d0:	00000000 	andeq	r0, r0, r0
 6d4:	00000024 	andeq	r0, r0, r4, lsr #32
 6d8:	00000674 	andeq	r0, r0, r4, ror r6
}
 6dc:	00001c26 	andeq	r1, r0, r6, lsr #24
 6e0:	00000046 	andeq	r0, r0, r6, asr #32
 6e4:	87040e41 	strhi	r0, [r4, -r1, asr #28]
{
 6e8:	180e4101 	stmdane	lr, {r0, r8, lr}
 6ec:	5d070d41 	stcpl	13, cr0, [r7, #-260]	; 0xfffffefc
    TCB_t * pxTCB = NULL;
 6f0:	0d41040e 	cfstrdeq	mvd0, [r1, #-56]	; 0xffffffc8
    BaseType_t xAlreadyYielded = pdFALSE;
 6f4:	0ec7410d 	poleqs	f4, f7, #5.0
        taskENTER_CRITICAL();
 6f8:	00000000 	andeq	r0, r0, r0
            const BaseType_t xCoreID = ( BaseType_t ) portGET_CORE_ID();
 6fc:	00000024 	andeq	r0, r0, r4, lsr #32
            uxSchedulerSuspended = ( UBaseType_t ) ( uxSchedulerSuspended - 1U );
 700:	00000674 	andeq	r0, r0, r4, ror r6
 704:	00001c6c 	andeq	r1, r0, ip, ror #24
            if( uxSchedulerSuspended == ( UBaseType_t ) 0U )
 708:	00000070 	andeq	r0, r0, r0, ror r0
 70c:	87040e41 	strhi	r0, [r4, -r1, asr #28]
 710:	180e4101 	stmdane	lr, {r0, r8, lr}
                if( uxCurrentNumberOfTasks > ( UBaseType_t ) 0U )
 714:	72070d41 	andvc	r0, r7, #4160	; 0x1040
 718:	0d41040e 	cfstrdeq	mvd0, [r1, #-56]	; 0xffffffc8
                    while( listLIST_IS_EMPTY( &xPendingReadyList ) == pdFALSE )
 71c:	0ec7410d 	poleqs	f4, f7, #5.0
                        pxTCB = listGET_OWNER_OF_HEAD_ENTRY( ( &xPendingReadyList ) );
 720:	00000000 	andeq	r0, r0, r0
 724:	00000024 	andeq	r0, r0, r4, lsr #32
                        listREMOVE_ITEM( &( pxTCB->xEventListItem ) );
 728:	00000674 	andeq	r0, r0, r4, ror r6
 72c:	00001cdc 	ldrdeq	r1, [r0], -ip
 730:	00000052 	andeq	r0, r0, r2, asr r0
 734:	87040e41 	strhi	r0, [r4, -r1, asr #28]
 738:	180e4101 	stmdane	lr, {r0, r8, lr}
 73c:	63070d41 	movwvs	r0, #32065	; 0x7d41
 740:	0d41040e 	cfstrdeq	mvd0, [r1, #-56]	; 0xffffffc8
 744:	0ec7410d 	poleqs	f4, f7, #5.0
 748:	00000000 	andeq	r0, r0, r0
 74c:	0000000c 	andeq	r0, r0, ip
 750:	ffffffff 			; <UNDEFINED> instruction: 0xffffffff
 754:	7c020001 	stcvc	0, cr0, [r2], {1}
 758:	000d0c0e 	andeq	r0, sp, lr, lsl #24
 75c:	00000020 	andeq	r0, r0, r0, lsr #32
 760:	0000074c 	andeq	r0, r0, ip, asr #14
                        listREMOVE_ITEM( &( pxTCB->xStateListItem ) );
 764:	00001d30 	andeq	r1, r0, r0, lsr sp
 768:	00000164 	andeq	r0, r0, r4, ror #2
 76c:	87080e41 	strhi	r0, [r8, -r1, asr #28]
 770:	41018e02 	tstmi	r1, r2, lsl #28
 774:	0d41280e 	stcleq	8, cr2, [r1, #-56]	; 0xffffffc8
 778:	0ea30207 	cdpeq	2, 10, cr0, cr3, cr7, {0}
 77c:	0d0d4108 	stfeqs	f4, [sp, #-32]	; 0xffffffe0
 780:	00000020 	andeq	r0, r0, r0, lsr #32
 784:	0000074c 	andeq	r0, r0, ip, asr #14
 788:	00001e94 	muleq	r0, r4, lr
 78c:	0000007c 	andeq	r0, r0, ip, ror r0
 790:	87080e41 	strhi	r0, [r8, -r1, asr #28]
 794:	41018e02 	tstmi	r1, r2, lsl #28
 798:	0d41180e 	stcleq	8, cr1, [r1, #-56]	; 0xffffffc8
 79c:	080e7407 	stmdaeq	lr, {r0, r1, r2, sl, ip, sp, lr}
 7a0:	000d0d41 	andeq	r0, sp, r1, asr #26
                        prvAddTaskToReadyList( pxTCB );
 7a4:	0000001c 	andeq	r0, r0, ip, lsl r0
 7a8:	0000074c 	andeq	r0, r0, ip, asr #14
 7ac:	00001f10 	andeq	r1, r0, r0, lsl pc
 7b0:	00000014 	andeq	r0, r0, r4, lsl r0
 7b4:	87040e41 	strhi	r0, [r4, -r1, asr #28]
 7b8:	070d4101 	streq	r4, [sp, -r1, lsl #2]
 7bc:	410d0d44 	tstmi	sp, r4, asr #26
 7c0:	00000ec7 	andeq	r0, r0, r7, asr #29
 7c4:	0000001c 	andeq	r0, r0, ip, lsl r0
 7c8:	0000074c 	andeq	r0, r0, ip, asr #14
 7cc:	00001f24 	andeq	r1, r0, r4, lsr #30
 7d0:	00000014 	andeq	r0, r0, r4, lsl r0
 7d4:	87040e41 	strhi	r0, [r4, -r1, asr #28]
 7d8:	070d4101 	streq	r4, [sp, -r1, lsl #2]
 7dc:	410d0d44 	tstmi	sp, r4, asr #26
 7e0:	00000ec7 	andeq	r0, r0, r7, asr #29
 7e4:	0000001c 	andeq	r0, r0, ip, lsl r0
 7e8:	0000074c 	andeq	r0, r0, ip, asr #14
 7ec:	00001f38 	andeq	r1, r0, r8, lsr pc
 7f0:	0000001c 	andeq	r0, r0, ip, lsl r0
 7f4:	87040e41 	strhi	r0, [r4, -r1, asr #28]
 7f8:	070d4101 	streq	r4, [sp, -r1, lsl #2]
 7fc:	410d0d46 	tstmi	sp, r6, asr #26
 800:	00000ec7 	andeq	r0, r0, r7, asr #29
 804:	0000001c 	andeq	r0, r0, ip, lsl r0
 808:	0000074c 	andeq	r0, r0, ip, asr #14
 80c:	00001f54 	andeq	r1, r0, r4, asr pc
 810:	0000000c 	andeq	r0, r0, ip
 814:	87040e41 	strhi	r0, [r4, -r1, asr #28]
 818:	070d4101 	streq	r4, [sp, -r1, lsl #2]
 81c:	410d0d42 	tstmi	sp, r2, asr #26
 820:	00000ec7 	andeq	r0, r0, r7, asr #29
                            if( pxTCB->uxPriority > pxCurrentTCB->uxPriority )
 824:	00000020 	andeq	r0, r0, r0, lsr #32
 828:	0000074c 	andeq	r0, r0, ip, asr #14
 82c:	00001f60 	andeq	r1, r0, r0, ror #30
 830:	00000060 	andeq	r0, r0, r0, rrx
                                xYieldPendings[ xCoreID ] = pdTRUE;
 834:	87080e41 	strhi	r0, [r8, -r1, asr #28]
 838:	41018e02 	tstmi	r1, r2, lsl #28
                    while( listLIST_IS_EMPTY( &xPendingReadyList ) == pdFALSE )
 83c:	0d41180e 	stcleq	8, cr1, [r1, #-56]	; 0xffffffc8
 840:	080e6b07 	stmdaeq	lr, {r0, r1, r2, r8, r9, fp, sp, lr}
 844:	000d0d41 	andeq	r0, sp, r1, asr #26
                    if( pxTCB != NULL )
 848:	00000024 	andeq	r0, r0, r4, lsr #32
                        prvResetNextTaskUnblockTime();
 84c:	0000074c 	andeq	r0, r0, ip, asr #14
                        TickType_t xPendedCounts = xPendedTicks; /* Non-volatile copy. */
 850:	00001fc0 	andeq	r1, r0, r0, asr #31
 854:	000000b4 	strheq	r0, [r0], -r4
                        if( xPendedCounts > ( TickType_t ) 0U )
 858:	87040e41 	strhi	r0, [r4, -r1, asr #28]
                                if( xTaskIncrementTick() != pdFALSE )
 85c:	180e4101 	stmdane	lr, {r0, r8, lr}
 860:	02070d41 	andeq	r0, r7, #4160	; 0x1040
 864:	41040e49 	tstmi	r4, r9, asr #28
                                    xYieldPendings[ xCoreID ] = pdTRUE;
 868:	c7410d0d 	strbgt	r0, [r1, -sp, lsl #26]
 86c:	0000000e 	andeq	r0, r0, lr
                                --xPendedCounts;
 870:	00000024 	andeq	r0, r0, r4, lsr #32
 874:	0000074c 	andeq	r0, r0, ip, asr #14
                            } while( xPendedCounts > ( TickType_t ) 0U );
 878:	00002074 	andeq	r2, r0, r4, ror r0
                            xPendedTicks = 0;
 87c:	000000b0 	strheq	r0, [r0], -r0	; <UNPREDICTABLE>
 880:	87040e41 	strhi	r0, [r4, -r1, asr #28]
                    if( xYieldPendings[ xCoreID ] != pdFALSE )
 884:	180e4101 	stmdane	lr, {r0, r8, lr}
 888:	02070d41 	andeq	r0, r7, #4160	; 0x1040
 88c:	41040e4e 	tstmi	r4, lr, asr #28
                            xAlreadyYielded = pdTRUE;
 890:	c7410d0d 	strbgt	r0, [r1, -sp, lsl #26]
                            taskYIELD_TASK_CORE_IF_USING_PREEMPTION( pxCurrentTCB );
 894:	0000000e 	andeq	r0, r0, lr
 898:	00000020 	andeq	r0, r0, r0, lsr #32
 89c:	0000074c 	andeq	r0, r0, ip, asr #14
 8a0:	00002124 	andeq	r2, r0, r4, lsr #2
 8a4:	000000bc 	strheq	r0, [r0], -ip
        taskEXIT_CRITICAL();
 8a8:	87080e41 	strhi	r0, [r8, -r1, asr #28]
}
 8ac:	41018e02 	tstmi	r1, r2, lsl #28
 8b0:	0d41200e 	stcleq	0, cr2, [r1, #-56]	; 0xffffffc8
 8b4:	0e4d0207 	cdpeq	2, 4, cr0, cr13, cr7, {0}
 8b8:	0d0d4108 	stfeqs	f4, [sp, #-32]	; 0xffffffe0
 8bc:	0000001c 	andeq	r0, r0, ip, lsl r0
 8c0:	0000074c 	andeq	r0, r0, ip, asr #14
 8c4:	000021e0 	andeq	r2, r0, r0, ror #3
 8c8:	00000040 	andeq	r0, r0, r0, asr #32
 8cc:	87040e41 	strhi	r0, [r4, -r1, asr #28]
 8d0:	070d4101 	streq	r4, [sp, -r1, lsl #2]
 8d4:	410d0d51 	tstmi	sp, r1, asr sp
{
 8d8:	00000ec7 	andeq	r0, r0, r7, asr #29
 8dc:	0000000c 	andeq	r0, r0, ip
        xTicks = xTickCount;
 8e0:	ffffffff 			; <UNDEFINED> instruction: 0xffffffff
    return xTicks;
 8e4:	7c020001 	stcvc	0, cr0, [r2], {1}
}
 8e8:	000d0c0e 	andeq	r0, sp, lr, lsl #24
 8ec:	00000024 	andeq	r0, r0, r4, lsr #32
 8f0:	000008dc 	ldrdeq	r0, [r0], -ip
{
 8f4:	00002220 	andeq	r2, r0, r0, lsr #4
 8f8:	00000058 	andeq	r0, r0, r8, asr r0
    uxSavedInterruptStatus = portTICK_TYPE_SET_INTERRUPT_MASK_FROM_ISR();
 8fc:	87040e41 	strhi	r0, [r4, -r1, asr #28]
        xReturn = xTickCount;
 900:	180e4101 	stmdane	lr, {r0, r8, lr}
    return xReturn;
 904:	64070d41 	strvs	r0, [r7], #-3393	; 0xfffff2bf
}
 908:	0d41040e 	cfstrdeq	mvd0, [r1, #-56]	; 0xffffffc8
 90c:	0ec7410d 	poleqs	f4, f7, #5.0
 910:	00000000 	andeq	r0, r0, r0
{
 914:	00000024 	andeq	r0, r0, r4, lsr #32
    return uxCurrentNumberOfTasks;
 918:	000008dc 	ldrdeq	r0, [r0], -ip
}
 91c:	00002278 	andeq	r2, r0, r8, ror r2
 920:	00000032 	andeq	r0, r0, r2, lsr r0
 924:	87040e41 	strhi	r0, [r4, -r1, asr #28]
{
 928:	100e4101 	andne	r4, lr, r1, lsl #2
 92c:	53070d41 	movwpl	r0, #32065	; 0x7d41
    pxTCB = prvGetTCBFromHandle( xTaskToQuery );
 930:	0d41040e 	cfstrdeq	mvd0, [r1, #-56]	; 0xffffffc8
 934:	0ec7410d 	poleqs	f4, f7, #5.0
 938:	00000000 	andeq	r0, r0, r0
 93c:	0000000c 	andeq	r0, r0, ip
    return &( pxTCB->pcTaskName[ 0 ] );
 940:	000008dc 	ldrdeq	r0, [r0], -ip
}
 944:	000022aa 	andeq	r2, r0, sl, lsr #5
 948:	00000028 	andeq	r0, r0, r8, lsr #32
 94c:	0000000c 	andeq	r0, r0, ip
 950:	000008dc 	ldrdeq	r0, [r0], -ip
{
 954:	000022d2 	ldrdeq	r2, [r0], -r2	; <UNPREDICTABLE>
 958:	00000020 	andeq	r0, r0, r0, lsr #32
    vTaskSuspendAll();
 95c:	00000020 	andeq	r0, r0, r0, lsr #32
    taskENTER_CRITICAL();
 960:	000008dc 	ldrdeq	r0, [r0], -ip
        xPendedTicks += xTicksToCatchUp;
 964:	000022f2 	strdeq	r2, [r0], -r2	; <UNPREDICTABLE>
 968:	0000005a 	andeq	r0, r0, sl, asr r0
 96c:	87080e41 	strhi	r0, [r8, -r1, asr #28]
    taskEXIT_CRITICAL();
 970:	41018e02 	tstmi	r1, r2, lsl #28
    xYieldOccurred = xTaskResumeAll();
 974:	0d41100e 	stcleq	0, cr1, [r1, #-56]	; 0xffffffc8
 978:	080e6007 	stmdaeq	lr, {r0, r1, r2, sp, lr}
}
 97c:	000d0d41 	andeq	r0, sp, r1, asr #26
 980:	0000001c 	andeq	r0, r0, ip, lsl r0
 984:	000008dc 	ldrdeq	r0, [r0], -ip
{
 988:	0000234c 	andeq	r2, r0, ip, asr #6
 98c:	0000000c 	andeq	r0, r0, ip
    BaseType_t xSwitchRequired = pdFALSE;
 990:	87040e41 	strhi	r0, [r4, -r1, asr #28]
    if( uxSchedulerSuspended == ( UBaseType_t ) 0U )
 994:	070d4101 	streq	r4, [sp, -r1, lsl #2]
 998:	410d0d42 	tstmi	sp, r2, asr #26
        const TickType_t xConstTickCount = xTickCount + ( TickType_t ) 1;
 99c:	00000ec7 	andeq	r0, r0, r7, asr #29
 9a0:	00000024 	andeq	r0, r0, r4, lsr #32
        xTickCount = xConstTickCount;
 9a4:	000008dc 	ldrdeq	r0, [r0], -ip
 9a8:	00002358 	andeq	r2, r0, r8, asr r3
        if( xConstTickCount == ( TickType_t ) 0U )
 9ac:	00000034 	andeq	r0, r0, r4, lsr r0
            taskSWITCH_DELAYED_LISTS();
 9b0:	87040e41 	strhi	r0, [r4, -r1, asr #28]
 9b4:	100e4101 	andne	r4, lr, r1, lsl #2
 9b8:	51070d41 	tstpl	r7, r1, asr #26
 9bc:	0d41040e 	cfstrdeq	mvd0, [r1, #-56]	; 0xffffffc8
 9c0:	0ec7410d 	poleqs	f4, f7, #5.0
 9c4:	00000000 	andeq	r0, r0, r0
 9c8:	00000024 	andeq	r0, r0, r4, lsr #32
 9cc:	000008dc 	ldrdeq	r0, [r0], -ip
 9d0:	0000238c 	andeq	r2, r0, ip, lsl #7
        if( xConstTickCount >= xNextTaskUnblockTime )
 9d4:	00000034 	andeq	r0, r0, r4, lsr r0
 9d8:	87040e41 	strhi	r0, [r4, -r1, asr #28]
 9dc:	100e4101 	andne	r4, lr, r1, lsl #2
                if( listLIST_IS_EMPTY( pxDelayedTaskList ) != pdFALSE )
 9e0:	51070d41 	tstpl	r7, r1, asr #26
 9e4:	0d41040e 	cfstrdeq	mvd0, [r1, #-56]	; 0xffffffc8
                    xNextTaskUnblockTime = portMAX_DELAY;
 9e8:	0ec7410d 	poleqs	f4, f7, #5.0
 9ec:	00000000 	andeq	r0, r0, r0
                    break;
 9f0:	0000000c 	andeq	r0, r0, ip
                    pxTCB = listGET_OWNER_OF_HEAD_ENTRY( pxDelayedTaskList );
 9f4:	000008dc 	ldrdeq	r0, [r0], -ip
 9f8:	000023c0 	andeq	r2, r0, r0, asr #7
                    xItemValue = listGET_LIST_ITEM_VALUE( &( pxTCB->xStateListItem ) );
 9fc:	00000046 	andeq	r0, r0, r6, asr #32
 a00:	00000020 	andeq	r0, r0, r0, lsr #32
                    if( xConstTickCount < xItemValue )
 a04:	000008dc 	ldrdeq	r0, [r0], -ip
 a08:	00002406 	andeq	r2, r0, r6, lsl #8
                        xNextTaskUnblockTime = xItemValue;
 a0c:	00000046 	andeq	r0, r0, r6, asr #32
                        break;
 a10:	87080e41 	strhi	r0, [r8, -r1, asr #28]
                    listREMOVE_ITEM( &( pxTCB->xStateListItem ) );
 a14:	41018e02 	tstmi	r1, r2, lsl #28
 a18:	0d41100e 	stcleq	0, cr1, [r1, #-56]	; 0xffffffc8
 a1c:	080e5b07 	stmdaeq	lr, {r0, r1, r2, r8, r9, fp, ip, lr}
 a20:	000d0d41 	andeq	r0, sp, r1, asr #26
 a24:	0000001c 	andeq	r0, r0, ip, lsl r0
 a28:	000008dc 	ldrdeq	r0, [r0], -ip
 a2c:	0000244c 	andeq	r2, r0, ip, asr #8
 a30:	00000034 	andeq	r0, r0, r4, lsr r0
 a34:	87040e41 	strhi	r0, [r4, -r1, asr #28]
 a38:	070d4101 	streq	r4, [sp, -r1, lsl #2]
 a3c:	410d0d4e 	tstmi	sp, lr, asr #26
 a40:	00000ec7 	andeq	r0, r0, r7, asr #29
